Region,Sub-region,Country,Indicator,Year,Count
Europe,Southern Europe,Albania,Total persons held,2003,2561
Europe,Southern Europe,Albania,Total persons held,2004,2321
Europe,Southern Europe,Albania,Total persons held,2005,2592
Europe,Southern Europe,Albania,Total persons held,2006,2857
Europe,Southern Europe,Albania,Total persons held,2007,2790
Europe,Southern Europe,Albania,Total persons held,2008,4916
Europe,Southern Europe,Albania,Personnel responsible for Education/Training/Health ,2016,407
Europe,Southern Europe,Albania,"Personnel responsible for Administration/Management/Other",2017,1475
Europe,Southern Europe,Albania,"Personnel responsible for Administration/Management/Other",2016,1475
Europe,Southern Europe,Albania,Prison staff Females,2004,228
Europe,Southern Europe,Albania,Prison staff Females,2017,583
Europe,Southern Europe,Albania,Prison staff Females,2016,583
Europe,Southern Europe,Albania,Personnel responsible for Surveillance,2017,2082
Europe,Southern Europe,Albania,Personnel responsible for Surveillance,2016,2082
Europe,Southern Europe,Albania,Personnel responsible for Education/Training/Health ,2017,407
Europe,Southern Europe,Albania,Prison staff Females,2010,578
Europe,Southern Europe,Albania,Prison staff Females,2009,507
Europe,Southern Europe,Albania,Prison staff Females,2008,424
Europe,Southern Europe,Albania,Prison staff Females,2007,349
Europe,Southern Europe,Albania,Prison staff Females,2006,274
Europe,Southern Europe,Albania,Prison staff Females,2005,263
Europe,Southern Europe,Albania,Prison staff Males,2016,3389
Europe,Southern Europe,Albania,Prison staff Females,2015,612
Europe,Southern Europe,Albania,Prison staff Females,2014,555
Europe,Southern Europe,Albania,Prison staff Females,2013,488
Europe,Southern Europe,Albania,Prison staff Females,2012,546
Europe,Southern Europe,Albania,Prison staff Females,2011,546
Europe,Southern Europe,Albania,Prison staff Males,2008,3150
Europe,Southern Europe,Albania,Prison staff Males,2007,2410
Europe,Southern Europe,Albania,Prison staff Males,2006,2115
Europe,Southern Europe,Albania,Prison staff Males,2005,2073
Europe,Southern Europe,Albania,Prison staff Males,2004,1629
Europe,Southern Europe,Albania,Prison staff Males,2017,3389
Europe,Southern Europe,Albania,Prison staff Males,2014,3124
Europe,Southern Europe,Albania,Prison staff Males,2013,3096
Europe,Southern Europe,Albania,Prison staff Males,2012,3139
Europe,Southern Europe,Albania,Prison staff Males,2011,3139
Europe,Southern Europe,Albania,Prison staff Males,2010,3043
Europe,Southern Europe,Albania,Prison staff Males,2009,3406
Europe,Southern Europe,Albania,Total persons held,2015,5981
Europe,Southern Europe,Albania,Total persons held,2016,6031
Europe,Southern Europe,Albania,Total persons held,2017,5674
Europe,Southern Europe,Albania,Total prison staff Males & Females,2017,3964
Europe,Southern Europe,Albania,Total prison staff Males & Females,2016,3964
Europe,Southern Europe,Albania,Prison staff Males,2015,3516
Europe,Southern Europe,Albania,Total persons held,2009,4667
Europe,Southern Europe,Albania,Total persons held,2010,4657
Europe,Southern Europe,Albania,Total persons held,2011,4659
Europe,Southern Europe,Albania,Total persons held,2012,4618
Europe,Southern Europe,Albania,Total persons held,2013,4998
Europe,Southern Europe,Albania,Total persons held,2014,5689
Europe,Western Europe,Austria,Total persons held,2005,8956
Europe,Western Europe,Austria,Total persons held,2006,9005
Europe,Western Europe,Austria,Total persons held,2007,9012
Europe,Western Europe,Austria,Total persons held,2008,8248
Europe,Western Europe,Austria,Total persons held,2009,8708
Europe,Western Europe,Austria,Total persons held,2010,8813
Europe,Western Europe,Austria,Personnel responsible for Education/Training/Health ,2016,819
Europe,Western Europe,Austria,Personnel responsible for Education/Training/Health ,2015,792
Europe,Western Europe,Austria,Personnel responsible for Education/Training/Health ,2017,799
Europe,Western Europe,Austria,"Personnel responsible for Administration/Management/Other",2016,242
Europe,Western Europe,Austria,"Personnel responsible for Administration/Management/Other",2015,239
Europe,Western Europe,Austria,"Personnel responsible for Administration/Management/Other",2017,250
Europe,Western Europe,Austria,Prison staff Females,2016,1132
Europe,Western Europe,Austria,Prison staff Females,2015,1102
Europe,Western Europe,Austria,Prison staff Females,2017,1133
Europe,Western Europe,Austria,Personnel responsible for Surveillance,2016,3121
Europe,Western Europe,Austria,Personnel responsible for Surveillance,2015,3160
Europe,Western Europe,Austria,Personnel responsible for Surveillance,2017,3109
Europe,Western Europe,Austria,Prison staff Females,2014,1025
Europe,Western Europe,Austria,Prison staff Females,2013,961
Europe,Western Europe,Austria,Prison staff Females,2012,935
Europe,Western Europe,Austria,Prison staff Females,2011,929
Europe,Western Europe,Austria,Prison staff Females,2010,918
Europe,Western Europe,Austria,Prison staff Females,2009,907
Europe,Western Europe,Austria,Prison staff Males,2011,3083
Europe,Western Europe,Austria,Prison staff Males,2010,3096
Europe,Western Europe,Austria,Prison staff Males,2009,3070
Europe,Western Europe,Austria,Prison staff Males,2016,3050
Europe,Western Europe,Austria,Prison staff Males,2015,3089
Europe,Western Europe,Austria,Prison staff Males,2017,3025
Europe,Western Europe,Austria,Total prison staff Males & Females,2016,4182
Europe,Western Europe,Austria,Total prison staff Males & Females,2015,4191
Europe,Western Europe,Austria,Total prison staff Males & Females,2017,4158
Europe,Western Europe,Austria,Prison staff Males,2014,3020
Europe,Western Europe,Austria,Prison staff Males,2013,2999
Europe,Western Europe,Austria,Prison staff Males,2012,3050
Europe,Western Europe,Austria,Total persons held,2011,8954
Europe,Western Europe,Austria,Total persons held,2012,8805
Europe,Western Europe,Austria,Total persons held,2013,8862
Europe,Western Europe,Austria,Total persons held,2014,8692
Europe,Western Europe,Austria,Total persons held,2016,8619
Europe,Western Europe,Austria,Total persons held,2017,8852
Europe,Eastern Europe,Bulgaria,Total persons held,2003,10066
Europe,Eastern Europe,Bulgaria,Total persons held,2004,10871
Europe,Eastern Europe,Bulgaria,Total persons held,2005,11436
Europe,Eastern Europe,Bulgaria,Total persons held,2006,11058
Europe,Eastern Europe,Bulgaria,Total persons held,2007,10271
Europe,Eastern Europe,Bulgaria,Total persons held,2008,9408
Europe,Eastern Europe,Bulgaria,Total prison staff Males & Females,2017,1643
Europe,Eastern Europe,Bulgaria,Prison staff Males,2017,1540
Europe,Eastern Europe,Bulgaria,Prison staff Females,2017,103
Europe,Eastern Europe,Bulgaria,Personnel responsible for Surveillance,2017,1643
Europe,Eastern Europe,Bulgaria,Personnel responsible for Education/Training/Health ,2017,105
Europe,Eastern Europe,Bulgaria,"Personnel responsible for Administration/Management/Other",2017,893
Europe,Eastern Europe,Bulgaria,Total persons held,2015,7408
Europe,Eastern Europe,Bulgaria,Total persons held,2016,7345
Europe,Eastern Europe,Bulgaria,Total persons held,2017,6988
Europe,Eastern Europe,Bulgaria,Total prison staff Males & Females,2016,2849
Europe,Eastern Europe,Bulgaria,Total prison staff Males & Females,2015,2810
Europe,Eastern Europe,Bulgaria,Total prison staff Males & Females,2014,2797
Europe,Eastern Europe,Bulgaria,Total persons held,2009,9006
Europe,Eastern Europe,Bulgaria,Total persons held,2010,9379
Europe,Eastern Europe,Bulgaria,Total persons held,2011,9885
Europe,Eastern Europe,Bulgaria,Total persons held,2012,9493
Europe,Eastern Europe,Bulgaria,Total persons held,2013,8834
Europe,Eastern Europe,Bulgaria,Total persons held,2014,7870
Europe,Southern Europe,Croatia,Total persons held,2003,2805
Europe,Southern Europe,Croatia,Total persons held,2004,3029
Europe,Southern Europe,Croatia,Total persons held,2005,3485
Europe,Southern Europe,Croatia,Total persons held,2006,3833
Europe,Southern Europe,Croatia,Total persons held,2007,4290
Europe,Southern Europe,Croatia,Total persons held,2008,4734
Europe,Southern Europe,Croatia,Prison staff Females,2015,868
Europe,Southern Europe,Croatia,Prison staff Females,2014,735
Europe,Southern Europe,Croatia,Prison staff Males,2014,2050
Europe,Southern Europe,Croatia,Prison staff Males,2015,1873
Europe,Southern Europe,Croatia,Total persons held,2016,3108
Europe,Southern Europe,Croatia,Total persons held,2017,3108
Europe,Southern Europe,Croatia,Total prison staff Males & Females,2015,2741
Europe,Southern Europe,Croatia,Total prison staff Males & Females,2014,2785
Europe,Southern Europe,Croatia,Total persons held,2013,4352
Europe,Southern Europe,Croatia,Total persons held,2014,3763
Europe,Southern Europe,Croatia,Total persons held,2015,3341
Europe,Southern Europe,Croatia,Total persons held,2009,4891
Europe,Southern Europe,Croatia,Total persons held,2010,5165
Europe,Southern Europe,Croatia,Total persons held,2011,5084
Europe,Southern Europe,Croatia,Total persons held,2012,4741
Europe,Eastern Europe,Czech Republic,Total persons held,2004,18343
Europe,Eastern Europe,Czech Republic,Total persons held,2005,18937
Europe,Eastern Europe,Czech Republic,Total persons held,2006,18578
Europe,Eastern Europe,Czech Republic,Total persons held,2007,18901
Europe,Eastern Europe,Czech Republic,Total persons held,2008,20502
Europe,Eastern Europe,Czech Republic,Total persons held,2009,21853
Europe,Eastern Europe,Czech Republic,Prison staff Females,2015,2684
Europe,Eastern Europe,Czech Republic,Prison staff Females,2014,2606
Europe,Eastern Europe,Czech Republic,Prison staff Females,2017,2891
Europe,Eastern Europe,Czech Republic,Prison staff Females,2016,2690
Europe,Eastern Europe,Czech Republic,Prison staff Females,2011,2570
Europe,Eastern Europe,Czech Republic,Prison staff Females,2010,2531
Europe,Eastern Europe,Czech Republic,Prison staff Females,2009,2560
Europe,Eastern Europe,Czech Republic,Prison staff Females,2008,2531
Europe,Eastern Europe,Czech Republic,Prison staff Females,2007,2492
Europe,Eastern Europe,Czech Republic,Prison staff Females,2006,2504
Europe,Eastern Europe,Czech Republic,Prison staff Males,2015,8224
Europe,Eastern Europe,Czech Republic,Prison staff Males,2014,8067
Europe,Eastern Europe,Czech Republic,Prison staff Males,2017,8160
Europe,Eastern Europe,Czech Republic,Prison staff Males,2016,8195
Europe,Eastern Europe,Czech Republic,Prison staff Females,2013,2572
Europe,Eastern Europe,Czech Republic,Prison staff Females,2012,2661
Europe,Eastern Europe,Czech Republic,Prison staff Males,2011,8003
Europe,Eastern Europe,Czech Republic,Prison staff Males,2010,7916
Europe,Eastern Europe,Czech Republic,Prison staff Males,2009,8142
Europe,Eastern Europe,Czech Republic,Prison staff Males,2008,7923
Europe,Eastern Europe,Czech Republic,Prison staff Males,2007,8013
Europe,Eastern Europe,Czech Republic,Prison staff Males,2006,8187
Europe,Eastern Europe,Czech Republic,Total prison staff Males & Females,2015,10908
Europe,Eastern Europe,Czech Republic,Total prison staff Males & Females,2014,10673
Europe,Eastern Europe,Czech Republic,Total prison staff Males & Females,2017,11051
Europe,Eastern Europe,Czech Republic,Total prison staff Males & Females,2016,10885
Europe,Eastern Europe,Czech Republic,Prison staff Males,2013,8036
Europe,Eastern Europe,Czech Republic,Prison staff Males,2012,8303
Europe,Eastern Europe,Czech Republic,Total persons held,2013,16645
Europe,Eastern Europe,Czech Republic,Total persons held,2014,18658
Europe,Eastern Europe,Czech Republic,Total persons held,2015,20866
Europe,Eastern Europe,Czech Republic,Total persons held,2016,22481
Europe,Eastern Europe,Czech Republic,Total persons held,2017,22159
Europe,Eastern Europe,Czech Republic,Total persons held,2010,21900
Europe,Eastern Europe,Czech Republic,Total persons held,2011,23170
Europe,Eastern Europe,Czech Republic,Total persons held,2012,22644
Europe,Northern Europe,Denmark,Total persons held,2003,3641
Europe,Northern Europe,Denmark,Total persons held,2004,3767
Europe,Northern Europe,Denmark,Total persons held,2005,4041
Europe,Northern Europe,Denmark,Total persons held,2006,3932
Europe,Northern Europe,Denmark,Total persons held,2007,3624
Europe,Northern Europe,Denmark,Total persons held,2008,3451
Europe,Northern Europe,Denmark,Personnel responsible for Education/Training/Health ,2014,409
Europe,Northern Europe,Denmark,"Personnel responsible for Administration/Management/Other",2017,339
Europe,Northern Europe,Denmark,"Personnel responsible for Administration/Management/Other",2016,355
Europe,Northern Europe,Denmark,"Personnel responsible for Administration/Management/Other",2015,292
Europe,Northern Europe,Denmark,"Personnel responsible for Administration/Management/Other",2014,416
Europe,Northern Europe,Denmark,Personnel responsible for Surveillance,2016,2554
Europe,Northern Europe,Denmark,Personnel responsible for Surveillance,2015,2714
Europe,Northern Europe,Denmark,Personnel responsible for Surveillance,2014,2884
Europe,Northern Europe,Denmark,Personnel responsible for Education/Training/Health ,2017,339
Europe,Northern Europe,Denmark,Personnel responsible for Education/Training/Health ,2016,373
Europe,Northern Europe,Denmark,Personnel responsible for Education/Training/Health ,2015,395
Europe,Northern Europe,Denmark,Prison staff Females,2004,1535
Europe,Northern Europe,Denmark,Prison staff Females,2017,1270
Europe,Northern Europe,Denmark,Prison staff Females,2016,1307
Europe,Northern Europe,Denmark,Prison staff Females,2015,1347
Europe,Northern Europe,Denmark,Prison staff Females,2014,1491
Europe,Northern Europe,Denmark,Personnel responsible for Surveillance,2017,2479
Europe,Northern Europe,Denmark,Prison staff Females,2010,1488
Europe,Northern Europe,Denmark,Prison staff Females,2009,1479
Europe,Northern Europe,Denmark,Prison staff Females,2008,1446
Europe,Northern Europe,Denmark,Prison staff Females,2007,1470
Europe,Northern Europe,Denmark,Prison staff Females,2006,1495
Europe,Northern Europe,Denmark,Prison staff Females,2005,1602
Europe,Northern Europe,Denmark,Prison staff Males,2016,1976
Europe,Northern Europe,Denmark,Prison staff Males,2015,2053
Europe,Northern Europe,Denmark,Prison staff Males,2014,2219
Europe,Northern Europe,Denmark,Prison staff Females,2013,1474
Europe,Northern Europe,Denmark,Prison staff Females,2012,1490
Europe,Northern Europe,Denmark,Prison staff Females,2011,1491
Europe,Northern Europe,Denmark,Prison staff Males,2008,2304
Europe,Northern Europe,Denmark,Prison staff Males,2007,2402
Europe,Northern Europe,Denmark,Prison staff Males,2006,2508
Europe,Northern Europe,Denmark,Prison staff Males,2005,2305
Europe,Northern Europe,Denmark,Prison staff Males,2004,2209
Europe,Northern Europe,Denmark,Prison staff Males,2017,1887
Europe,Northern Europe,Denmark,Total prison staff Males & Females,2014,3710
Europe,Northern Europe,Denmark,Prison staff Males,2013,2249
Europe,Northern Europe,Denmark,Prison staff Males,2012,2272
Europe,Northern Europe,Denmark,Prison staff Males,2011,2284
Europe,Northern Europe,Denmark,Prison staff Males,2010,2313
Europe,Northern Europe,Denmark,Prison staff Males,2009,2312
Europe,Northern Europe,Denmark,Total persons held,2015,3203
Europe,Northern Europe,Denmark,Total persons held,2016,3408
Europe,Northern Europe,Denmark,Total persons held,2017,3418
Europe,Northern Europe,Denmark,Total prison staff Males & Females,2017,3157
Europe,Northern Europe,Denmark,Total prison staff Males & Females,2016,3283
Europe,Northern Europe,Denmark,Total prison staff Males & Females,2015,3400
Europe,Northern Europe,Denmark,Total persons held,2009,3721
Europe,Northern Europe,Denmark,Total persons held,2010,3944
Europe,Northern Europe,Denmark,Total persons held,2011,3947
Europe,Northern Europe,Denmark,Total persons held,2012,3829
Europe,Northern Europe,Denmark,Total persons held,2013,4091
Europe,Northern Europe,Denmark,Total persons held,2014,3583
Europe,Northern Europe,Estonia,Total persons held,2003,4576
Europe,Northern Europe,Estonia,Total persons held,2004,4565
Europe,Northern Europe,Estonia,Total persons held,2005,4410
Europe,Northern Europe,Estonia,Total persons held,2006,4310
Europe,Northern Europe,Estonia,Total persons held,2007,3456
Europe,Northern Europe,Estonia,Total persons held,2008,3656
Europe,Northern Europe,Estonia,Total persons held,2015,2823
Europe,Northern Europe,Estonia,Total persons held,2017,2723
Europe,Northern Europe,Estonia,Total prison staff Males & Females,2017,1211
Europe,Northern Europe,Estonia,Total prison staff Males & Females,2016,1229
Europe,Northern Europe,Estonia,Total prison staff Males & Females,2015,1579
Europe,Northern Europe,Estonia,Total prison staff Males & Females,2014,1656
Europe,Northern Europe,Estonia,Total persons held,2009,3555
Europe,Northern Europe,Estonia,Total persons held,2010,3393
Europe,Northern Europe,Estonia,Total persons held,2011,3400
Europe,Northern Europe,Estonia,Total persons held,2012,3286
Europe,Northern Europe,Estonia,Total persons held,2013,3112
Europe,Northern Europe,Estonia,Total persons held,2014,3034
Europe,Northern Europe,Finland,Total persons held,2003,3641
Europe,Northern Europe,Finland,Total persons held,2004,3704
Europe,Northern Europe,Finland,Total persons held,2005,3867
Europe,Northern Europe,Finland,Total persons held,2006,3851
Europe,Northern Europe,Finland,Total persons held,2007,3625
Europe,Northern Europe,Finland,Total persons held,2008,3530
Europe,Northern Europe,Finland,"Personnel responsible for Administration/Management/Other",2017,496
Europe,Northern Europe,Finland,"Personnel responsible for Administration/Management/Other",2016,467
Europe,Northern Europe,Finland,"Personnel responsible for Administration/Management/Other",2015,538
Europe,Northern Europe,Finland,"Personnel responsible for Administration/Management/Other",2014,590
Europe,Northern Europe,Finland,Personnel responsible for Surveillance,2015,1375
Europe,Northern Europe,Finland,Personnel responsible for Surveillance,2014,1389
Europe,Northern Europe,Finland,Personnel responsible for Education/Training/Health ,2017,258
Europe,Northern Europe,Finland,Personnel responsible for Education/Training/Health ,2016,248
Europe,Northern Europe,Finland,Personnel responsible for Education/Training/Health ,2015,423
Europe,Northern Europe,Finland,Personnel responsible for Education/Training/Health ,2014,423
Europe,Northern Europe,Finland,Prison staff Females,2015,860
Europe,Northern Europe,Finland,Prison staff Females,2014,888
Europe,Northern Europe,Finland,Prison staff Females,2017,708
Europe,Northern Europe,Finland,Prison staff Females,2016,681
Europe,Northern Europe,Finland,Personnel responsible for Surveillance,2017,1329
Europe,Northern Europe,Finland,Personnel responsible for Surveillance,2016,1363
Europe,Northern Europe,Finland,Prison staff Females,2009,990
Europe,Northern Europe,Finland,Prison staff Females,2008,998
Europe,Northern Europe,Finland,Prison staff Females,2007,969
Europe,Northern Europe,Finland,Prison staff Females,2006,914
Europe,Northern Europe,Finland,Prison staff Females,2005,922
Europe,Northern Europe,Finland,Prison staff Females,2004,897
Europe,Northern Europe,Finland,Prison staff Females,2013,904
Europe,Northern Europe,Finland,Prison staff Females,2012,1012
Europe,Northern Europe,Finland,Prison staff Females,2011,999
Europe,Northern Europe,Finland,Prison staff Females,2010,1004
Europe,Northern Europe,Finland,Prison staff Males,2017,1375
Europe,Northern Europe,Finland,Prison staff Males,2016,1397
Europe,Northern Europe,Finland,Prison staff Males,2007,1849
Europe,Northern Europe,Finland,Prison staff Males,2006,1848
Europe,Northern Europe,Finland,Prison staff Males,2005,1901
Europe,Northern Europe,Finland,Prison staff Males,2004,1892
Europe,Northern Europe,Finland,Prison staff Males,2015,1476
Europe,Northern Europe,Finland,Prison staff Males,2014,1514
Europe,Northern Europe,Finland,Prison staff Males,2013,1532
Europe,Northern Europe,Finland,Prison staff Males,2012,1584
Europe,Northern Europe,Finland,Prison staff Males,2011,1627
Europe,Northern Europe,Finland,Prison staff Males,2010,1683
Europe,Northern Europe,Finland,Prison staff Males,2009,1751
Europe,Northern Europe,Finland,Prison staff Males,2008,1783
Europe,Northern Europe,Finland,Total persons held,2016,3156
Europe,Northern Europe,Finland,Total persons held,2017,3082
Europe,Northern Europe,Finland,Total prison staff Males & Females,2017,2083
Europe,Northern Europe,Finland,Total prison staff Males & Females,2016,2078
Europe,Northern Europe,Finland,Total prison staff Males & Females,2015,2336
Europe,Northern Europe,Finland,Total prison staff Males & Females,2014,2402
Europe,Northern Europe,Finland,Total persons held,2014,3148
Europe,Northern Europe,Finland,Total persons held,2015,3135
Europe,Northern Europe,Finland,Total persons held,2009,3589
Europe,Northern Europe,Finland,Total persons held,2010,3364
Europe,Northern Europe,Finland,Total persons held,2011,3268
Europe,Northern Europe,Finland,Total persons held,2012,3306
Europe,Northern Europe,Finland,Total persons held,2013,3295
Europe,Western Europe,France,Total persons held,2006,58402
Europe,Western Europe,France,Total persons held,2007,61076
Europe,Western Europe,France,Total persons held,2008,62252
Europe,Western Europe,France,Total persons held,2009,60978
Europe,Western Europe,France,Total persons held,2010,60544
Europe,Western Europe,France,Total persons held,2011,64787
Europe,Western Europe,France,Prison staff Females,2013,7597
Europe,Western Europe,France,Prison staff Females,2009,6150
Europe,Western Europe,France,Prison staff Females,2015,7134
Europe,Western Europe,France,Prison staff Females,2014,7422
Europe,Western Europe,France,Prison staff Males,2015,21239
Europe,Western Europe,France,Prison staff Males,2014,21067
Europe,Western Europe,France,Prison staff Males,2013,20945
Europe,Western Europe,France,Prison staff Males,2009,20134
Europe,Western Europe,France,Total persons held,2017,68974
Europe,Western Europe,France,Total persons held,2014,66270
Europe,Western Europe,France,Total persons held,2015,66678
Europe,Western Europe,France,Total persons held,2016,68432
Europe,Western Europe,France,Total persons held,2013,67075
Europe,Western Europe,France,Total persons held,2012,66572
Europe,Eastern Europe,Hungary,Total persons held,2003,16860
Europe,Eastern Europe,Poland,Total persons held,2003,79281
Europe,Eastern Europe,Romania,Total persons held,2003,42815
Europe,Eastern Europe,Slovakia,Total persons held,2003,8873
Europe,Eastern Europe,Ukraine,Total persons held,2003,191241
Europe,Northern Europe,Iceland,Total persons held,2003,109
Europe,Northern Europe,Ireland,Total persons held,2003,3234
Europe,Northern Europe,Latvia,Total persons held,2003,8305
Europe,Northern Europe,Lithuania,Total persons held,2003,8063
Europe,Northern Europe,Sweden,Total persons held,2003,6755
Europe,Southern Europe,Italy,Total persons held,2003,54993
Europe,Southern Europe,Montenegro,Total persons held,2003,741
Europe,Southern Europe,North Macedonia,Total persons held,2003,1608
Europe,Southern Europe,Portugal,Total persons held,2003,13835
Europe,Southern Europe,Slovenia,Total persons held,2003,1070
Europe,Southern Europe,Spain,Total persons held,2003,56061
Europe,Western Europe,Germany,Total persons held,2003,80829
Europe,Western Europe,Netherlands,Total persons held,2003,16184
Europe,Western Europe,Switzerland,Total persons held,2003,5223
Europe,Eastern Europe,Hungary,Total persons held,2004,16546
Europe,Eastern Europe,Poland,Total persons held,2004,80368
Europe,Eastern Europe,Romania,Total persons held,2004,39031
Europe,Eastern Europe,Russian Federation,Total persons held,2004,762762
Europe,Eastern Europe,Slovakia,Total persons held,2004,9422
Europe,Eastern Europe,Ukraine,Total persons held,2004,192047
Europe,Northern Europe,Iceland,Total persons held,2004,115
Europe,Northern Europe,Ireland,Total persons held,2004,3162
Europe,Northern Europe,Latvia,Total persons held,2004,8231
Europe,Northern Europe,Lithuania,Total persons held,2004,8125
Europe,Northern Europe,Sweden,Total persons held,2004,7332
Europe,Southern Europe,Italy,Total persons held,2004,56903
Europe,Southern Europe,Montenegro,Total persons held,2004,799
Europe,Southern Europe,North Macedonia,Total persons held,2004,1782
Europe,Southern Europe,Portugal,Total persons held,2004,13152
Europe,Southern Europe,Slovenia,Total persons held,2004,1085
Europe,Southern Europe,Spain,Total persons held,2004,59375
Europe,Western Europe,Germany,Total persons held,2004,80933
Europe,Western Europe,Netherlands,Total persons held,2004,18766
Europe,Western Europe,Switzerland,Total persons held,2004,5983
Europe,Eastern Europe,Hungary,Total persons held,2005,15755
Europe,Eastern Europe,Poland,Total persons held,2005,84875
Europe,Eastern Europe,Romania,Total persons held,2005,36700
Europe,Eastern Europe,Russian Federation,Total persons held,2005,823396
Europe,Eastern Europe,Slovakia,Total persons held,2005,8897
Europe,Eastern Europe,Ukraine,Total persons held,2005,170923
Europe,Northern Europe,Iceland,Total persons held,2005,119
Europe,Northern Europe,Ireland,Total persons held,2005,3022
Europe,Northern Europe,Latvia,Total persons held,2005,7646
Europe,Northern Europe,Lithuania,Total persons held,2005,8137
Europe,Northern Europe,Sweden,Total persons held,2005,7377
Europe,Southern Europe,Greece,Total persons held,2005,9871
Europe,Southern Europe,Italy,Total persons held,2005,60415
Europe,Southern Europe,Montenegro,Total persons held,2005,894
Europe,Southern Europe,North Macedonia,Total persons held,2005,2132
Europe,Southern Europe,Portugal,Total persons held,2005,12889
Europe,Southern Europe,Slovenia,Total persons held,2005,1132
Europe,Southern Europe,Spain,Total persons held,2005,61054
Europe,Western Europe,Germany,Total persons held,2005,80201
Europe,Western Europe,Liechtenstein,Total persons held,2005,130
Europe,Western Europe,Netherlands,Total persons held,2005,17560
Europe,Western Europe,Switzerland,Total persons held,2005,6137
Europe,Eastern Europe,Hungary,Total persons held,2006,14822
Europe,Eastern Europe,Poland,Total persons held,2006,90529
Europe,Eastern Europe,Romania,Total persons held,2006,34038
Europe,Eastern Europe,Russian Federation,Total persons held,2006,871360
Europe,Eastern Europe,Slovakia,Total persons held,2006,8249
Europe,Eastern Europe,Ukraine,Total persons held,2006,160725
Europe,Northern Europe,Iceland,Total persons held,2006,119
Europe,Northern Europe,Ireland,Total persons held,2006,3080
Europe,Northern Europe,Latvia,Total persons held,2006,6965
Europe,Northern Europe,Lithuania,Total persons held,2006,8079
Europe,Northern Europe,Sweden,Total persons held,2006,7397
Europe,Southern Europe,Greece,Total persons held,2006,10280
Europe,Southern Europe,Italy,Total persons held,2006,39794
Europe,Southern Europe,Montenegro,Total persons held,2006,851
Europe,Southern Europe,North Macedonia,Total persons held,2006,2038
Europe,Southern Europe,Portugal,Total persons held,2006,12636
Europe,Southern Europe,Slovenia,Total persons held,2006,1301
Europe,Southern Europe,Spain,Total persons held,2006,64021
Europe,Western Europe,Germany,Total persons held,2006,78063
Europe,Western Europe,Liechtenstein,Total persons held,2006,98
Europe,Western Europe,Luxembourg,Total persons held,2006,735
Europe,Western Europe,Netherlands,Total persons held,2006,16091
Europe,Western Europe,Switzerland,Total persons held,2006,5567
Europe,Eastern Europe,Hungary,Total persons held,2007,14353
Europe,Eastern Europe,Poland,Total persons held,2007,89648
Europe,Eastern Europe,Romania,Total persons held,2007,29390
Europe,Eastern Europe,Russian Federation,Total persons held,2007,883168
Europe,Eastern Europe,Slovakia,Total persons held,2007,7986
Europe,Eastern Europe,Ukraine,Total persons held,2007,149690
Europe,Northern Europe,Iceland,Total persons held,2007,115
Europe,Northern Europe,Ireland,Total persons held,2007,3253
Europe,Northern Europe,Latvia,Total persons held,2007,6548
Europe,Northern Europe,Lithuania,Total persons held,2007,7866
Europe,Northern Europe,Sweden,Total persons held,2007,6977
Europe,Southern Europe,Greece,Total persons held,2007,11255
Europe,Southern Europe,Italy,Total persons held,2007,49697
Europe,Southern Europe,Montenegro,Total persons held,2007,957
Europe,Southern Europe,Portugal,Total persons held,2007,11587
Europe,Southern Europe,Serbia,Total persons held,2007,9043
Europe,Southern Europe,Slovenia,Total persons held,2007,1336
Europe,Southern Europe,Spain,Total persons held,2007,67100
Europe,Western Europe,Germany,Total persons held,2007,75153
Europe,Western Europe,Liechtenstein,Total persons held,2007,26
Europe,Western Europe,Luxembourg,Total persons held,2007,741
Europe,Western Europe,Netherlands,Total persons held,2007,15151
Europe,Western Europe,Switzerland,Total persons held,2007,5278
Europe,Eastern Europe,Hungary,Total persons held,2008,14743
Europe,Eastern Europe,Poland,Total persons held,2008,84978
Europe,Eastern Europe,Romania,Total persons held,2008,26212
Europe,Eastern Europe,Russian Federation,Total persons held,2008,887501
Europe,Eastern Europe,Slovakia,Total persons held,2008,8166
Europe,Eastern Europe,Ukraine,Total persons held,2008,145946
Europe,Northern Europe,Iceland,Total persons held,2008,140
Europe,Northern Europe,Ireland,Total persons held,2008,3484
Europe,Northern Europe,Latvia,Total persons held,2008,6548
Europe,Northern Europe,Lithuania,Total persons held,2008,8000
Europe,Northern Europe,Sweden,Total persons held,2008,7073
Europe,Southern Europe,Greece,Total persons held,2008,12315
Europe,Southern Europe,Italy,Total persons held,2008,59284
Europe,Southern Europe,Montenegro,Total persons held,2008,1216
Europe,Southern Europe,Portugal,Total persons held,2008,10807
Europe,Southern Europe,Serbia,Total persons held,2008,9701
Europe,Southern Europe,Slovenia,Total persons held,2008,1318
Europe,Southern Europe,Spain,Total persons held,2008,73558
Europe,Western Europe,Germany,Total persons held,2008,73793
Europe,Western Europe,Liechtenstein,Total persons held,2008,78
Europe,Western Europe,Luxembourg,Total persons held,2008,762
Europe,Western Europe,Netherlands,Total persons held,2008,14610
Europe,Western Europe,Switzerland,Total persons held,2008,5303
Europe,Eastern Europe,Hungary,Total persons held,2009,15432
Europe,Eastern Europe,Poland,Total persons held,2009,85749
Europe,Eastern Europe,Romania,Total persons held,2009,26716
Europe,Eastern Europe,Russian Federation,Total persons held,2009,863899
Europe,Eastern Europe,Slovakia,Total persons held,2009,9316
Europe,Eastern Europe,Ukraine,Total persons held,2009,147716
Europe,Northern Europe,Iceland,Total persons held,2009,148
Europe,Northern Europe,Ireland,Total persons held,2009,3868
Europe,Northern Europe,Latvia,Total persons held,2009,7055
Europe,Northern Europe,Lithuania,Total persons held,2009,8655
Europe,Northern Europe,Sweden,Total persons held,2009,7286
Europe,Southern Europe,Greece,Total persons held,2009,11364
Europe,Southern Europe,Italy,Total persons held,2009,65598
Europe,Southern Europe,Montenegro,Total persons held,2009,1499
Europe,Southern Europe,Portugal,Total persons held,2009,11287
Europe,Southern Europe,Serbia,Total persons held,2009,10975
Europe,Southern Europe,Slovenia,Total persons held,2009,1365
Europe,Southern Europe,Spain,Total persons held,2009,76079
Europe,Western Europe,Germany,Total persons held,2009,72295
Europe,Western Europe,Liechtenstein,Total persons held,2009,149
Europe,Western Europe,Luxembourg,Total persons held,2009,702
Europe,Western Europe,Netherlands,Total persons held,2009,14364
Europe,Western Europe,Switzerland,Total persons held,2009,5605
Europe,Eastern Europe,Hungary,Total persons held,2010,16328
Europe,Eastern Europe,Poland,Total persons held,2010,82372
Europe,Eastern Europe,Romania,Total persons held,2010,28244
Europe,Eastern Europe,Russian Federation,Total persons held,2010,818037
Europe,Eastern Europe,Slovakia,Total persons held,2010,10031
Europe,Eastern Europe,Ukraine,Total persons held,2010,154027
Europe,Northern Europe,Iceland,Total persons held,2010,167
Europe,Northern Europe,Ireland,Total persons held,2010,4318
Europe,Northern Europe,Latvia,Total persons held,2010,6780
Europe,Northern Europe,Lithuania,Total persons held,2010,9139
Europe,Northern Europe,Sweden,Total persons held,2010,6846
Europe,Southern Europe,Greece,Total persons held,2010,12349
Europe,Southern Europe,Italy,Total persons held,2010,69263
Europe,Southern Europe,Montenegro,Total persons held,2010,1457
Europe,Southern Europe,Portugal,Total persons held,2010,11839
Europe,Southern Europe,Serbia,Total persons held,2010,11211
Europe,Southern Europe,Slovenia,Total persons held,2010,1351
Europe,Southern Europe,Spain,Total persons held,2010,73929
Europe,Western Europe,Germany,Total persons held,2010,70827
Europe,Western Europe,Liechtenstein,Total persons held,2010,76
Europe,Western Europe,Luxembourg,Total persons held,2010,681
Europe,Western Europe,Netherlands,Total persons held,2010,14368
Europe,Western Europe,Switzerland,Total persons held,2010,5765
Europe,Eastern Europe,Hungary,Total persons held,2011,17210
Europe,Eastern Europe,Poland,Total persons held,2011,82832
Europe,Eastern Europe,Romania,Total persons held,2011,30694
Europe,Eastern Europe,Russian Federation,Total persons held,2011,755648
Europe,Eastern Europe,Slovakia,Total persons held,2011,10525
Europe,Eastern Europe,Ukraine,Total persons held,2011,154029
Europe,Northern Europe,Iceland,Total persons held,2011,150
Europe,Northern Europe,Ireland,Total persons held,2011,4216
Europe,Northern Europe,Latvia,Total persons held,2011,6561
Europe,Northern Europe,Lithuania,Total persons held,2011,9920
Europe,Northern Europe,Sweden,Total persons held,2011,6669
Europe,Southern Europe,Greece,Total persons held,2011,12479
Europe,Southern Europe,Italy,Total persons held,2011,68325
Europe,Southern Europe,Montenegro,Total persons held,2011,1328
Europe,Southern Europe,Portugal,Total persons held,2011,12955
Europe,Southern Europe,Serbia,Total persons held,2011,11070
Europe,Southern Europe,Slovenia,Total persons held,2011,1273
Europe,Southern Europe,Spain,Total persons held,2011,70472
Europe,Western Europe,Germany,Total persons held,2011,69543
Europe,Western Europe,Liechtenstein,Total persons held,2011,71
Europe,Western Europe,Luxembourg,Total persons held,2011,637
Europe,Western Europe,Netherlands,Total persons held,2011,13969
Europe,Western Europe,Switzerland,Total persons held,2011,5626
Europe,Eastern Europe,Hungary,Total persons held,2012,17179
Europe,Eastern Europe,Poland,Total persons held,2012,85459
Europe,Eastern Europe,Romania,Total persons held,2012,31817
Europe,Eastern Europe,Russian Federation,Total persons held,2012,701909
Europe,Eastern Europe,Slovakia,Total persons held,2012,10850
Europe,Northern Europe,Iceland,Total persons held,2012,153
Europe,Northern Europe,Ireland,Total persons held,2012,4287
Europe,Northern Europe,Latvia,Total persons held,2012,6117
Europe,Northern Europe,Lithuania,Total persons held,2012,9729
Europe,Northern Europe,Sweden,Total persons held,2012,6296
Europe,Southern Europe,Greece,Total persons held,2012,12475
Europe,Southern Europe,Italy,Total persons held,2012,67102
Europe,Southern Europe,Montenegro,Total persons held,2012,1331
Europe,Southern Europe,Portugal,Total persons held,2012,13875
Europe,Southern Europe,Serbia,Total persons held,2012,10226
Europe,Southern Europe,Slovenia,Total persons held,2012,1377
Europe,Southern Europe,Spain,Total persons held,2012,68597
Europe,Western Europe,Germany,Total persons held,2012,68533
Europe,Western Europe,Liechtenstein,Total persons held,2012,60
Europe,Western Europe,Luxembourg,Total persons held,2012,666
Europe,Western Europe,Netherlands,Total persons held,2012,13473
Europe,Western Europe,Switzerland,Total persons held,2012,6102
Europe,Eastern Europe,Hungary,Total persons held,2013,17841
Europe,Eastern Europe,Poland,Total persons held,2013,80165
Europe,Eastern Europe,Romania,Total persons held,2013,33434
Europe,Eastern Europe,Russian Federation,Total persons held,2013,677287
Europe,Eastern Europe,Slovakia,Total persons held,2013,9753
Europe,Northern Europe,Iceland,Total persons held,2013,147
Europe,Northern Europe,Ireland,Total persons held,2013,4088
Europe,Northern Europe,Latvia,Total persons held,2013,5136
Europe,Northern Europe,Lithuania,Total persons held,2013,9261
Europe,Northern Europe,Sweden,Total persons held,2013,5723
Europe,Southern Europe,Greece,Total persons held,2013,12693
Europe,Southern Europe,Italy,Total persons held,2013,63848
Europe,Southern Europe,Montenegro,Total persons held,2013,1064
Europe,Southern Europe,Portugal,Total persons held,2013,14535
Europe,Southern Europe,Serbia,Total persons held,2013,10031
Europe,Southern Europe,Slovenia,Total persons held,2013,1360
Europe,Southern Europe,Spain,Total persons held,2013,66765
Europe,Western Europe,Germany,Total persons held,2013,66221
Europe,Western Europe,Liechtenstein,Total persons held,2013,68
Europe,Western Europe,Luxembourg,Total persons held,2013,656
Europe,Western Europe,Netherlands,Total persons held,2013,12721
Europe,Western Europe,Switzerland,Total persons held,2013,6652
Europe,Eastern Europe,Hungary,Total persons held,2014,17890
Europe,Eastern Europe,Poland,Total persons held,2014,79345
Europe,Eastern Europe,Romania,Total persons held,2014,30156
Europe,Eastern Europe,Russian Federation,Total persons held,2014,671649
Europe,Eastern Europe,Slovakia,Total persons held,2014,10020
Europe,Northern Europe,Iceland,Total persons held,2014,154
Europe,Northern Europe,Ireland,Total persons held,2014,3777
Europe,Northern Europe,Latvia,Total persons held,2014,4745
Europe,Northern Europe,Lithuania,Total persons held,2014,8636
Europe,Northern Europe,Sweden,Total persons held,2014,5807
Europe,Southern Europe,Greece,Total persons held,2014,11798
Europe,Southern Europe,Italy,Total persons held,2014,54745
Europe,Southern Europe,Montenegro,Total persons held,2014,1123
Europe,Southern Europe,Portugal,Total persons held,2014,14198
Europe,Southern Europe,Serbia,Total persons held,2014,10288
Europe,Southern Europe,Slovenia,Total persons held,2014,1522
Europe,Southern Europe,Spain,Total persons held,2014,65017
Europe,Western Europe,Germany,Total persons held,2014,63228
Europe,Western Europe,Liechtenstein,Total persons held,2014,53
Europe,Western Europe,Luxembourg,Total persons held,2014,626
Europe,Western Europe,Netherlands,Total persons held,2014,11934
Europe,Western Europe,Switzerland,Total persons held,2014,6519
Europe,Eastern Europe,Hungary,Total persons held,2015,17449
Europe,Eastern Europe,Poland,Total persons held,2015,72695
Europe,Eastern Europe,Romania,Total persons held,2015,28334
Europe,Eastern Europe,Russian Federation,Total persons held,2015,646085
Europe,Eastern Europe,Slovakia,Total persons held,2015,9913
Europe,Northern Europe,Iceland,Total persons held,2015,146
Europe,Northern Europe,Ireland,Total persons held,2015,3755
Europe,Northern Europe,Latvia,Total persons held,2015,4409
Europe,Northern Europe,Lithuania,Total persons held,2015,7355
Europe,Northern Europe,Sweden,Total persons held,2015,5691
Europe,Southern Europe,Greece,Total persons held,2015,9611
Europe,Southern Europe,Italy,Total persons held,2015,53410
Europe,Southern Europe,Montenegro,Total persons held,2015,1131
Europe,Southern Europe,Portugal,Total persons held,2015,14373
Europe,Southern Europe,Serbia,Total persons held,2015,10064
Europe,Southern Europe,Slovenia,Total persons held,2015,1399
Europe,Southern Europe,Spain,Total persons held,2015,61614
Europe,Western Europe,Germany,Total persons held,2015,63020
Europe,Western Europe,Liechtenstein,Total persons held,2015,53
Europe,Western Europe,Luxembourg,Total persons held,2015,691
Europe,Western Europe,Netherlands,Total persons held,2015,10850
Europe,Western Europe,Switzerland,Total persons held,2015,6498
Europe,Eastern Europe,Hungary,Total persons held,2016,17658
Europe,Eastern Europe,Poland,Total persons held,2016,72209
Europe,Eastern Europe,Romania,Total persons held,2016,27455
Europe,Eastern Europe,Russian Federation,Total persons held,2016,630155
Europe,Eastern Europe,Slovakia,Total persons held,2016,9995
Europe,Northern Europe,Iceland,Total persons held,2016,124
Europe,Northern Europe,Ireland,Total persons held,2016,3716
Europe,Northern Europe,Latvia,Total persons held,2016,4243
Europe,Northern Europe,Lithuania,Total persons held,2016,6815
Europe,Northern Europe,Sweden,Total persons held,2016,5658
Europe,Southern Europe,Greece,Total persons held,2016,9560
Europe,Southern Europe,Italy,Total persons held,2016,55978
Europe,Southern Europe,Montenegro,Total persons held,2016,1123
Europe,Southern Europe,North Macedonia,Total persons held,2016,3231
Europe,Southern Europe,Portugal,Total persons held,2016,13917
Europe,Southern Europe,Serbia,Total persons held,2016,10672
Europe,Southern Europe,Slovenia,Total persons held,2016,1308
Europe,Southern Europe,Spain,Total persons held,2016,59589
Europe,Western Europe,Germany,Total persons held,2016,64291
Europe,Western Europe,Liechtenstein,Total persons held,2016,72
Europe,Western Europe,Luxembourg,Total persons held,2016,724
Europe,Western Europe,Netherlands,Total persons held,2016,10601
Europe,Western Europe,Switzerland,Total persons held,2016,6541
Europe,Eastern Europe,Hungary,Total persons held,2017,17343
Europe,Eastern Europe,Poland,Total persons held,2017,74480
Europe,Eastern Europe,Romania,Total persons held,2017,23450
Europe,Eastern Europe,Russian Federation,Total persons held,2017,602176
Europe,Eastern Europe,Slovakia,Total persons held,2017,10028
Europe,Eastern Europe,Ukraine,Total persons held,2017,57100
Europe,Northern Europe,Iceland,Total persons held,2017,131
Europe,Northern Europe,Ireland,Total persons held,2017,3680
Europe,Northern Europe,Latvia,Total persons held,2017,3765
Europe,Northern Europe,Lithuania,Total persons held,2017,6599
Europe,Northern Europe,Sweden,Total persons held,2017,5713
Europe,Southern Europe,Greece,Total persons held,2017,10011
Europe,Southern Europe,Italy,Total persons held,2017,59038
Europe,Southern Europe,Montenegro,Total persons held,2017,1119
Europe,Southern Europe,North Macedonia,Total persons held,2017,3031
Europe,Southern Europe,Portugal,Total persons held,2017,13587
Europe,Southern Europe,Serbia,Total persons held,2017,10807
Europe,Southern Europe,Slovenia,Total persons held,2017,1316
Europe,Southern Europe,Spain,Total persons held,2017,58814
Europe,Western Europe,Germany,Total persons held,2017,65841
Europe,Western Europe,Liechtenstein,Total persons held,2017,73
Europe,Western Europe,Luxembourg,Total persons held,2017,684
Europe,Western Europe,Netherlands,Total persons held,2017,10874
Europe,Western Europe,Switzerland,Total persons held,2017,6564
Europe,Eastern Europe,Poland,Total prison staff Males & Females,2014,30349
Europe,Eastern Europe,Romania,Total prison staff Males & Females,2014,12053
Europe,Eastern Europe,Russian Federation,Total prison staff Males & Females,2014,289659
Europe,Eastern Europe,Slovakia,Total prison staff Males & Females,2014,5215
Europe,Northern Europe,Iceland,Total prison staff Males & Females,2014,117
Europe,Northern Europe,Latvia,Total prison staff Males & Females,2014,2561
Europe,Northern Europe,Lithuania,Total prison staff Males & Females,2014,3129
Europe,Northern Europe,Sweden,Total prison staff Males & Females,2014,6013
Europe,Southern Europe,Italy,Total prison staff Males & Females,2014,43921
Europe,Southern Europe,Montenegro,Total prison staff Males & Females,2014,484
Europe,Southern Europe,Portugal,Total prison staff Males & Females,2014,5005
Europe,Southern Europe,Serbia,Total prison staff Males & Females,2014,4243
Europe,Southern Europe,Slovenia,Total prison staff Males & Females,2014,700
Europe,Southern Europe,Spain,Total prison staff Males & Females,2014,24149
Europe,Western Europe,Germany,Total prison staff Males & Females,2014,36317
Europe,Western Europe,Luxembourg,Total prison staff Males & Females,2014,406
Europe,Western Europe,Netherlands,Total prison staff Males & Females,2014,10203
Europe,Western Europe,Switzerland,Total prison staff Males & Females,2014,4102
Europe,Eastern Europe,Poland,Total prison staff Males & Females,2015,29935
Europe,Eastern Europe,Romania,Total prison staff Males & Females,2015,12160
Europe,Eastern Europe,Russian Federation,Total prison staff Males & Females,2015,271159
Europe,Eastern Europe,Slovakia,Total prison staff Males & Females,2015,5199
Europe,Northern Europe,Iceland,Total prison staff Males & Females,2015,113
Europe,Northern Europe,Latvia,Total prison staff Males & Females,2015,2615
Europe,Northern Europe,Lithuania,Total prison staff Males & Females,2015,3112
Europe,Northern Europe,Sweden,Total prison staff Males & Females,2015,5976
Europe,Southern Europe,Greece,Total prison staff Males & Females,2015,4555
Europe,Southern Europe,Italy,Total prison staff Males & Females,2015,43332
Europe,Southern Europe,Montenegro,Total prison staff Males & Females,2015,454
Europe,Southern Europe,Portugal,Total prison staff Males & Females,2015,4954
Europe,Southern Europe,Serbia,Total prison staff Males & Females,2015,4052
Europe,Southern Europe,Slovenia,Total prison staff Males & Females,2015,706
Europe,Southern Europe,Spain,Total prison staff Males & Females,2015,23895
Europe,Western Europe,Germany,Total prison staff Males & Females,2015,35848
Europe,Western Europe,Luxembourg,Total prison staff Males & Females,2015,406
Europe,Western Europe,Netherlands,Total prison staff Males & Females,2015,9352
Europe,Western Europe,Switzerland,Total prison staff Males & Females,2015,4174
Europe,Eastern Europe,Hungary,Total prison staff Males & Females,2016,8417
Europe,Eastern Europe,Poland,Total prison staff Males & Females,2016,30191
Europe,Eastern Europe,Romania,Total prison staff Males & Females,2016,11684
Europe,Eastern Europe,Russian Federation,Total prison staff Males & Females,2016,263664
Europe,Eastern Europe,Slovakia,Total prison staff Males & Females,2016,5254
Europe,Northern Europe,Iceland,Total prison staff Males & Females,2016,109
Europe,Northern Europe,Latvia,Total prison staff Males & Females,2016,2659
Europe,Northern Europe,Lithuania,Total prison staff Males & Females,2016,2946
Europe,Northern Europe,Sweden,Total prison staff Males & Females,2016,6088
Europe,Southern Europe,Greece,Total prison staff Males & Females,2016,4519
Europe,Southern Europe,Italy,Total prison staff Males & Females,2016,41115
Europe,Southern Europe,Montenegro,Total prison staff Males & Females,2016,486
Europe,Southern Europe,Portugal,Total prison staff Males & Females,2016,4971
Europe,Southern Europe,Serbia,Total prison staff Males & Females,2016,3994
Europe,Southern Europe,Slovenia,Total prison staff Males & Females,2016,773
Europe,Southern Europe,Spain,Total prison staff Males & Females,2016,23768
Europe,Western Europe,Germany,Total prison staff Males & Females,2016,35968
Europe,Western Europe,Luxembourg,Total prison staff Males & Females,2016,440
Europe,Western Europe,Netherlands,Total prison staff Males & Females,2016,8421
Europe,Western Europe,Switzerland,Total prison staff Males & Females,2016,4169
Europe,Eastern Europe,Hungary,Total prison staff Males & Females,2017,8802
Europe,Eastern Europe,Poland,Total prison staff Males & Females,2017,30227
Europe,Eastern Europe,Romania,Total prison staff Males & Females,2017,12278
Europe,Eastern Europe,Russian Federation,Total prison staff Males & Females,2017,259251
Europe,Eastern Europe,Slovakia,Total prison staff Males & Females,2017,5259
Europe,Eastern Europe,Ukraine,Total prison staff Males & Females,2017,26306
Europe,Northern Europe,Iceland,Total prison staff Males & Females,2017,113
Europe,Northern Europe,Latvia,Total prison staff Males & Females,2017,2560
Europe,Northern Europe,Lithuania,Total prison staff Males & Females,2017,2959
Europe,Northern Europe,Sweden,Total prison staff Males & Females,2017,6072
Europe,Southern Europe,Greece,Total prison staff Males & Females,2017,4502
Europe,Southern Europe,Italy,Total prison staff Males & Females,2017,41645
Europe,Southern Europe,Montenegro,Total prison staff Males & Females,2017,490
Europe,Southern Europe,North Macedonia,Total prison staff Males & Females,2017,771
Europe,Southern Europe,Portugal,Total prison staff Males & Females,2017,5406
Europe,Southern Europe,Spain,Total prison staff Males & Females,2017,23952
Europe,Western Europe,Germany,Total prison staff Males & Females,2017,36284
Europe,Western Europe,Luxembourg,Total prison staff Males & Females,2017,466
Europe,Eastern Europe,Hungary,Prison staff Males,2004,5660
Europe,Eastern Europe,Romania,Prison staff Males,2004,9228
Europe,Eastern Europe,Russian Federation,Prison staff Males,2004,210544
Europe,Northern Europe,Iceland,Prison staff Males,2004,72
Europe,Northern Europe,Lithuania,Prison staff Males,2004,2312
Europe,Southern Europe,Spain,Prison staff Males,2004,15336
Europe,Eastern Europe,Hungary,Prison staff Males,2005,5472
Europe,Eastern Europe,Poland,Prison staff Males,2005,21414
Europe,Eastern Europe,Romania,Prison staff Males,2005,9176
Europe,Eastern Europe,Russian Federation,Prison staff Males,2005,218134
Europe,Northern Europe,Iceland,Prison staff Males,2005,69
Europe,Northern Europe,Lithuania,Prison staff Males,2005,2312
Europe,Southern Europe,Spain,Prison staff Males,2005,15061
Europe,Western Europe,Germany,Prison staff Males,2005,28687
Europe,Western Europe,Netherlands,Prison staff Males,2005,8248
Europe,Eastern Europe,Hungary,Prison staff Males,2006,5306
Europe,Eastern Europe,Poland,Prison staff Males,2006,21997
Europe,Eastern Europe,Romania,Prison staff Males,2006,9089
Europe,Eastern Europe,Russian Federation,Prison staff Males,2006,213908
Europe,Northern Europe,Iceland,Prison staff Males,2006,70
Europe,Northern Europe,Lithuania,Prison staff Males,2006,2276
Europe,Southern Europe,Italy,Prison staff Males,2006,42429
Europe,Southern Europe,Spain,Prison staff Males,2006,15358
Europe,Western Europe,Germany,Prison staff Males,2006,28480
Europe,Western Europe,Netherlands,Prison staff Males,2006,8254
Europe,Eastern Europe,Hungary,Prison staff Males,2007,5308
Europe,Eastern Europe,Poland,Prison staff Males,2007,23009
Europe,Eastern Europe,Romania,Prison staff Males,2007,9342
Europe,Eastern Europe,Russian Federation,Prison staff Males,2007,210515
Europe,Eastern Europe,Slovakia,Prison staff Males,2007,4104
Europe,Northern Europe,Iceland,Prison staff Males,2007,73
Europe,Northern Europe,Lithuania,Prison staff Males,2007,2100
Europe,Southern Europe,Italy,Prison staff Males,2007,42014
Europe,Southern Europe,Serbia,Prison staff Males,2007,2891
Europe,Southern Europe,Spain,Prison staff Males,2007,15773
Europe,Western Europe,Germany,Prison staff Males,2007,28372
Europe,Western Europe,Netherlands,Prison staff Males,2007,7858
Europe,Eastern Europe,Hungary,Prison staff Males,2008,5667
Europe,Eastern Europe,Poland,Prison staff Males,2008,23823
Europe,Eastern Europe,Romania,Prison staff Males,2008,9152
Europe,Eastern Europe,Russian Federation,Prison staff Males,2008,206981
Europe,Eastern Europe,Slovakia,Prison staff Males,2008,4029
Europe,Northern Europe,Iceland,Prison staff Males,2008,77
Europe,Northern Europe,Lithuania,Prison staff Males,2008,2164
Europe,Southern Europe,Italy,Prison staff Males,2008,40324
Europe,Southern Europe,North Macedonia,Prison staff Males,2008,677
Europe,Southern Europe,Serbia,Prison staff Males,2008,2942
Europe,Southern Europe,Spain,Prison staff Males,2008,16164
Europe,Western Europe,Germany,Prison staff Males,2008,28377
Europe,Western Europe,Netherlands,Prison staff Males,2008,7952
Europe,Eastern Europe,Hungary,Prison staff Males,2009,5537
Europe,Eastern Europe,Poland,Prison staff Males,2009,24482
Europe,Eastern Europe,Romania,Prison staff Males,2009,9272
Europe,Eastern Europe,Russian Federation,Prison staff Males,2009,199792
Europe,Eastern Europe,Slovakia,Prison staff Males,2009,4077
Europe,Northern Europe,Iceland,Prison staff Males,2009,73
Europe,Northern Europe,Lithuania,Prison staff Males,2009,2241
Europe,Southern Europe,Italy,Prison staff Males,2009,39766
Europe,Southern Europe,Montenegro,Prison staff Males,2009,394
Europe,Southern Europe,Serbia,Prison staff Males,2009,2892
Europe,Southern Europe,Slovenia,Prison staff Males,2009,625
Europe,Southern Europe,Spain,Prison staff Males,2009,16844
Europe,Western Europe,Germany,Prison staff Males,2009,27858
Europe,Western Europe,Liechtenstein,Prison staff Males,2009,16
Europe,Western Europe,Netherlands,Prison staff Males,2009,7584
Europe,Eastern Europe,Hungary,Prison staff Males,2010,5479
Europe,Eastern Europe,Poland,Prison staff Males,2010,25812
Europe,Eastern Europe,Romania,Prison staff Males,2010,9205
Europe,Eastern Europe,Russian Federation,Prison staff Males,2010,210002
Europe,Eastern Europe,Slovakia,Prison staff Males,2010,4107
Europe,Northern Europe,Lithuania,Prison staff Males,2010,2074
Europe,Southern Europe,Italy,Prison staff Males,2010,38997
Europe,Southern Europe,Montenegro,Prison staff Males,2010,417
Europe,Southern Europe,Serbia,Prison staff Males,2010,2962
Europe,Western Europe,Germany,Prison staff Males,2010,27696
Europe,Western Europe,Liechtenstein,Prison staff Males,2010,16
Europe,Western Europe,Netherlands,Prison staff Males,2010,7389
Europe,Eastern Europe,Hungary,Prison staff Males,2011,5467
Europe,Eastern Europe,Poland,Prison staff Males,2011,25918
Europe,Eastern Europe,Romania,Prison staff Males,2011,9210
Europe,Eastern Europe,Russian Federation,Prison staff Males,2011,204688
Europe,Eastern Europe,Slovakia,Prison staff Males,2011,4118
Europe,Northern Europe,Lithuania,Prison staff Males,2011,2013
Europe,Southern Europe,Italy,Prison staff Males,2011,38495
Europe,Southern Europe,Montenegro,Prison staff Males,2011,403
Europe,Southern Europe,Serbia,Prison staff Males,2011,3207
Europe,Western Europe,Germany,Prison staff Males,2011,26899
Europe,Western Europe,Liechtenstein,Prison staff Males,2011,16
Europe,Western Europe,Netherlands,Prison staff Males,2011,7865
Europe,Eastern Europe,Hungary,Prison staff Males,2012,5686
Europe,Eastern Europe,Poland,Prison staff Males,2012,25686
Europe,Eastern Europe,Romania,Prison staff Males,2012,9371
Europe,Eastern Europe,Russian Federation,Prison staff Males,2012,196945
Europe,Eastern Europe,Slovakia,Prison staff Males,2012,4084
Europe,Northern Europe,Iceland,Prison staff Males,2012,84
Europe,Northern Europe,Lithuania,Prison staff Males,2012,2007
Europe,Southern Europe,Italy,Prison staff Males,2012,37754
Europe,Southern Europe,Montenegro,Prison staff Males,2012,399
Europe,Southern Europe,Serbia,Prison staff Males,2012,3230
Europe,Southern Europe,Slovenia,Prison staff Males,2012,655
Europe,Western Europe,Germany,Prison staff Males,2012,27051
Europe,Western Europe,Liechtenstein,Prison staff Males,2012,16
Europe,Western Europe,Netherlands,Prison staff Males,2012,7619
Europe,Eastern Europe,Hungary,Prison staff Males,2013,5413
Europe,Eastern Europe,Poland,Prison staff Males,2013,25561
Europe,Eastern Europe,Romania,Prison staff Males,2013,9470
Europe,Eastern Europe,Russian Federation,Prison staff Males,2013,179617
Europe,Eastern Europe,Slovakia,Prison staff Males,2013,4120
Europe,Northern Europe,Iceland,Prison staff Males,2013,80
Europe,Northern Europe,Latvia,Prison staff Males,2013,1911
Europe,Northern Europe,Lithuania,Prison staff Males,2013,2002
Europe,Southern Europe,Italy,Prison staff Males,2013,38151
Europe,Southern Europe,Montenegro,Prison staff Males,2013,380
Europe,Southern Europe,Portugal,Prison staff Males,2013,4033
Europe,Southern Europe,Serbia,Prison staff Males,2013,3210
Europe,Southern Europe,Slovenia,Prison staff Males,2013,639
Europe,Western Europe,Germany,Prison staff Males,2013,26974
Europe,Western Europe,Liechtenstein,Prison staff Males,2013,16
Europe,Eastern Europe,Hungary,Prison staff Males,2014,5654
Europe,Eastern Europe,Poland,Prison staff Males,2014,23939
Europe,Eastern Europe,Romania,Prison staff Males,2014,9544
Europe,Eastern Europe,Russian Federation,Prison staff Males,2014,176677
Europe,Eastern Europe,Slovakia,Prison staff Males,2014,4111
Europe,Northern Europe,Iceland,Prison staff Males,2014,87
Europe,Northern Europe,Latvia,Prison staff Males,2014,1688
Europe,Northern Europe,Lithuania,Prison staff Males,2014,1986
Europe,Northern Europe,Sweden,Prison staff Males,2014,3608
Europe,Southern Europe,Italy,Prison staff Males,2014,36748
Europe,Southern Europe,Montenegro,Prison staff Males,2014,379
Europe,Southern Europe,Portugal,Prison staff Males,2014,3747
Europe,Southern Europe,Serbia,Prison staff Males,2014,3184
Europe,Southern Europe,Slovenia,Prison staff Males,2014,541
Europe,Southern Europe,Spain,Prison staff Males,2014,17390
Europe,Western Europe,Germany,Prison staff Males,2014,26763
Europe,Western Europe,Liechtenstein,Prison staff Males,2014,16
Europe,Western Europe,Netherlands,Prison staff Males,2014,6951
Europe,Eastern Europe,Poland,Prison staff Males,2015,23553
Europe,Eastern Europe,Romania,Prison staff Males,2015,9636
Europe,Eastern Europe,Russian Federation,Prison staff Males,2015,164200
Europe,Eastern Europe,Slovakia,Prison staff Males,2015,4104
Europe,Northern Europe,Iceland,Prison staff Males,2015,84
Europe,Northern Europe,Latvia,Prison staff Males,2015,1690
Europe,Northern Europe,Lithuania,Prison staff Males,2015,1966
Europe,Northern Europe,Sweden,Prison staff Males,2015,3586
Europe,Southern Europe,Greece,Prison staff Males,2015,3878
Europe,Southern Europe,Italy,Prison staff Males,2015,36076
Europe,Southern Europe,Montenegro,Prison staff Males,2015,360
Europe,Southern Europe,Portugal,Prison staff Males,2015,3702
Europe,Southern Europe,Serbia,Prison staff Males,2015,3038
Europe,Southern Europe,Slovenia,Prison staff Males,2015,592
Europe,Southern Europe,Spain,Prison staff Males,2015,17181
Europe,Western Europe,Germany,Prison staff Males,2015,26228
Europe,Western Europe,Liechtenstein,Prison staff Males,2015,16
Europe,Western Europe,Netherlands,Prison staff Males,2015,6343
Europe,Eastern Europe,Hungary,Prison staff Males,2016,5674
Europe,Eastern Europe,Poland,Prison staff Males,2016,23700
Europe,Eastern Europe,Romania,Prison staff Males,2016,9075
Europe,Eastern Europe,Russian Federation,Prison staff Males,2016,160121
Europe,Eastern Europe,Slovakia,Prison staff Males,2016,4137
Europe,Northern Europe,Iceland,Prison staff Males,2016,82
Europe,Northern Europe,Latvia,Prison staff Males,2016,1712
Europe,Northern Europe,Lithuania,Prison staff Males,2016,1791
Europe,Northern Europe,Sweden,Prison staff Males,2016,3660
Europe,Southern Europe,Greece,Prison staff Males,2016,3845
Europe,Southern Europe,Italy,Prison staff Males,2016,35220
Europe,Southern Europe,Montenegro,Prison staff Males,2016,398
Europe,Southern Europe,Portugal,Prison staff Males,2016,3698
Europe,Southern Europe,Serbia,Prison staff Males,2016,2965
Europe,Southern Europe,Slovenia,Prison staff Males,2016,681
Europe,Southern Europe,Spain,Prison staff Males,2016,16993
Europe,Western Europe,Germany,Prison staff Males,2016,26201
Europe,Western Europe,Liechtenstein,Prison staff Males,2016,16
Europe,Western Europe,Luxembourg,Prison staff Males,2016,368
Europe,Western Europe,Netherlands,Prison staff Males,2016,5700
Europe,Eastern Europe,Hungary,Prison staff Males,2017,5749
Europe,Eastern Europe,Poland,Prison staff Males,2017,23595
Europe,Eastern Europe,Romania,Prison staff Males,2017,9440
Europe,Eastern Europe,Russian Federation,Prison staff Males,2017,158289
Europe,Eastern Europe,Slovakia,Prison staff Males,2017,4111
Europe,Northern Europe,Iceland,Prison staff Males,2017,81
Europe,Northern Europe,Latvia,Prison staff Males,2017,1637
Europe,Northern Europe,Lithuania,Prison staff Males,2017,1679
Europe,Northern Europe,Sweden,Prison staff Males,2017,3611
Europe,Southern Europe,Greece,Prison staff Males,2017,3822
Europe,Southern Europe,Italy,Prison staff Males,2017,35353
Europe,Southern Europe,Montenegro,Prison staff Males,2017,382
Europe,Southern Europe,North Macedonia,Prison staff Males,2017,622
Europe,Southern Europe,Portugal,Prison staff Males,2017,4025
Europe,Southern Europe,Serbia,Prison staff Males,2017,2994
Europe,Southern Europe,Slovenia,Prison staff Males,2017,642
Europe,Southern Europe,Spain,Prison staff Males,2017,16965
Europe,Western Europe,Germany,Prison staff Males,2017,26169
Europe,Western Europe,Liechtenstein,Prison staff Males,2017,16
Europe,Eastern Europe,Hungary,Prison staff Females,2004,2047
Europe,Eastern Europe,Romania,Prison staff Females,2004,2537
Europe,Eastern Europe,Russian Federation,Prison staff Females,2004,112767
Europe,Northern Europe,Iceland,Prison staff Females,2004,21
Europe,Northern Europe,Lithuania,Prison staff Females,2004,889
Europe,Southern Europe,Spain,Prison staff Females,2004,3937
Europe,Eastern Europe,Hungary,Prison staff Females,2005,2093
Europe,Eastern Europe,Poland,Prison staff Females,2005,4516
Europe,Eastern Europe,Romania,Prison staff Females,2005,2523
Europe,Eastern Europe,Russian Federation,Prison staff Females,2005,118513
Europe,Northern Europe,Iceland,Prison staff Females,2005,22
Europe,Northern Europe,Lithuania,Prison staff Females,2005,912
Europe,Southern Europe,Spain,Prison staff Females,2005,3438
Europe,Western Europe,Germany,Prison staff Females,2005,8274
Europe,Western Europe,Netherlands,Prison staff Females,2005,3625
Europe,Eastern Europe,Hungary,Prison staff Females,2006,2100
Europe,Eastern Europe,Poland,Prison staff Females,2006,4745
Europe,Eastern Europe,Romania,Prison staff Females,2006,2500
Europe,Eastern Europe,Russian Federation,Prison staff Females,2006,117479
Europe,Northern Europe,Iceland,Prison staff Females,2006,18
Europe,Northern Europe,Lithuania,Prison staff Females,2006,982
Europe,Southern Europe,Italy,Prison staff Females,2006,7660
Europe,Southern Europe,Spain,Prison staff Females,2006,3596
Europe,Western Europe,Germany,Prison staff Females,2006,8343
Europe,Western Europe,Netherlands,Prison staff Females,2006,3733
Europe,Eastern Europe,Hungary,Prison staff Females,2007,2165
Europe,Eastern Europe,Poland,Prison staff Females,2007,5140
Europe,Eastern Europe,Romania,Prison staff Females,2007,2568
Europe,Eastern Europe,Russian Federation,Prison staff Females,2007,120711
Europe,Eastern Europe,Slovakia,Prison staff Females,2007,982
Europe,Northern Europe,Iceland,Prison staff Females,2007,17
Europe,Northern Europe,Lithuania,Prison staff Females,2007,1112
Europe,Southern Europe,Italy,Prison staff Females,2007,7559
Europe,Southern Europe,Serbia,Prison staff Females,2007,852
Europe,Southern Europe,Spain,Prison staff Females,2007,3849
Europe,Western Europe,Germany,Prison staff Females,2007,8568
Europe,Western Europe,Netherlands,Prison staff Females,2007,3452
Europe,Eastern Europe,Hungary,Prison staff Females,2008,2274
Europe,Eastern Europe,Poland,Prison staff Females,2008,5645
Europe,Eastern Europe,Romania,Prison staff Females,2008,2516
Europe,Eastern Europe,Russian Federation,Prison staff Females,2008,124781
Europe,Eastern Europe,Slovakia,Prison staff Females,2008,1048
Europe,Northern Europe,Iceland,Prison staff Females,2008,16
Europe,Northern Europe,Lithuania,Prison staff Females,2008,1213
Europe,Southern Europe,Italy,Prison staff Females,2008,7083
Europe,Southern Europe,North Macedonia,Prison staff Females,2008,141
Europe,Southern Europe,Serbia,Prison staff Females,2008,875
Europe,Southern Europe,Spain,Prison staff Females,2008,4374
Europe,Western Europe,Germany,Prison staff Females,2008,8803
Europe,Western Europe,Netherlands,Prison staff Females,2008,3598
Europe,Eastern Europe,Hungary,Prison staff Females,2009,2246
Europe,Eastern Europe,Poland,Prison staff Females,2009,5907
Europe,Eastern Europe,Romania,Prison staff Females,2009,2548
Europe,Eastern Europe,Russian Federation,Prison staff Females,2009,124838
Europe,Eastern Europe,Slovakia,Prison staff Females,2009,1098
Europe,Northern Europe,Iceland,Prison staff Females,2009,23
Europe,Northern Europe,Lithuania,Prison staff Females,2009,1137
Europe,Southern Europe,Italy,Prison staff Females,2009,7261
Europe,Southern Europe,Montenegro,Prison staff Females,2009,92
Europe,Southern Europe,Serbia,Prison staff Females,2009,865
Europe,Southern Europe,Slovenia,Prison staff Females,2009,211
Europe,Southern Europe,Spain,Prison staff Females,2009,4991
Europe,Western Europe,Germany,Prison staff Females,2009,8826
Europe,Western Europe,Liechtenstein,Prison staff Females,2009,0
Europe,Western Europe,Netherlands,Prison staff Females,2009,3440
Europe,Eastern Europe,Hungary,Prison staff Females,2010,2345
Europe,Eastern Europe,Poland,Prison staff Females,2010,6821
Europe,Eastern Europe,Romania,Prison staff Females,2010,2494
Europe,Eastern Europe,Russian Federation,Prison staff Females,2010,124224
Europe,Eastern Europe,Slovakia,Prison staff Females,2010,1081
Europe,Northern Europe,Lithuania,Prison staff Females,2010,1117
Europe,Southern Europe,Italy,Prison staff Females,2010,7444
Europe,Southern Europe,Montenegro,Prison staff Females,2010,99
Europe,Southern Europe,Serbia,Prison staff Females,2010,915
Europe,Western Europe,Germany,Prison staff Females,2010,9117
Europe,Western Europe,Liechtenstein,Prison staff Females,2010,0
Europe,Western Europe,Netherlands,Prison staff Females,2010,3394
Europe,Eastern Europe,Hungary,Prison staff Females,2011,2304
Europe,Eastern Europe,Poland,Prison staff Females,2011,7000
Europe,Eastern Europe,Romania,Prison staff Females,2011,2529
Europe,Eastern Europe,Russian Federation,Prison staff Females,2011,121610
Europe,Eastern Europe,Slovakia,Prison staff Females,2011,1097
Europe,Northern Europe,Lithuania,Prison staff Females,2011,1094
Europe,Southern Europe,Italy,Prison staff Females,2011,7301
Europe,Southern Europe,Montenegro,Prison staff Females,2011,101
Europe,Southern Europe,Serbia,Prison staff Females,2011,1064
Europe,Western Europe,Germany,Prison staff Females,2011,8905
Europe,Western Europe,Liechtenstein,Prison staff Females,2011,0
Europe,Western Europe,Netherlands,Prison staff Females,2011,3522
Europe,Eastern Europe,Hungary,Prison staff Females,2012,2236
Europe,Eastern Europe,Poland,Prison staff Females,2012,7092
Europe,Eastern Europe,Romania,Prison staff Females,2012,2542
Europe,Eastern Europe,Russian Federation,Prison staff Females,2012,121827
Europe,Eastern Europe,Slovakia,Prison staff Females,2012,1092
Europe,Northern Europe,Iceland,Prison staff Females,2012,17
Europe,Northern Europe,Lithuania,Prison staff Females,2012,1056
Europe,Southern Europe,Italy,Prison staff Females,2012,7630
Europe,Southern Europe,Montenegro,Prison staff Females,2012,103
Europe,Southern Europe,Serbia,Prison staff Females,2012,1017
Europe,Southern Europe,Slovenia,Prison staff Females,2012,211
Europe,Western Europe,Germany,Prison staff Females,2012,9177
Europe,Western Europe,Liechtenstein,Prison staff Females,2012,0
Europe,Western Europe,Netherlands,Prison staff Females,2012,3502
Europe,Eastern Europe,Hungary,Prison staff Females,2013,2201
Europe,Eastern Europe,Poland,Prison staff Females,2013,7229
Europe,Eastern Europe,Romania,Prison staff Females,2013,2496
Europe,Eastern Europe,Russian Federation,Prison staff Females,2013,114147
Europe,Eastern Europe,Slovakia,Prison staff Females,2013,1084
Europe,Northern Europe,Iceland,Prison staff Females,2013,24
Europe,Northern Europe,Latvia,Prison staff Females,2013,746
Europe,Northern Europe,Lithuania,Prison staff Females,2013,1131
Europe,Southern Europe,Italy,Prison staff Females,2013,7568
Europe,Southern Europe,Montenegro,Prison staff Females,2013,101
Europe,Southern Europe,Portugal,Prison staff Females,2013,1429
Europe,Southern Europe,Serbia,Prison staff Females,2013,1054
Europe,Southern Europe,Slovenia,Prison staff Females,2013,203
Europe,Western Europe,Germany,Prison staff Females,2013,9477
Europe,Western Europe,Liechtenstein,Prison staff Females,2013,0
Europe,Eastern Europe,Hungary,Prison staff Females,2014,2441
Europe,Eastern Europe,Poland,Prison staff Females,2014,6410
Europe,Eastern Europe,Romania,Prison staff Females,2014,2509
Europe,Eastern Europe,Russian Federation,Prison staff Females,2014,112982
Europe,Eastern Europe,Slovakia,Prison staff Females,2014,1104
Europe,Northern Europe,Iceland,Prison staff Females,2014,30
Europe,Northern Europe,Latvia,Prison staff Females,2014,873
Europe,Northern Europe,Lithuania,Prison staff Females,2014,1129
Europe,Northern Europe,Sweden,Prison staff Females,2014,2405
Europe,Southern Europe,Italy,Prison staff Females,2014,7173
Europe,Southern Europe,Montenegro,Prison staff Females,2014,105
Europe,Southern Europe,Portugal,Prison staff Females,2014,1258
Europe,Southern Europe,Serbia,Prison staff Females,2014,1059
Europe,Southern Europe,Slovenia,Prison staff Females,2014,159
Europe,Southern Europe,Spain,Prison staff Females,2014,6759
Europe,Western Europe,Germany,Prison staff Females,2014,9554
Europe,Western Europe,Liechtenstein,Prison staff Females,2014,0
Europe,Western Europe,Netherlands,Prison staff Females,2014,3252
Europe,Eastern Europe,Poland,Prison staff Females,2015,6382
Europe,Eastern Europe,Romania,Prison staff Females,2015,2524
Europe,Eastern Europe,Russian Federation,Prison staff Females,2015,106959
Europe,Eastern Europe,Slovakia,Prison staff Females,2015,1049
Europe,Northern Europe,Iceland,Prison staff Females,2015,29
Europe,Northern Europe,Latvia,Prison staff Females,2015,925
Europe,Northern Europe,Lithuania,Prison staff Females,2015,1144
Europe,Northern Europe,Sweden,Prison staff Females,2015,2390
Europe,Southern Europe,Greece,Prison staff Females,2015,677
Europe,Southern Europe,Italy,Prison staff Females,2015,7256
Europe,Southern Europe,Montenegro,Prison staff Females,2015,94
Europe,Southern Europe,Portugal,Prison staff Females,2015,1252
Europe,Southern Europe,Serbia,Prison staff Females,2015,1014
Europe,Southern Europe,Slovenia,Prison staff Females,2015,177
Europe,Southern Europe,Spain,Prison staff Females,2015,6714
Europe,Western Europe,Germany,Prison staff Females,2015,9620
Europe,Western Europe,Liechtenstein,Prison staff Females,2015,0
Europe,Western Europe,Netherlands,Prison staff Females,2015,3009
Europe,Eastern Europe,Hungary,Prison staff Females,2016,2743
Europe,Eastern Europe,Poland,Prison staff Females,2016,6491
Europe,Eastern Europe,Romania,Prison staff Females,2016,2609
Europe,Eastern Europe,Russian Federation,Prison staff Females,2016,103543
Europe,Eastern Europe,Slovakia,Prison staff Females,2016,1117
Europe,Northern Europe,Iceland,Prison staff Females,2016,27
Europe,Northern Europe,Latvia,Prison staff Females,2016,947
Europe,Northern Europe,Lithuania,Prison staff Females,2016,1155
Europe,Northern Europe,Sweden,Prison staff Females,2016,2428
Europe,Southern Europe,Greece,Prison staff Females,2016,674
Europe,Southern Europe,Italy,Prison staff Females,2016,5895
Europe,Southern Europe,Montenegro,Prison staff Females,2016,88
Europe,Southern Europe,Portugal,Prison staff Females,2016,1273
Europe,Southern Europe,Serbia,Prison staff Females,2016,1029
Europe,Southern Europe,Slovenia,Prison staff Females,2016,220
Europe,Southern Europe,Spain,Prison staff Females,2016,6775
Europe,Western Europe,Germany,Prison staff Females,2016,9767
Europe,Western Europe,Liechtenstein,Prison staff Females,2016,0
Europe,Western Europe,Luxembourg,Prison staff Females,2016,87
Europe,Western Europe,Netherlands,Prison staff Females,2016,2722
Europe,Eastern Europe,Hungary,Prison staff Females,2017,3053
Europe,Eastern Europe,Poland,Prison staff Females,2017,6632
Europe,Eastern Europe,Romania,Prison staff Females,2017,2838
Europe,Eastern Europe,Russian Federation,Prison staff Females,2017,100962
Europe,Eastern Europe,Slovakia,Prison staff Females,2017,1148
Europe,Northern Europe,Iceland,Prison staff Females,2017,32
Europe,Northern Europe,Latvia,Prison staff Females,2017,923
Europe,Northern Europe,Lithuania,Prison staff Females,2017,1280
Europe,Northern Europe,Sweden,Prison staff Females,2017,2461
Europe,Southern Europe,Greece,Prison staff Females,2017,680
Europe,Southern Europe,Italy,Prison staff Females,2017,6292
Europe,Southern Europe,Montenegro,Prison staff Females,2017,108
Europe,Southern Europe,North Macedonia,Prison staff Females,2017,149
Europe,Southern Europe,Portugal,Prison staff Females,2017,1381
Europe,Southern Europe,Serbia,Prison staff Females,2017,1050
Europe,Southern Europe,Slovenia,Prison staff Females,2017,221
Europe,Southern Europe,Spain,Prison staff Females,2017,6987
Europe,Western Europe,Germany,Prison staff Females,2017,10115
Europe,Western Europe,Liechtenstein,Prison staff Females,2017,0
Europe,Eastern Europe,Poland,Personnel responsible for Surveillance,2014,16114
Europe,Eastern Europe,Romania,Personnel responsible for Surveillance,2014,7885
Europe,Eastern Europe,Slovakia,Personnel responsible for Surveillance,2014,3353
Europe,Northern Europe,Latvia,Personnel responsible for Surveillance,2014,1684
Europe,Northern Europe,Lithuania,Personnel responsible for Surveillance,2014,1984
Europe,Northern Europe,Sweden,Personnel responsible for Surveillance,2014,4276
Europe,Southern Europe,Italy,Personnel responsible for Surveillance,2014,37454
Europe,Southern Europe,Portugal,Personnel responsible for Surveillance,2014,3977
Europe,Southern Europe,Serbia,Personnel responsible for Surveillance,2014,2395
Europe,Southern Europe,Spain,Personnel responsible for Surveillance,2014,15206
Europe,Western Europe,Luxembourg,Personnel responsible for Surveillance,2014,293
Europe,Western Europe,Netherlands,Personnel responsible for Surveillance,2014,5866
Europe,Western Europe,Switzerland,Personnel responsible for Surveillance,2014,2028
Europe,Eastern Europe,Poland,Personnel responsible for Surveillance,2015,15853
Europe,Eastern Europe,Romania,Personnel responsible for Surveillance,2015,7957
Europe,Eastern Europe,Slovakia,Personnel responsible for Surveillance,2015,3249
Europe,Northern Europe,Latvia,Personnel responsible for Surveillance,2015,1705
Europe,Northern Europe,Lithuania,Personnel responsible for Surveillance,2015,1987
Europe,Northern Europe,Sweden,Personnel responsible for Surveillance,2015,4320
Europe,Southern Europe,Greece,Personnel responsible for Surveillance,2015,3944
Europe,Southern Europe,Italy,Personnel responsible for Surveillance,2015,36981
Europe,Southern Europe,Portugal,Personnel responsible for Surveillance,2015,3916
Europe,Southern Europe,Serbia,Personnel responsible for Surveillance,2015,2350
Europe,Southern Europe,Spain,Personnel responsible for Surveillance,2015,14991
Europe,Western Europe,Luxembourg,Personnel responsible for Surveillance,2015,293
Europe,Western Europe,Netherlands,Personnel responsible for Surveillance,2015,5307
Europe,Western Europe,Switzerland,Personnel responsible for Surveillance,2015,2102
Europe,Eastern Europe,Poland,Personnel responsible for Surveillance,2016,16063
Europe,Eastern Europe,Romania,Personnel responsible for Surveillance,2016,7584
Europe,Eastern Europe,Slovakia,Personnel responsible for Surveillance,2016,3368
Europe,Northern Europe,Latvia,Personnel responsible for Surveillance,2016,1727
Europe,Northern Europe,Lithuania,Personnel responsible for Surveillance,2016,1895
Europe,Northern Europe,Sweden,Personnel responsible for Surveillance,2016,4371
Europe,Southern Europe,Greece,Personnel responsible for Surveillance,2016,3917
Europe,Southern Europe,Italy,Personnel responsible for Surveillance,2016,36558
Europe,Southern Europe,Portugal,Personnel responsible for Surveillance,2016,3891
Europe,Southern Europe,Serbia,Personnel responsible for Surveillance,2016,2296
Europe,Southern Europe,Slovenia,Personnel responsible for Surveillance,2016,496
Europe,Southern Europe,Spain,Personnel responsible for Surveillance,2016,14949
Europe,Western Europe,Luxembourg,Personnel responsible for Surveillance,2016,320
Europe,Western Europe,Netherlands,Personnel responsible for Surveillance,2016,4865
Europe,Western Europe,Switzerland,Personnel responsible for Surveillance,2016,2101
Europe,Eastern Europe,Poland,Personnel responsible for Surveillance,2017,16071
Europe,Eastern Europe,Romania,Personnel responsible for Surveillance,2017,7955
Europe,Eastern Europe,Ukraine,Personnel responsible for Surveillance,2017,14395
Europe,Northern Europe,Latvia,Personnel responsible for Surveillance,2017,1641
Europe,Northern Europe,Sweden,Personnel responsible for Surveillance,2017,4428
Europe,Southern Europe,Greece,Personnel responsible for Surveillance,2017,3865
Europe,Southern Europe,Italy,Personnel responsible for Surveillance,2017,36688
Europe,Southern Europe,North Macedonia,Personnel responsible for Surveillance,2017,535
Europe,Southern Europe,Portugal,Personnel responsible for Surveillance,2017,4251
Europe,Southern Europe,Serbia,Personnel responsible for Surveillance,2017,2358
Europe,Southern Europe,Spain,Personnel responsible for Surveillance,2017,15262
Europe,Western Europe,Luxembourg,Personnel responsible for Surveillance,2017,336
Europe,Eastern Europe,Poland,Personnel responsible for Education/Training/Health ,2014,5969
Europe,Eastern Europe,Romania,Personnel responsible for Education/Training/Health ,2014,1366
Europe,Eastern Europe,Slovakia,Personnel responsible for Education/Training/Health ,2014,249
Europe,Northern Europe,Latvia,Personnel responsible for Education/Training/Health ,2014,368
Europe,Northern Europe,Lithuania,Personnel responsible for Education/Training/Health ,2014,539
Europe,Northern Europe,Sweden,Personnel responsible for Education/Training/Health ,2014,696
Europe,Southern Europe,Italy,Personnel responsible for Education/Training/Health ,2014,990
Europe,Southern Europe,Portugal,Personnel responsible for Education/Training/Health ,2014,410
Europe,Southern Europe,Serbia,Personnel responsible for Education/Training/Health ,2014,1100
Europe,Southern Europe,Spain,Personnel responsible for Education/Training/Health ,2014,2264
Europe,Western Europe,Luxembourg,Personnel responsible for Education/Training/Health ,2014,62
Europe,Western Europe,Netherlands,Personnel responsible for Education/Training/Health ,2014,2498
Europe,Western Europe,Switzerland,Personnel responsible for Education/Training/Health ,2014,818
Europe,Eastern Europe,Poland,Personnel responsible for Education/Training/Health ,2015,5852
Europe,Eastern Europe,Romania,Personnel responsible for Education/Training/Health ,2015,1320
Europe,Eastern Europe,Slovakia,Personnel responsible for Education/Training/Health ,2015,238
Europe,Northern Europe,Latvia,Personnel responsible for Education/Training/Health ,2015,407
Europe,Northern Europe,Lithuania,Personnel responsible for Education/Training/Health ,2015,526
Europe,Northern Europe,Sweden,Personnel responsible for Education/Training/Health ,2015,694
Europe,Southern Europe,Greece,Personnel responsible for Education/Training/Health ,2015,195
Europe,Southern Europe,Italy,Personnel responsible for Education/Training/Health ,2015,966
Europe,Southern Europe,Portugal,Personnel responsible for Education/Training/Health ,2015,417
Europe,Southern Europe,Serbia,Personnel responsible for Education/Training/Health ,2015,1017
Europe,Southern Europe,Spain,Personnel responsible for Education/Training/Health ,2015,2209
Europe,Western Europe,Luxembourg,Personnel responsible for Education/Training/Health ,2015,62
Europe,Western Europe,Netherlands,Personnel responsible for Education/Training/Health ,2015,2371
Europe,Western Europe,Switzerland,Personnel responsible for Education/Training/Health ,2015,884
Europe,Eastern Europe,Poland,Personnel responsible for Education/Training/Health ,2016,5860
Europe,Eastern Europe,Romania,Personnel responsible for Education/Training/Health ,2016,1500
Europe,Eastern Europe,Slovakia,Personnel responsible for Education/Training/Health ,2016,248
Europe,Northern Europe,Latvia,Personnel responsible for Education/Training/Health ,2016,437
Europe,Northern Europe,Lithuania,Personnel responsible for Education/Training/Health ,2016,540
Europe,Northern Europe,Sweden,Personnel responsible for Education/Training/Health ,2016,702
Europe,Southern Europe,Greece,Personnel responsible for Education/Training/Health ,2016,196
Europe,Southern Europe,Italy,Personnel responsible for Education/Training/Health ,2016,927
Europe,Southern Europe,Portugal,Personnel responsible for Education/Training/Health ,2016,426
Europe,Southern Europe,Serbia,Personnel responsible for Education/Training/Health ,2016,997
Europe,Southern Europe,Slovenia,Personnel responsible for Education/Training/Health ,2016,178
Europe,Southern Europe,Spain,Personnel responsible for Education/Training/Health ,2016,2151
Europe,Western Europe,Luxembourg,Personnel responsible for Education/Training/Health ,2016,56
Europe,Western Europe,Netherlands,Personnel responsible for Education/Training/Health ,2016,2192
Europe,Western Europe,Switzerland,Personnel responsible for Education/Training/Health ,2016,882
Europe,Eastern Europe,Poland,Personnel responsible for Education/Training/Health ,2017,5864
Europe,Eastern Europe,Romania,Personnel responsible for Education/Training/Health ,2017,1644
Europe,Northern Europe,Latvia,Personnel responsible for Education/Training/Health ,2017,431
Europe,Northern Europe,Sweden,Personnel responsible for Education/Training/Health ,2017,739
Europe,Southern Europe,Greece,Personnel responsible for Education/Training/Health ,2017,194
Europe,Southern Europe,Italy,Personnel responsible for Education/Training/Health ,2017,1164
Europe,Southern Europe,North Macedonia,Personnel responsible for Education/Training/Health ,2017,122
Europe,Southern Europe,Portugal,Personnel responsible for Education/Training/Health ,2017,460
Europe,Southern Europe,Serbia,Personnel responsible for Education/Training/Health ,2017,993
Europe,Southern Europe,Spain,Personnel responsible for Education/Training/Health ,2017,2184
Europe,Western Europe,Luxembourg,Personnel responsible for Education/Training/Health ,2017,60
Europe,Eastern Europe,Poland,"Personnel responsible for Administration/Management/Other",2014,8266
Europe,Eastern Europe,Romania,"Personnel responsible for Administration/Management/Other",2014,2802
Europe,Eastern Europe,Slovakia,"Personnel responsible for Administration/Management/Other",2014,1613
Europe,Northern Europe,Latvia,"Personnel responsible for Administration/Management/Other",2014,509
Europe,Northern Europe,Lithuania,"Personnel responsible for Administration/Management/Other",2014,592
Europe,Northern Europe,Sweden,"Personnel responsible for Administration/Management/Other",2014,1041
Europe,Southern Europe,Italy,"Personnel responsible for Administration/Management/Other",2014,5477
Europe,Southern Europe,Portugal,"Personnel responsible for Administration/Management/Other",2014,618
Europe,Southern Europe,Serbia,"Personnel responsible for Administration/Management/Other",2014,748
Europe,Southern Europe,Spain,"Personnel responsible for Administration/Management/Other",2014,4585
Europe,Western Europe,Luxembourg,"Personnel responsible for Administration/Management/Other",2014,51
Europe,Western Europe,Netherlands,"Personnel responsible for Administration/Management/Other",2014,1839
Europe,Western Europe,Switzerland,"Personnel responsible for Administration/Management/Other",2014,381
Europe,Eastern Europe,Poland,"Personnel responsible for Administration/Management/Other",2015,8230
Europe,Eastern Europe,Romania,"Personnel responsible for Administration/Management/Other",2015,2883
Europe,Eastern Europe,Slovakia,"Personnel responsible for Administration/Management/Other",2015,1712
Europe,Northern Europe,Latvia,"Personnel responsible for Administration/Management/Other",2015,503
Europe,Northern Europe,Lithuania,"Personnel responsible for Administration/Management/Other",2015,597
Europe,Northern Europe,Sweden,"Personnel responsible for Administration/Management/Other",2015,962
Europe,Southern Europe,Greece,"Personnel responsible for Administration/Management/Other",2015,416
Europe,Southern Europe,Italy,"Personnel responsible for Administration/Management/Other",2015,5385
Europe,Southern Europe,Portugal,"Personnel responsible for Administration/Management/Other",2015,621
Europe,Southern Europe,Serbia,"Personnel responsible for Administration/Management/Other",2015,685
Europe,Southern Europe,Spain,"Personnel responsible for Administration/Management/Other",2015,4638
Europe,Western Europe,Luxembourg,"Personnel responsible for Administration/Management/Other",2015,51
Europe,Western Europe,Netherlands,"Personnel responsible for Administration/Management/Other",2015,1674
Europe,Western Europe,Switzerland,"Personnel responsible for Administration/Management/Other",2015,403
Europe,Eastern Europe,Poland,"Personnel responsible for Administration/Management/Other",2016,8268
Europe,Eastern Europe,Romania,"Personnel responsible for Administration/Management/Other",2016,2600
Europe,Eastern Europe,Slovakia,"Personnel responsible for Administration/Management/Other",2016,1639
Europe,Northern Europe,Latvia,"Personnel responsible for Administration/Management/Other",2016,495
Europe,Northern Europe,Lithuania,"Personnel responsible for Administration/Management/Other",2016,590
Europe,Northern Europe,Sweden,"Personnel responsible for Administration/Management/Other",2016,1015
Europe,Southern Europe,Greece,"Personnel responsible for Administration/Management/Other",2016,406
Europe,Southern Europe,Italy,"Personnel responsible for Administration/Management/Other",2016,3630
Europe,Southern Europe,Portugal,"Personnel responsible for Administration/Management/Other",2016,654
Europe,Southern Europe,Serbia,"Personnel responsible for Administration/Management/Other",2016,701
Europe,Southern Europe,Slovenia,"Personnel responsible for Administration/Management/Other",2016,99
Europe,Southern Europe,Spain,"Personnel responsible for Administration/Management/Other",2016,4645
Europe,Western Europe,Luxembourg,"Personnel responsible for Administration/Management/Other",2016,64
Europe,Western Europe,Netherlands,"Personnel responsible for Administration/Management/Other",2016,1364
Europe,Western Europe,Switzerland,"Personnel responsible for Administration/Management/Other",2016,404
Europe,Eastern Europe,Poland,"Personnel responsible for Administration/Management/Other",2017,8292
Europe,Eastern Europe,Romania,"Personnel responsible for Administration/Management/Other",2017,2679
Europe,Eastern Europe,Ukraine,"Personnel responsible for Administration/Management/Other",2017,668
Europe,Northern Europe,Latvia,"Personnel responsible for Administration/Management/Other",2017,488
Europe,Northern Europe,Sweden,"Personnel responsible for Administration/Management/Other",2017,905
Europe,Southern Europe,Greece,"Personnel responsible for Administration/Management/Other",2017,443
Europe,Southern Europe,Italy,"Personnel responsible for Administration/Management/Other",2017,3793
Europe,Southern Europe,North Macedonia,"Personnel responsible for Administration/Management/Other",2017,114
Europe,Southern Europe,Portugal,"Personnel responsible for Administration/Management/Other",2017,694
Europe,Southern Europe,Serbia,"Personnel responsible for Administration/Management/Other",2017,693
Europe,Southern Europe,Spain,"Personnel responsible for Administration/Management/Other",2017,4541
Europe,Western Europe,Luxembourg,"Personnel responsible for Administration/Management/Other",2017,70
