country_name,country_code,year,tot
Burundi,BDI,2003,7913
Burundi,BDI,2004,7526
Burundi,BDI,2005,7167
Burundi,BDI,2006,8277
Burundi,BDI,2007,8343
Burundi,BDI,2008,9927
Burundi,BDI,2009,10816
Burundi,BDI,2010,9823
Burundi,BDI,2011,10432
Burundi,BDI,2012,6369
Burundi,BDI,2013,7784
Burundi,BDI,2014,7565
Burundi,BDI,2015,9228
Burundi,BDI,2016,10127
Burundi,BDI,2017,10093
Burundi,BDI,2018,10987
Comoros,COM,2003,
Comoros,COM,2004,
Comoros,COM,2005,
Comoros,COM,2006,
Comoros,COM,2007,
Comoros,COM,2008,
Comoros,COM,2009,150
Comoros,COM,2010,
Comoros,COM,2011,
Comoros,COM,2012,
Comoros,COM,2013,206
Comoros,COM,2014,120
Comoros,COM,2015,145
Comoros,COM,2016,
Comoros,COM,2017,191
Comoros,COM,2018,225
Djibouti,DJI,2003,
Djibouti,DJI,2004,
Djibouti,DJI,2005,
Djibouti,DJI,2006,
Djibouti,DJI,2007,
Djibouti,DJI,2008,
Djibouti,DJI,2009,525
Djibouti,DJI,2010,
Djibouti,DJI,2011,750
Djibouti,DJI,2012,
Djibouti,DJI,2013,550
Djibouti,DJI,2014,
Djibouti,DJI,2015,600
Djibouti,DJI,2016,600
Djibouti,DJI,2017,624
Djibouti,DJI,2018,662
Ethiopia,ETH,2003,
Ethiopia,ETH,2004,74413
Ethiopia,ETH,2005,
Ethiopia,ETH,2006,72211
Ethiopia,ETH,2007,
Ethiopia,ETH,2008,85664
Ethiopia,ETH,2009,
Ethiopia,ETH,2010,104467
Ethiopia,ETH,2011,
Ethiopia,ETH,2012,111050
Ethiopia,ETH,2013,
Ethiopia,ETH,2014,113727
Ethiopia,ETH,2015,
Ethiopia,ETH,2016,
Ethiopia,ETH,2017,
Ethiopia,ETH,2018,
Kenya,KEN,2003,
Kenya,KEN,2004,55000
Kenya,KEN,2005,50000
Kenya,KEN,2006,
Kenya,KEN,2007,
Kenya,KEN,2008,49092
Kenya,KEN,2009,48122
Kenya,KEN,2010,48153
Kenya,KEN,2011,51068
Kenya,KEN,2012,44522
Kenya,KEN,2013,53430
Kenya,KEN,2014,53537
Kenya,KEN,2015,54225
Kenya,KEN,2016,48500
Kenya,KEN,2017,51021
Kenya,KEN,2018,52198
Madagascar,MDG,2003,19000
Madagascar,MDG,2004,19971
Madagascar,MDG,2005,20294
Madagascar,MDG,2006,17495
Madagascar,MDG,2007,
Madagascar,MDG,2008,16555
Madagascar,MDG,2009,
Madagascar,MDG,2010,18355
Madagascar,MDG,2011,18578
Madagascar,MDG,2012,19150
Madagascar,MDG,2013,19804
Madagascar,MDG,2014,20353
Madagascar,MDG,2015,20595
Madagascar,MDG,2016,22000
Madagascar,MDG,2017,20975
Madagascar,MDG,2018,24928
Malawi,MWI,2003,8566
Malawi,MWI,2004,9220
Malawi,MWI,2005,9656
Malawi,MWI,2006,11000
Malawi,MWI,2007,10830
Malawi,MWI,2008,11000
Malawi,MWI,2009,
Malawi,MWI,2010,11672
Malawi,MWI,2011,
Malawi,MWI,2012,12236
Malawi,MWI,2013,
Malawi,MWI,2014,12156
Malawi,MWI,2015,12129
Malawi,MWI,2016,14018
Malawi,MWI,2017,14795
Malawi,MWI,2018,13929
Mauritius,MUS,2003,2494
Mauritius,MUS,2004,2358
Mauritius,MUS,2005,2473
Mauritius,MUS,2006,2269
Mauritius,MUS,2007,2271
Mauritius,MUS,2008,2161
Mauritius,MUS,2009,2279
Mauritius,MUS,2010,2400
Mauritius,MUS,2011,2615
Mauritius,MUS,2012,2690
Mauritius,MUS,2013,2514
Mauritius,MUS,2014,2310
Mauritius,MUS,2015,2128
Mauritius,MUS,2016,2232
Mauritius,MUS,2017,2261
Mauritius,MUS,2018,2447
Mayotte,Not found,2003,163
Mayotte,Not found,2004,
Mayotte,Not found,2005,107
Mayotte,Not found,2006,
Mayotte,Not found,2007,155
Mayotte,Not found,2008,
Mayotte,Not found,2009,216
Mayotte,Not found,2010,
Mayotte,Not found,2011,211
Mayotte,Not found,2012,
Mayotte,Not found,2013,188
Mayotte,Not found,2014,
Mayotte,Not found,2015,177
Mayotte,Not found,2016,
Mayotte,Not found,2017,293
Mayotte,Not found,2018,
Mozambique,MOZ,2003,
Mozambique,MOZ,2004,15359
Mozambique,MOZ,2005,17769
Mozambique,MOZ,2006,18013
Mozambique,MOZ,2007,17858
Mozambique,MOZ,2008,27889
Mozambique,MOZ,2009,35235
Mozambique,MOZ,2010,15249
Mozambique,MOZ,2011,16304
Mozambique,MOZ,2012,
Mozambique,MOZ,2013,15663
Mozambique,MOZ,2014,15430
Mozambique,MOZ,2015,15976
Mozambique,MOZ,2016,
Mozambique,MOZ,2017,18185
Mozambique,MOZ,2018,
Reunion,Not found,2003,1071
Reunion,Not found,2004,
Reunion,Not found,2005,1040
Reunion,Not found,2006,
Reunion,Not found,2007,1307
Reunion,Not found,2008,
Reunion,Not found,2009,
Reunion,Not found,2010,
Reunion,Not found,2011,1078
Reunion,Not found,2012,
Reunion,Not found,2013,1128
Reunion,Not found,2014,
Reunion,Not found,2015,1046
Reunion,Not found,2016,
Reunion,Not found,2017,1060
Reunion,Not found,2018,
Rwanda,RWA,2003,
Rwanda,RWA,2004,
Rwanda,RWA,2005,
Rwanda,RWA,2006,
Rwanda,RWA,2007,
Rwanda,RWA,2008,
Rwanda,RWA,2009,
Rwanda,RWA,2010,55000
Rwanda,RWA,2011,
Rwanda,RWA,2012,55618
Rwanda,RWA,2013,
Rwanda,RWA,2014,53600
Rwanda,RWA,2015,54279
Rwanda,RWA,2016,
Rwanda,RWA,2017,61000
Rwanda,RWA,2018,
Seychelles,SYC,2003,172
Seychelles,SYC,2004,147
Seychelles,SYC,2005,162
Seychelles,SYC,2006,174
Seychelles,SYC,2007,172
Seychelles,SYC,2008,297
Seychelles,SYC,2009,
Seychelles,SYC,2010,432
Seychelles,SYC,2011,
Seychelles,SYC,2012,628
Seychelles,SYC,2013,
Seychelles,SYC,2014,765
Seychelles,SYC,2015,
Seychelles,SYC,2016,
Seychelles,SYC,2017,423
Seychelles,SYC,2018,382
South Sudan,SSD,2003,
South Sudan,SSD,2004,
South Sudan,SSD,2005,
South Sudan,SSD,2006,
South Sudan,SSD,2007,
South Sudan,SSD,2008,
South Sudan,SSD,2009,
South Sudan,SSD,2010,
South Sudan,SSD,2011,
South Sudan,SSD,2012,
South Sudan,SSD,2013,
South Sudan,SSD,2014,
South Sudan,SSD,2015,6504
South Sudan,SSD,2016,
South Sudan,SSD,2017,
South Sudan,SSD,2018,
Uganda,UGA,2003,17952
Uganda,UGA,2004,18549
Uganda,UGA,2005,19048
Uganda,UGA,2006,19225
Uganda,UGA,2007,19247
Uganda,UGA,2008,28775
Uganda,UGA,2009,31173
Uganda,UGA,2010,31230
Uganda,UGA,2011,32021
Uganda,UGA,2012,35212
Uganda,UGA,2013,39568
Uganda,UGA,2014,42330
Uganda,UGA,2015,45527
Uganda,UGA,2016,51354
Uganda,UGA,2017,48894
Uganda,UGA,2018,
United Republic of Tanzania,Not found,2003,
United Republic of Tanzania,Not found,2004,43244
United Republic of Tanzania,Not found,2005,46416
United Republic of Tanzania,Not found,2006,43911
United Republic of Tanzania,Not found,2007,
United Republic of Tanzania,Not found,2008,41613
United Republic of Tanzania,Not found,2009,40111
United Republic of Tanzania,Not found,2010,
United Republic of Tanzania,Not found,2011,38353
United Republic of Tanzania,Not found,2012,33338
United Republic of Tanzania,Not found,2013,36552
United Republic of Tanzania,Not found,2014,34196
United Republic of Tanzania,Not found,2015,34404
United Republic of Tanzania,Not found,2016,
United Republic of Tanzania,Not found,2017,
United Republic of Tanzania,Not found,2018,
Zambia,ZMB,2003,13200
Zambia,ZMB,2004,
Zambia,ZMB,2005,14347
Zambia,ZMB,2006,
Zambia,ZMB,2007,
Zambia,ZMB,2008,15000
Zambia,ZMB,2009,15544
Zambia,ZMB,2010,16666
Zambia,ZMB,2011,
Zambia,ZMB,2012,17000
Zambia,ZMB,2013,17021
Zambia,ZMB,2014,17160
Zambia,ZMB,2015,18560
Zambia,ZMB,2016,19000
Zambia,ZMB,2017,25000
Zambia,ZMB,2018,
Zimbabwe,ZWE,2003,21125
Zimbabwe,ZWE,2004,19888
Zimbabwe,ZWE,2005,17997
Zimbabwe,ZWE,2006,18081
Zimbabwe,ZWE,2007,16429
Zimbabwe,ZWE,2008,14029
Zimbabwe,ZWE,2009,
Zimbabwe,ZWE,2010,13361
Zimbabwe,ZWE,2011,
Zimbabwe,ZWE,2012,16900
Zimbabwe,ZWE,2013,16902
Zimbabwe,ZWE,2014,17484
Zimbabwe,ZWE,2015,18857
Zimbabwe,ZWE,2016,
Zimbabwe,ZWE,2017,19521
Zimbabwe,ZWE,2018,
Angola,AGO,2003,6008
Angola,AGO,2004,
Angola,AGO,2005,8300
Angola,AGO,2006,
Angola,AGO,2007,
Angola,AGO,2008,
Angola,AGO,2009,16183
Angola,AGO,2010,
Angola,AGO,2011,19898
Angola,AGO,2012,
Angola,AGO,2013,21634
Angola,AGO,2014,21319
Angola,AGO,2015,23674
Angola,AGO,2016,22907
Angola,AGO,2017,
Angola,AGO,2018,
Cameroon,CMR,2003,20000
Cameroon,CMR,2004,
Cameroon,CMR,2005,22734
Cameroon,CMR,2006,
Cameroon,CMR,2007,23123
Cameroon,CMR,2008,
Cameroon,CMR,2009,23368
Cameroon,CMR,2010,23766
Cameroon,CMR,2011,22812
Cameroon,CMR,2012,22891
Cameroon,CMR,2013,25314
Cameroon,CMR,2014,25908
Cameroon,CMR,2015,28120
Cameroon,CMR,2016,29341
Cameroon,CMR,2017,31836
Cameroon,CMR,2018,
Central African Republic,CAF,2003,
Central African Republic,CAF,2004,
Central African Republic,CAF,2005,1000
Central African Republic,CAF,2006,
Central African Republic,CAF,2007,1233
Central African Republic,CAF,2008,
Central African Republic,CAF,2009,2145
Central African Republic,CAF,2010,
Central African Republic,CAF,2011,845
Central African Republic,CAF,2012,
Central African Republic,CAF,2013,
Central African Republic,CAF,2014,
Central African Republic,CAF,2015,764
Central African Republic,CAF,2016,
Central African Republic,CAF,2017,
Central African Republic,CAF,2018,
Chad,TCD,2003,
Chad,TCD,2004,
Chad,TCD,2005,3416
Chad,TCD,2006,
Chad,TCD,2007,
Chad,TCD,2008,
Chad,TCD,2009,
Chad,TCD,2010,4775
Chad,TCD,2011,4831
Chad,TCD,2012,
Chad,TCD,2013,
Chad,TCD,2014,
Chad,TCD,2015,8000
Chad,TCD,2016,
Chad,TCD,2017,
Chad,TCD,2018,8700
Congo,COG,2003,
Congo,COG,2004,
Congo,COG,2005,1550
Congo,COG,2006,
Congo,COG,2007,1642
Congo,COG,2008,
Congo,COG,2009,2410
Congo,COG,2010,
Congo,COG,2011,1400
Congo,COG,2012,
Congo,COG,2013,1500
Congo,COG,2014,1240
Congo,COG,2015,
Congo,COG,2016,
Congo,COG,2017,
Congo,COG,2018,
Democratic Republic of the Congo,Not found,2003,
Democratic Republic of the Congo,Not found,2004,30000
Democratic Republic of the Congo,Not found,2005,
Democratic Republic of the Congo,Not found,2006,
Democratic Republic of the Congo,Not found,2007,
Democratic Republic of the Congo,Not found,2008,
Democratic Republic of the Congo,Not found,2009,
Democratic Republic of the Congo,Not found,2010,22000
Democratic Republic of the Congo,Not found,2011,
Democratic Republic of the Congo,Not found,2012,
Democratic Republic of the Congo,Not found,2013,
Democratic Republic of the Congo,Not found,2014,
Democratic Republic of the Congo,Not found,2015,20550
Democratic Republic of the Congo,Not found,2016,
Democratic Republic of the Congo,Not found,2017,
Democratic Republic of the Congo,Not found,2018,
Equatorial Guinea,GNQ,2003,
Equatorial Guinea,GNQ,2004,
Equatorial Guinea,GNQ,2005,
Equatorial Guinea,GNQ,2006,
Equatorial Guinea,GNQ,2007,
Equatorial Guinea,GNQ,2008,
Equatorial Guinea,GNQ,2009,
Equatorial Guinea,GNQ,2010,
Equatorial Guinea,GNQ,2011,
Equatorial Guinea,GNQ,2012,
Equatorial Guinea,GNQ,2013,
Equatorial Guinea,GNQ,2014,
Equatorial Guinea,GNQ,2015,500
Equatorial Guinea,GNQ,2016,
Equatorial Guinea,GNQ,2017,
Equatorial Guinea,GNQ,2018,
Gabon,GAB,2003,
Gabon,GAB,2004,
Gabon,GAB,2005,
Gabon,GAB,2006,
Gabon,GAB,2007,
Gabon,GAB,2008,
Gabon,GAB,2009,
Gabon,GAB,2010,
Gabon,GAB,2011,
Gabon,GAB,2012,
Gabon,GAB,2013,3500
Gabon,GAB,2014,
Gabon,GAB,2015,3373
Gabon,GAB,2016,
Gabon,GAB,2017,
Gabon,GAB,2018,
Sao Tome and Principe,STP,2003,
Sao Tome and Principe,STP,2004,
Sao Tome and Principe,STP,2005,155
Sao Tome and Principe,STP,2006,160
Sao Tome and Principe,STP,2007,
Sao Tome and Principe,STP,2008,
Sao Tome and Principe,STP,2009,240
Sao Tome and Principe,STP,2010,305
Sao Tome and Principe,STP,2011,
Sao Tome and Principe,STP,2012,217
Sao Tome and Principe,STP,2013,
Sao Tome and Principe,STP,2014,201
Sao Tome and Principe,STP,2015,178
Sao Tome and Principe,STP,2016,178
Sao Tome and Principe,STP,2017,251
Sao Tome and Principe,STP,2018,253
Algeria,DZA,2003,39806
Algeria,DZA,2004,44231
Algeria,DZA,2005,43797
Algeria,DZA,2006,54117
Algeria,DZA,2007,55119
Algeria,DZA,2008,55598
Algeria,DZA,2009,
Algeria,DZA,2010,49000
Algeria,DZA,2011,50000
Algeria,DZA,2012,50100
Algeria,DZA,2013,60220
Algeria,DZA,2014,61000
Algeria,DZA,2015,62150
Algeria,DZA,2016,
Algeria,DZA,2017,60000
Algeria,DZA,2018,63000
Egypt,EGY,2003,
Egypt,EGY,2004,
Egypt,EGY,2005,
Egypt,EGY,2006,64378
Egypt,EGY,2007,
Egypt,EGY,2008,
Egypt,EGY,2009,
Egypt,EGY,2010,
Egypt,EGY,2011,66000
Egypt,EGY,2012,
Egypt,EGY,2013,
Egypt,EGY,2014,
Egypt,EGY,2015,
Egypt,EGY,2016,106000
Egypt,EGY,2017,
Egypt,EGY,2018,
Libya,LBY,2003,
Libya,LBY,2004,9763
Libya,LBY,2005,
Libya,LBY,2006,
Libya,LBY,2007,13217
Libya,LBY,2008,
Libya,LBY,2009,
Libya,LBY,2010,13242
Libya,LBY,2011,
Libya,LBY,2012,3186
Libya,LBY,2013,5328
Libya,LBY,2014,6187
Libya,LBY,2015,
Libya,LBY,2016,
Libya,LBY,2017,
Libya,LBY,2018,
Morocco,MAR,2003,54542
Morocco,MAR,2004,59069
Morocco,MAR,2005,50933
Morocco,MAR,2006,53580
Morocco,MAR,2007,54660
Morocco,MAR,2008,59212
Morocco,MAR,2009,57563
Morocco,MAR,2010,64877
Morocco,MAR,2011,
Morocco,MAR,2012,70675
Morocco,MAR,2013,72000
Morocco,MAR,2014,74941
Morocco,MAR,2015,74039
Morocco,MAR,2016,78716
Morocco,MAR,2017,83102
Morocco,MAR,2018,83757
Sudan,SDN,2003,12000
Sudan,SDN,2004,
Sudan,SDN,2005,
Sudan,SDN,2006,
Sudan,SDN,2007,
Sudan,SDN,2008,
Sudan,SDN,2009,19144
Sudan,SDN,2010,
Sudan,SDN,2011,20000
Sudan,SDN,2012,
Sudan,SDN,2013,19101
Sudan,SDN,2014,19101
Sudan,SDN,2015,
Sudan,SDN,2016,
Sudan,SDN,2017,21000
Sudan,SDN,2018,
Tunisia,TUN,2003,
Tunisia,TUN,2004,26000
Tunisia,TUN,2005,
Tunisia,TUN,2006,
Tunisia,TUN,2007,
Tunisia,TUN,2008,
Tunisia,TUN,2009,26319
Tunisia,TUN,2010,
Tunisia,TUN,2011,21000
Tunisia,TUN,2012,
Tunisia,TUN,2013,25000
Tunisia,TUN,2014,23829
Tunisia,TUN,2015,25630
Tunisia,TUN,2016,23663
Tunisia,TUN,2017,22248
Tunisia,TUN,2018,
Botswana,BWA,2003,5890
Botswana,BWA,2004,10911
Botswana,BWA,2005,9778
Botswana,BWA,2006,9788
Botswana,BWA,2007,8912
Botswana,BWA,2008,8865
Botswana,BWA,2009,8706
Botswana,BWA,2010,7005
Botswana,BWA,2011,4712
Botswana,BWA,2012,4241
Botswana,BWA,2013,3826
Botswana,BWA,2014,4131
Botswana,BWA,2015,3960
Botswana,BWA,2016,4376
Botswana,BWA,2017,4343
Botswana,BWA,2018,
Eswatini,SWZ,2003,3169
Eswatini,SWZ,2004,2719
Eswatini,SWZ,2005,2667
Eswatini,SWZ,2006,2648
Eswatini,SWZ,2007,
Eswatini,SWZ,2008,2546
Eswatini,SWZ,2009,2713
Eswatini,SWZ,2010,
Eswatini,SWZ,2011,3764
Eswatini,SWZ,2012,3411
Eswatini,SWZ,2013,3280
Eswatini,SWZ,2014,3616
Eswatini,SWZ,2015,3610
Eswatini,SWZ,2016,
Eswatini,SWZ,2017,
Eswatini,SWZ,2018,3453
Lesotho,LSO,2003,
Lesotho,LSO,2004,3173
Lesotho,LSO,2005,2712
Lesotho,LSO,2006,2508
Lesotho,LSO,2007,2852
Lesotho,LSO,2008,2594
Lesotho,LSO,2009,2555
Lesotho,LSO,2010,2498
Lesotho,LSO,2011,
Lesotho,LSO,2012,2564
Lesotho,LSO,2013,
Lesotho,LSO,2014,2073
Lesotho,LSO,2015,
Lesotho,LSO,2016,
Lesotho,LSO,2017,
Lesotho,LSO,2018,
Namibia,NAM,2003,
Namibia,NAM,2004,4442
Namibia,NAM,2005,
Namibia,NAM,2006,
Namibia,NAM,2007,4064
Namibia,NAM,2008,
Namibia,NAM,2009,
Namibia,NAM,2010,4251
Namibia,NAM,2011,
Namibia,NAM,2012,
Namibia,NAM,2013,7525
Namibia,NAM,2014,
Namibia,NAM,2015,7235
Namibia,NAM,2016,7400
Namibia,NAM,2017,
Namibia,NAM,2018,
South Africa,ZAF,2003,180952
South Africa,ZAF,2004,186739
South Africa,ZAF,2005,157402
South Africa,ZAF,2006,
South Africa,ZAF,2007,
South Africa,ZAF,2008,164297
South Africa,ZAF,2009,
South Africa,ZAF,2010,163312
South Africa,ZAF,2011,159265
South Africa,ZAF,2012,158165
South Africa,ZAF,2013,156370
South Africa,ZAF,2014,154648
South Africa,ZAF,2015,159771
South Africa,ZAF,2016,
South Africa,ZAF,2017,158111
South Africa,ZAF,2018,164129
Benin,BEN,2003,
Benin,BEN,2004,
Benin,BEN,2005,
Benin,BEN,2006,5834
Benin,BEN,2007,
Benin,BEN,2008,6083
Benin,BEN,2009,
Benin,BEN,2010,6908
Benin,BEN,2011,
Benin,BEN,2012,7247
Benin,BEN,2013,
Benin,BEN,2014,7067
Benin,BEN,2015,
Benin,BEN,2016,
Benin,BEN,2017,7801
Benin,BEN,2018,
Burkina Faso,BFA,2003,
Burkina Faso,BFA,2004,2799
Burkina Faso,BFA,2005,3315
Burkina Faso,BFA,2006,3108
Burkina Faso,BFA,2007,4207
Burkina Faso,BFA,2008,4801
Burkina Faso,BFA,2009,
Burkina Faso,BFA,2010,5198
Burkina Faso,BFA,2011,5039
Burkina Faso,BFA,2012,5035
Burkina Faso,BFA,2013,
Burkina Faso,BFA,2014,6827
Burkina Faso,BFA,2015,7544
Burkina Faso,BFA,2016,7670
Burkina Faso,BFA,2017,
Burkina Faso,BFA,2018,
Cabo Verde,CPV,2003,
Cabo Verde,CPV,2004,
Cabo Verde,CPV,2005,
Cabo Verde,CPV,2006,
Cabo Verde,CPV,2007,
Cabo Verde,CPV,2008,
Cabo Verde,CPV,2009,1300
Cabo Verde,CPV,2010,
Cabo Verde,CPV,2011,
Cabo Verde,CPV,2012,1348
Cabo Verde,CPV,2013,1434
Cabo Verde,CPV,2014,
Cabo Verde,CPV,2015,
Cabo Verde,CPV,2016,1569
Cabo Verde,CPV,2017,1542
Cabo Verde,CPV,2018,1567
C�te d'Ivoire,Not found,2003,
C�te d'Ivoire,Not found,2004,
C�te d'Ivoire,Not found,2005,
C�te d'Ivoire,Not found,2006,13385
C�te d'Ivoire,Not found,2007,
C�te d'Ivoire,Not found,2008,11143
C�te d'Ivoire,Not found,2009,
C�te d'Ivoire,Not found,2010,
C�te d'Ivoire,Not found,2011,
C�te d'Ivoire,Not found,2012,7086
C�te d'Ivoire,Not found,2013,
C�te d'Ivoire,Not found,2014,10850
C�te d'Ivoire,Not found,2015,12147
C�te d'Ivoire,Not found,2016,11192
C�te d'Ivoire,Not found,2017,16127
C�te d'Ivoire,Not found,2018,
Gambia,GMB,2003,
Gambia,GMB,2004,
Gambia,GMB,2005,
Gambia,GMB,2006,
Gambia,GMB,2007,
Gambia,GMB,2008,
Gambia,GMB,2009,780
Gambia,GMB,2010,
Gambia,GMB,2011,1000
Gambia,GMB,2012,
Gambia,GMB,2013,1000
Gambia,GMB,2014,1121
Gambia,GMB,2015,
Gambia,GMB,2016,
Gambia,GMB,2017,
Gambia,GMB,2018,
Ghana,GHA,2003,11397
Ghana,GHA,2004,11581
Ghana,GHA,2005,12371
Ghana,GHA,2006,12847
Ghana,GHA,2007,
Ghana,GHA,2008,14128
Ghana,GHA,2009,
Ghana,GHA,2010,13507
Ghana,GHA,2011,
Ghana,GHA,2012,13487
Ghana,GHA,2013,14021
Ghana,GHA,2014,14599
Ghana,GHA,2015,14337
Ghana,GHA,2016,14368
Ghana,GHA,2017,14846
Ghana,GHA,2018,14467
Guinea,GIN,2003,
Guinea,GIN,2004,
Guinea,GIN,2005,
Guinea,GIN,2006,
Guinea,GIN,2007,2539
Guinea,GIN,2008,2780
Guinea,GIN,2009,
Guinea,GIN,2010,3800
Guinea,GIN,2011,
Guinea,GIN,2012,2600
Guinea,GIN,2013,
Guinea,GIN,2014,3110
Guinea,GIN,2015,
Guinea,GIN,2016,2900
Guinea,GIN,2017,3200
Guinea,GIN,2018,
Guinea-Bissau,GNB,2003,
Guinea-Bissau,GNB,2004,
Guinea-Bissau,GNB,2005,
Guinea-Bissau,GNB,2006,
Guinea-Bissau,GNB,2007,
Guinea-Bissau,GNB,2008,
Guinea-Bissau,GNB,2009,
Guinea-Bissau,GNB,2010,
Guinea-Bissau,GNB,2011,
Guinea-Bissau,GNB,2012,
Guinea-Bissau,GNB,2013,
Guinea-Bissau,GNB,2014,526
Guinea-Bissau,GNB,2015,
Guinea-Bissau,GNB,2016,
Guinea-Bissau,GNB,2017,596
Guinea-Bissau,GNB,2018,
Liberia,LBR,2003,
Liberia,LBR,2004,
Liberia,LBR,2005,
Liberia,LBR,2006,
Liberia,LBR,2007,1022
Liberia,LBR,2008,
Liberia,LBR,2009,1420
Liberia,LBR,2010,
Liberia,LBR,2011,1601
Liberia,LBR,2012,
Liberia,LBR,2013,1827
Liberia,LBR,2014,1930
Liberia,LBR,2015,2104
Liberia,LBR,2016,
Liberia,LBR,2017,2211
Liberia,LBR,2018,2426
Mali,MLI,2003,
Mali,MLI,2004,4407
Mali,MLI,2005,
Mali,MLI,2006,
Mali,MLI,2007,
Mali,MLI,2008,
Mali,MLI,2009,6700
Mali,MLI,2010,
Mali,MLI,2011,5817
Mali,MLI,2012,
Mali,MLI,2013,4963
Mali,MLI,2014,5209
Mali,MLI,2015,
Mali,MLI,2016,
Mali,MLI,2017,
Mali,MLI,2018,
Mauritania,MRT,2003,1185
Mauritania,MRT,2004,
Mauritania,MRT,2005,815
Mauritania,MRT,2006,
Mauritania,MRT,2007,
Mauritania,MRT,2008,
Mauritania,MRT,2009,
Mauritania,MRT,2010,1700
Mauritania,MRT,2011,
Mauritania,MRT,2012,1602
Mauritania,MRT,2013,
Mauritania,MRT,2014,1768
Mauritania,MRT,2015,
Mauritania,MRT,2016,1920
Mauritania,MRT,2017,
Mauritania,MRT,2018,
Niger,NER,2003,
Niger,NER,2004,
Niger,NER,2005,7432
Niger,NER,2006,7381
Niger,NER,2007,6562
Niger,NER,2008,6664
Niger,NER,2009,6869
Niger,NER,2010,5337
Niger,NER,2011,7645
Niger,NER,2012,6899
Niger,NER,2013,8063
Niger,NER,2014,
Niger,NER,2015,8525
Niger,NER,2016,
Niger,NER,2017,
Niger,NER,2018,9570
Nigeria,NGA,2003,
Nigeria,NGA,2004,38999
Nigeria,NGA,2005,39006
Nigeria,NGA,2006,40953
Nigeria,NGA,2007,39438
Nigeria,NGA,2008,41130
Nigeria,NGA,2009,42685
Nigeria,NGA,2010,47072
Nigeria,NGA,2011,48658
Nigeria,NGA,2012,51560
Nigeria,NGA,2013,55173
Nigeria,NGA,2014,56620
Nigeria,NGA,2015,
Nigeria,NGA,2016,63142
Nigeria,NGA,2017,75772
Nigeria,NGA,2018,71522
Senegal,SEN,2003,
Senegal,SEN,2004,
Senegal,SEN,2005,25372
Senegal,SEN,2006,31319
Senegal,SEN,2007,30340
Senegal,SEN,2008,31904
Senegal,SEN,2009,32608
Senegal,SEN,2010,29609
Senegal,SEN,2011,
Senegal,SEN,2012,8428
Senegal,SEN,2013,
Senegal,SEN,2014,8630
Senegal,SEN,2015,
Senegal,SEN,2016,9310
Senegal,SEN,2017,9321
Senegal,SEN,2018,12500
Sierra Leone,SLE,2003,
Sierra Leone,SLE,2004,1400
Sierra Leone,SLE,2005,1740
Sierra Leone,SLE,2006,1610
Sierra Leone,SLE,2007,1978
Sierra Leone,SLE,2008,1886
Sierra Leone,SLE,2009,
Sierra Leone,SLE,2010,2237
Sierra Leone,SLE,2011,
Sierra Leone,SLE,2012,2762
Sierra Leone,SLE,2013,3281
Sierra Leone,SLE,2014,3603
Sierra Leone,SLE,2015,3488
Sierra Leone,SLE,2016,3341
Sierra Leone,SLE,2017,4519
Sierra Leone,SLE,2018,4519
Togo,TGO,2003,3200
Togo,TGO,2004,
Togo,TGO,2005,
Togo,TGO,2006,
Togo,TGO,2007,
Togo,TGO,2008,
Togo,TGO,2009,
Togo,TGO,2010,4116
Togo,TGO,2011,
Togo,TGO,2012,4214
Togo,TGO,2013,
Togo,TGO,2014,4493
Togo,TGO,2015,4422
Togo,TGO,2016,4523
Togo,TGO,2017,4859
Togo,TGO,2018,5109
Anguilla,Not found,2003,
Anguilla,Not found,2004,41
Anguilla,Not found,2005,
Anguilla,Not found,2006,45
Anguilla,Not found,2007,
Anguilla,Not found,2008,44
Anguilla,Not found,2009,
Anguilla,Not found,2010,58
Anguilla,Not found,2011,
Anguilla,Not found,2012,76
Anguilla,Not found,2013,
Anguilla,Not found,2014,60
Anguilla,Not found,2015,
Anguilla,Not found,2016,46
Anguilla,Not found,2017,55
Anguilla,Not found,2018,55
Antigua and Barbuda,ATG,2003,
Antigua and Barbuda,ATG,2004,191
Antigua and Barbuda,ATG,2005,194
Antigua and Barbuda,ATG,2006,193
Antigua and Barbuda,ATG,2007,
Antigua and Barbuda,ATG,2008,229
Antigua and Barbuda,ATG,2009,
Antigua and Barbuda,ATG,2010,295
Antigua and Barbuda,ATG,2011,
Antigua and Barbuda,ATG,2012,361
Antigua and Barbuda,ATG,2013,371
Antigua and Barbuda,ATG,2014,331
Antigua and Barbuda,ATG,2015,
Antigua and Barbuda,ATG,2016,371
Antigua and Barbuda,ATG,2017,305
Antigua and Barbuda,ATG,2018,305
Aruba,ABW,2003,
Aruba,ABW,2004,
Aruba,ABW,2005,231
Aruba,ABW,2006,
Aruba,ABW,2007,277
Aruba,ABW,2008,
Aruba,ABW,2009,
Aruba,ABW,2010,
Aruba,ABW,2011,246
Aruba,ABW,2012,
Aruba,ABW,2013,240
Aruba,ABW,2014,170
Aruba,ABW,2015,
Aruba,ABW,2016,
Aruba,ABW,2017,
Aruba,ABW,2018,
Bahamas,Not found,2003,
Bahamas,Not found,2004,2829
Bahamas,Not found,2005,2897
Bahamas,Not found,2006,2416
Bahamas,Not found,2007,1325
Bahamas,Not found,2008,1321
Bahamas,Not found,2009,1250
Bahamas,Not found,2010,1278
Bahamas,Not found,2011,1360
Bahamas,Not found,2012,1433
Bahamas,Not found,2013,
Bahamas,Not found,2014,1396
Bahamas,Not found,2015,
Bahamas,Not found,2016,1746
Bahamas,Not found,2017,
Bahamas,Not found,2018,1778
Barbados,BRB,2003,992
Barbados,BRB,2004,
Barbados,BRB,2005,997
Barbados,BRB,2006,
Barbados,BRB,2007,1010
Barbados,BRB,2008,1046
Barbados,BRB,2009,898
Barbados,BRB,2010,910
Barbados,BRB,2011,1060
Barbados,BRB,2012,1045
Barbados,BRB,2013,908
Barbados,BRB,2014,864
Barbados,BRB,2015,954
Barbados,BRB,2016,913
Barbados,BRB,2017,885
Barbados,BRB,2018,850
British Virgin Islands,VGB,2003,
British Virgin Islands,VGB,2004,
British Virgin Islands,VGB,2005,105
British Virgin Islands,VGB,2006,
British Virgin Islands,VGB,2007,
British Virgin Islands,VGB,2008,117
British Virgin Islands,VGB,2009,
British Virgin Islands,VGB,2010,117
British Virgin Islands,VGB,2011,
British Virgin Islands,VGB,2012,138
British Virgin Islands,VGB,2013,
British Virgin Islands,VGB,2014,134
British Virgin Islands,VGB,2015,
British Virgin Islands,VGB,2016,
British Virgin Islands,VGB,2017,
British Virgin Islands,VGB,2018,
Cayman Islands,CYM,2003,
Cayman Islands,CYM,2004,188
Cayman Islands,CYM,2005,
Cayman Islands,CYM,2006,210
Cayman Islands,CYM,2007,
Cayman Islands,CYM,2008,203
Cayman Islands,CYM,2009,
Cayman Islands,CYM,2010,212
Cayman Islands,CYM,2011,
Cayman Islands,CYM,2012,185
Cayman Islands,CYM,2013,
Cayman Islands,CYM,2014,186
Cayman Islands,CYM,2015,189
Cayman Islands,CYM,2016,218
Cayman Islands,CYM,2017,253
Cayman Islands,CYM,2018,253
Cuba,CUB,2003,55000
Cuba,CUB,2004,
Cuba,CUB,2005,
Cuba,CUB,2006,60000
Cuba,CUB,2007,
Cuba,CUB,2008,
Cuba,CUB,2009,
Cuba,CUB,2010,
Cuba,CUB,2011,
Cuba,CUB,2012,57337
Cuba,CUB,2013,
Cuba,CUB,2014,
Cuba,CUB,2015,
Cuba,CUB,2016,
Cuba,CUB,2017,
Cuba,CUB,2018,
Cura�ao,Not found,2003,
Cura�ao,Not found,2004,
Cura�ao,Not found,2005,
Cura�ao,Not found,2006,578
Cura�ao,Not found,2007,
Cura�ao,Not found,2008,
Cura�ao,Not found,2009,
Cura�ao,Not found,2010,541
Cura�ao,Not found,2011,
Cura�ao,Not found,2012,440
Cura�ao,Not found,2013,
Cura�ao,Not found,2014,348
Cura�ao,Not found,2015,
Cura�ao,Not found,2016,377
Cura�ao,Not found,2017,
Cura�ao,Not found,2018,
Dominica,DMA,2003,243
Dominica,DMA,2004,290
Dominica,DMA,2005,282
Dominica,DMA,2006,301
Dominica,DMA,2007,254
Dominica,DMA,2008,235
Dominica,DMA,2009,
Dominica,DMA,2010,295
Dominica,DMA,2011,
Dominica,DMA,2012,275
Dominica,DMA,2013,266
Dominica,DMA,2014,187
Dominica,DMA,2015,181
Dominica,DMA,2016,203
Dominica,DMA,2017,190
Dominica,DMA,2018,
Dominican Republic,DOM,2003,16789
Dominican Republic,DOM,2004,13008
Dominican Republic,DOM,2005,12657
Dominican Republic,DOM,2006,13752
Dominican Republic,DOM,2007,
Dominican Republic,DOM,2008,16718
Dominican Republic,DOM,2009,
Dominican Republic,DOM,2010,20743
Dominican Republic,DOM,2011,21875
Dominican Republic,DOM,2012,24044
Dominican Republic,DOM,2013,24744
Dominican Republic,DOM,2014,25203
Dominican Republic,DOM,2015,24602
Dominican Republic,DOM,2016,
Dominican Republic,DOM,2017,26286
Dominican Republic,DOM,2018,26078
Grenada,GRD,2003,
Grenada,GRD,2004,182
Grenada,GRD,2005,237
Grenada,GRD,2006,334
Grenada,GRD,2007,367
Grenada,GRD,2008,386
Grenada,GRD,2009,409
Grenada,GRD,2010,438
Grenada,GRD,2011,457
Grenada,GRD,2012,489
Grenada,GRD,2013,480
Grenada,GRD,2014,513
Grenada,GRD,2015,502
Grenada,GRD,2016,457
Grenada,GRD,2017,442
Grenada,GRD,2018,460
Guadeloupe,Not found,2003,695
Guadeloupe,Not found,2004,
Guadeloupe,Not found,2005,743
Guadeloupe,Not found,2006,
Guadeloupe,Not found,2007,790
Guadeloupe,Not found,2008,
Guadeloupe,Not found,2009,
Guadeloupe,Not found,2010,
Guadeloupe,Not found,2011,784
Guadeloupe,Not found,2012,
Guadeloupe,Not found,2013,871
Guadeloupe,Not found,2014,
Guadeloupe,Not found,2015,907
Guadeloupe,Not found,2016,
Guadeloupe,Not found,2017,956
Guadeloupe,Not found,2018,
Haiti,HTI,2003,3519
Haiti,HTI,2004,
Haiti,HTI,2005,3670
Haiti,HTI,2006,4663
Haiti,HTI,2007,6370
Haiti,HTI,2008,8204
Haiti,HTI,2009,
Haiti,HTI,2010,5331
Haiti,HTI,2011,
Haiti,HTI,2012,8722
Haiti,HTI,2013,9936
Haiti,HTI,2014,10461
Haiti,HTI,2015,11046
Haiti,HTI,2016,10538
Haiti,HTI,2017,8882
Haiti,HTI,2018,8882
Jamaica,JAM,2003,4744
Jamaica,JAM,2004,
Jamaica,JAM,2005,4825
Jamaica,JAM,2006,4913
Jamaica,JAM,2007,4709
Jamaica,JAM,2008,
Jamaica,JAM,2009,5163
Jamaica,JAM,2010,
Jamaica,JAM,2011,4457
Jamaica,JAM,2012,4364
Jamaica,JAM,2013,4112
Jamaica,JAM,2014,4034
Jamaica,JAM,2015,3854
Jamaica,JAM,2016,3799
Jamaica,JAM,2017,3857
Jamaica,JAM,2018,
Martinique,Not found,2003,643
Martinique,Not found,2004,
Martinique,Not found,2005,631
Martinique,Not found,2006,
Martinique,Not found,2007,763
Martinique,Not found,2008,
Martinique,Not found,2009,920
Martinique,Not found,2010,
Martinique,Not found,2011,885
Martinique,Not found,2012,
Martinique,Not found,2013,918
Martinique,Not found,2014,
Martinique,Not found,2015,940
Martinique,Not found,2016,
Martinique,Not found,2017,870
Martinique,Not found,2018,
Puerto Rico,PRI,2003,
Puerto Rico,PRI,2004,14380
Puerto Rico,PRI,2005,14263
Puerto Rico,PRI,2006,13788
Puerto Rico,PRI,2007,
Puerto Rico,PRI,2008,12130
Puerto Rico,PRI,2009,11258
Puerto Rico,PRI,2010,10894
Puerto Rico,PRI,2011,11470
Puerto Rico,PRI,2012,12244
Puerto Rico,PRI,2013,12246
Puerto Rico,PRI,2014,12327
Puerto Rico,PRI,2015,11364
Puerto Rico,PRI,2016,10500
Puerto Rico,PRI,2017,9493
Puerto Rico,PRI,2018,9100
Saint Kitts and Nevis,Not found,2003,195
Saint Kitts and Nevis,Not found,2004,
Saint Kitts and Nevis,Not found,2005,
Saint Kitts and Nevis,Not found,2006,237
Saint Kitts and Nevis,Not found,2007,232
Saint Kitts and Nevis,Not found,2008,271
Saint Kitts and Nevis,Not found,2009,254
Saint Kitts and Nevis,Not found,2010,282
Saint Kitts and Nevis,Not found,2011,346
Saint Kitts and Nevis,Not found,2012,366
Saint Kitts and Nevis,Not found,2013,330
Saint Kitts and Nevis,Not found,2014,334
Saint Kitts and Nevis,Not found,2015,
Saint Kitts and Nevis,Not found,2016,220
Saint Kitts and Nevis,Not found,2017,220
Saint Kitts and Nevis,Not found,2018,
Saint Lucia,Not found,2003,460
Saint Lucia,Not found,2004,
Saint Lucia,Not found,2005,503
Saint Lucia,Not found,2006,
Saint Lucia,Not found,2007,
Saint Lucia,Not found,2008,518
Saint Lucia,Not found,2009,
Saint Lucia,Not found,2010,526
Saint Lucia,Not found,2011,
Saint Lucia,Not found,2012,568
Saint Lucia,Not found,2013,
Saint Lucia,Not found,2014,634
Saint Lucia,Not found,2015,
Saint Lucia,Not found,2016,559
Saint Lucia,Not found,2017,527
Saint Lucia,Not found,2018,
Saint Vincent and the Grenadines,Not found,2003,
Saint Vincent and the Grenadines,Not found,2004,1404
Saint Vincent and the Grenadines,Not found,2005,364
Saint Vincent and the Grenadines,Not found,2006,1085
Saint Vincent and the Grenadines,Not found,2007,1071
Saint Vincent and the Grenadines,Not found,2008,1176
Saint Vincent and the Grenadines,Not found,2009,1075
Saint Vincent and the Grenadines,Not found,2010,1039
Saint Vincent and the Grenadines,Not found,2011,1268
Saint Vincent and the Grenadines,Not found,2012,460
Saint Vincent and the Grenadines,Not found,2013,
Saint Vincent and the Grenadines,Not found,2014,412
Saint Vincent and the Grenadines,Not found,2015,
Saint Vincent and the Grenadines,Not found,2016,460
Saint Vincent and the Grenadines,Not found,2017,469
Saint Vincent and the Grenadines,Not found,2018,469
Sint Maarten (Dutch part),SXM,2003,
Sint Maarten (Dutch part),SXM,2004,
Sint Maarten (Dutch part),SXM,2005,
Sint Maarten (Dutch part),SXM,2006,
Sint Maarten (Dutch part),SXM,2007,94
Sint Maarten (Dutch part),SXM,2008,
Sint Maarten (Dutch part),SXM,2009,
Sint Maarten (Dutch part),SXM,2010,
Sint Maarten (Dutch part),SXM,2011,
Sint Maarten (Dutch part),SXM,2012,180
Sint Maarten (Dutch part),SXM,2013,
Sint Maarten (Dutch part),SXM,2014,161
Sint Maarten (Dutch part),SXM,2015,
Sint Maarten (Dutch part),SXM,2016,
Sint Maarten (Dutch part),SXM,2017,120
Sint Maarten (Dutch part),SXM,2018,62
Trinidad and Tobago,TTO,2003,
Trinidad and Tobago,TTO,2004,3924
Trinidad and Tobago,TTO,2005,3771
Trinidad and Tobago,TTO,2006,3700
Trinidad and Tobago,TTO,2007,3599
Trinidad and Tobago,TTO,2008,3863
Trinidad and Tobago,TTO,2009,3719
Trinidad and Tobago,TTO,2010,3691
Trinidad and Tobago,TTO,2011,4287
Trinidad and Tobago,TTO,2012,3710
Trinidad and Tobago,TTO,2013,3615
Trinidad and Tobago,TTO,2014,3379
Trinidad and Tobago,TTO,2015,
Trinidad and Tobago,TTO,2016,
Trinidad and Tobago,TTO,2017,3999
Trinidad and Tobago,TTO,2018,3999
United States Virgin Islands,Not found,2003,
United States Virgin Islands,Not found,2004,576
United States Virgin Islands,Not found,2005,
United States Virgin Islands,Not found,2006,586
United States Virgin Islands,Not found,2007,
United States Virgin Islands,Not found,2008,612
United States Virgin Islands,Not found,2009,
United States Virgin Islands,Not found,2010,577
United States Virgin Islands,Not found,2011,
United States Virgin Islands,Not found,2012,577
United States Virgin Islands,Not found,2013,577
United States Virgin Islands,Not found,2014,
United States Virgin Islands,Not found,2015,
United States Virgin Islands,Not found,2016,
United States Virgin Islands,Not found,2017,
United States Virgin Islands,Not found,2018,
Belize,BLZ,2003,1074
Belize,BLZ,2004,1149
Belize,BLZ,2005,1380
Belize,BLZ,2006,1338
Belize,BLZ,2007,
Belize,BLZ,2008,1365
Belize,BLZ,2009,2781
Belize,BLZ,2010,2322
Belize,BLZ,2011,2288
Belize,BLZ,2012,2546
Belize,BLZ,2013,2632
Belize,BLZ,2014,2606
Belize,BLZ,2015,1442
Belize,BLZ,2016,1898
Belize,BLZ,2017,1297
Belize,BLZ,2018,
Costa Rica,CRI,2003,
Costa Rica,CRI,2004,9056
Costa Rica,CRI,2005,8818
Costa Rica,CRI,2006,7712
Costa Rica,CRI,2007,7500
Costa Rica,CRI,2008,8225
Costa Rica,CRI,2009,9431
Costa Rica,CRI,2010,10541
Costa Rica,CRI,2011,12154
Costa Rica,CRI,2012,13407
Costa Rica,CRI,2013,13647
Costa Rica,CRI,2014,13854
Costa Rica,CRI,2015,13999
Costa Rica,CRI,2016,13338
Costa Rica,CRI,2017,14224
Costa Rica,CRI,2018,
El Salvador,SLV,2003,
El Salvador,SLV,2004,12073
El Salvador,SLV,2005,12525
El Salvador,SLV,2006,14771
El Salvador,SLV,2007,17867
El Salvador,SLV,2008,19814
El Salvador,SLV,2009,22101
El Salvador,SLV,2010,24662
El Salvador,SLV,2011,25367
El Salvador,SLV,2012,28383
El Salvador,SLV,2013,26848
El Salvador,SLV,2014,28334
El Salvador,SLV,2015,32645
El Salvador,SLV,2016,36824
El Salvador,SLV,2017,39719
El Salvador,SLV,2018,39642
Guatemala,GTM,2003,8307
Guatemala,GTM,2004,8698
Guatemala,GTM,2005,8247
Guatemala,GTM,2006,7477
Guatemala,GTM,2007,
Guatemala,GTM,2008,8158
Guatemala,GTM,2009,
Guatemala,GTM,2010,11148
Guatemala,GTM,2011,
Guatemala,GTM,2012,15013
Guatemala,GTM,2013,16336
Guatemala,GTM,2014,18425
Guatemala,GTM,2015,18996
Guatemala,GTM,2016,21031
Guatemala,GTM,2017,24386
Guatemala,GTM,2018,24303
Honduras,HND,2003,
Honduras,HND,2004,10931
Honduras,HND,2005,11589
Honduras,HND,2006,11178
Honduras,HND,2007,
Honduras,HND,2008,11390
Honduras,HND,2009,
Honduras,HND,2010,11770
Honduras,HND,2011,12006
Honduras,HND,2012,12095
Honduras,HND,2013,13184
Honduras,HND,2014,14882
Honduras,HND,2015,16158
Honduras,HND,2016,17494
Honduras,HND,2017,19335
Honduras,HND,2018,20728
Mexico,MEX,2003,185606
Mexico,MEX,2004,196577
Mexico,MEX,2005,208272
Mexico,MEX,2006,211308
Mexico,MEX,2007,214682
Mexico,MEX,2008,219754
Mexico,MEX,2009,186614
Mexico,MEX,2010,188013
Mexico,MEX,2011,213758
Mexico,MEX,2012,207278
Mexico,MEX,2013,218373
Mexico,MEX,2014,228021
Mexico,MEX,2015,221439
Mexico,MEX,2016,190175
Mexico,MEX,2017,201903
Mexico,MEX,2018,196322
Nicaragua,NIC,2003,
Nicaragua,NIC,2004,6233
Nicaragua,NIC,2005,5536
Nicaragua,NIC,2006,6029
Nicaragua,NIC,2007,6663
Nicaragua,NIC,2008,5925
Nicaragua,NIC,2009,5807
Nicaragua,NIC,2010,6789
Nicaragua,NIC,2011,
Nicaragua,NIC,2012,9800
Nicaragua,NIC,2013,
Nicaragua,NIC,2014,10569
Nicaragua,NIC,2015,
Nicaragua,NIC,2016,14675
Nicaragua,NIC,2017,
Nicaragua,NIC,2018,20918
Panama,PAN,2003,
Panama,PAN,2004,12015
Panama,PAN,2005,12262
Panama,PAN,2006,12189
Panama,PAN,2007,12065
Panama,PAN,2008,10217
Panama,PAN,2009,10878
Panama,PAN,2010,12542
Panama,PAN,2011,13207
Panama,PAN,2012,14481
Panama,PAN,2013,14467
Panama,PAN,2014,15690
Panama,PAN,2015,16824
Panama,PAN,2016,16583
Panama,PAN,2017,16155
Panama,PAN,2018,16561
Bermuda,BMU,2003,325
Bermuda,BMU,2004,364
Bermuda,BMU,2005,
Bermuda,BMU,2006,305
Bermuda,BMU,2007,
Bermuda,BMU,2008,
Bermuda,BMU,2009,278
Bermuda,BMU,2010,
Bermuda,BMU,2011,
Bermuda,BMU,2012,252
Bermuda,BMU,2013,
Bermuda,BMU,2014,230
Bermuda,BMU,2015,209
Bermuda,BMU,2016,
Bermuda,BMU,2017,200
Bermuda,BMU,2018,173
Canada,CAN,2003,34153
Canada,CAN,2004,33849
Canada,CAN,2005,35032
Canada,CAN,2006,37452
Canada,CAN,2007,38419
Canada,CAN,2008,39050
Canada,CAN,2009,38804
Canada,CAN,2010,39489
Canada,CAN,2011,40229
Canada,CAN,2012,40718
Canada,CAN,2013,37864
Canada,CAN,2014,40663
Canada,CAN,2015,41169
Canada,CAN,2016,40770
Canada,CAN,2017,39578
Canada,CAN,2018,
Greenland,GRL,2003,
Greenland,GRL,2004,111
Greenland,GRL,2005,
Greenland,GRL,2006,115
Greenland,GRL,2007,
Greenland,GRL,2008,132
Greenland,GRL,2009,
Greenland,GRL,2010,171
Greenland,GRL,2011,
Greenland,GRL,2012,170
Greenland,GRL,2013,
Greenland,GRL,2014,131
Greenland,GRL,2015,126
Greenland,GRL,2016,126
Greenland,GRL,2017,139
Greenland,GRL,2018,
United States of America,Not found,2003,2153000
United States of America,Not found,2004,2155900
United States of America,Not found,2005,2200400
United States of America,Not found,2006,2256600
United States of America,Not found,2007,2296400
United States of America,Not found,2008,2310300
United States of America,Not found,2009,2297700
United States of America,Not found,2010,2279100
United States of America,Not found,2011,2252500
United States of America,Not found,2012,2231400
United States of America,Not found,2013,2231400
United States of America,Not found,2014,2225100
United States of America,Not found,2015,2172800
United States of America,Not found,2016,2165100
United States of America,Not found,2017,2153600
United States of America,Not found,2018,
Argentina,ARG,2003,
Argentina,ARG,2004,
Argentina,ARG,2005,55423
Argentina,ARG,2006,54000
Argentina,ARG,2007,52457
Argentina,ARG,2008,54537
Argentina,ARG,2009,57403
Argentina,ARG,2010,59227
Argentina,ARG,2011,60789
Argentina,ARG,2012,62263
Argentina,ARG,2013,64288
Argentina,ARG,2014,69060
Argentina,ARG,2015,72693
Argentina,ARG,2016,76261
Argentina,ARG,2017,85283
Argentina,ARG,2018,
Bolivia (Plurinational State of),Not found,2003,6768
Bolivia (Plurinational State of),Not found,2004,6495
Bolivia (Plurinational State of),Not found,2005,7310
Bolivia (Plurinational State of),Not found,2006,7358
Bolivia (Plurinational State of),Not found,2007,7588
Bolivia (Plurinational State of),Not found,2008,7433
Bolivia (Plurinational State of),Not found,2009,8087
Bolivia (Plurinational State of),Not found,2010,8930
Bolivia (Plurinational State of),Not found,2011,11195
Bolivia (Plurinational State of),Not found,2012,14272
Bolivia (Plurinational State of),Not found,2013,14770
Bolivia (Plurinational State of),Not found,2014,14220
Bolivia (Plurinational State of),Not found,2015,13672
Bolivia (Plurinational State of),Not found,2016,16038
Bolivia (Plurinational State of),Not found,2017,17946
Bolivia (Plurinational State of),Not found,2018,18195
Brazil,BRA,2003,284989
Brazil,BRA,2004,336358
Brazil,BRA,2005,361402
Brazil,BRA,2006,401236
Brazil,BRA,2007,422590
Brazil,BRA,2008,451219
Brazil,BRA,2009,491482
Brazil,BRA,2010,513954
Brazil,BRA,2011,534605
Brazil,BRA,2012,570318
Brazil,BRA,2013,606208
Brazil,BRA,2014,607731
Brazil,BRA,2015,698618
Brazil,BRA,2016,726712
Brazil,BRA,2017,700489
Brazil,BRA,2018,720888
Chile,CHL,2003,38086
Chile,CHL,2004,38064
Chile,CHL,2005,38849
Chile,CHL,2006,42532
Chile,CHL,2007,48090
Chile,CHL,2008,53541
Chile,CHL,2009,58044
Chile,CHL,2010,60148
Chile,CHL,2011,59261
Chile,CHL,2012,56372
Chile,CHL,2013,53050
Chile,CHL,2014,47683
Chile,CHL,2015,46235
Chile,CHL,2016,47305
Chile,CHL,2017,45910
Chile,CHL,2018,45977
Colombia,COL,2003,62277
Colombia,COL,2004,68020
Colombia,COL,2005,66829
Colombia,COL,2006,60021
Colombia,COL,2007,63603
Colombia,COL,2008,69979
Colombia,COL,2009,75992
Colombia,COL,2010,84444
Colombia,COL,2011,100451
Colombia,COL,2012,113884
Colombia,COL,2013,120032
Colombia,COL,2014,113623
Colombia,COL,2015,120444
Colombia,COL,2016,118532
Colombia,COL,2017,114750
Colombia,COL,2018,
Ecuador,ECU,2003,9866
Ecuador,ECU,2004,11358
Ecuador,ECU,2005,11971
Ecuador,ECU,2006,12635
Ecuador,ECU,2007,
Ecuador,ECU,2008,12067
Ecuador,ECU,2009,
Ecuador,ECU,2010,11800
Ecuador,ECU,2011,
Ecuador,ECU,2012,21305
Ecuador,ECU,2013,25494
Ecuador,ECU,2014,24036
Ecuador,ECU,2015,28379
Ecuador,ECU,2016,34665
Ecuador,ECU,2017,37316
Ecuador,ECU,2018,37497
French Guiana,Not found,2003,
French Guiana,Not found,2004,691
French Guiana,Not found,2005,
French Guiana,Not found,2006,630
French Guiana,Not found,2007,
French Guiana,Not found,2008,658
French Guiana,Not found,2009,
French Guiana,Not found,2010,715
French Guiana,Not found,2011,
French Guiana,Not found,2012,654
French Guiana,Not found,2013,
French Guiana,Not found,2014,680
French Guiana,Not found,2015,
French Guiana,Not found,2016,879
French Guiana,Not found,2017,726
French Guiana,Not found,2018,
Guyana,GUY,2003,
Guyana,GUY,2004,1280
Guyana,GUY,2005,1461
Guyana,GUY,2006,1861
Guyana,GUY,2007,2171
Guyana,GUY,2008,2117
Guyana,GUY,2009,2179
Guyana,GUY,2010,2160
Guyana,GUY,2011,2035
Guyana,GUY,2012,2032
Guyana,GUY,2013,1998
Guyana,GUY,2014,
Guyana,GUY,2015,1998
Guyana,GUY,2016,2192
Guyana,GUY,2017,2226
Guyana,GUY,2018,2144
Paraguay,PRY,2003,
Paraguay,PRY,2004,
Paraguay,PRY,2005,6281
Paraguay,PRY,2006,6006
Paraguay,PRY,2007,5827
Paraguay,PRY,2008,5824
Paraguay,PRY,2009,6631
Paraguay,PRY,2010,6197
Paraguay,PRY,2011,7161
Paraguay,PRY,2012,8194
Paraguay,PRY,2013,9233
Paraguay,PRY,2014,10847
Paraguay,PRY,2015,12896
Paraguay,PRY,2016,13345
Paraguay,PRY,2017,14061
Paraguay,PRY,2018,14627
Peru,PER,2003,28836
Peru,PER,2004,31311
Peru,PER,2005,33010
Peru,PER,2006,35835
Peru,PER,2007,39684
Peru,PER,2008,43286
Peru,PER,2009,44406
Peru,PER,2010,45464
Peru,PER,2011,49206
Peru,PER,2012,61390
Peru,PER,2013,69353
Peru,PER,2014,73846
Peru,PER,2015,79185
Peru,PER,2016,84191
Peru,PER,2017,85811
Peru,PER,2018,90934
Suriname,SUR,2003,
Suriname,SUR,2004,
Suriname,SUR,2005,820
Suriname,SUR,2006,
Suriname,SUR,2007,
Suriname,SUR,2008,
Suriname,SUR,2009,915
Suriname,SUR,2010,
Suriname,SUR,2011,1010
Suriname,SUR,2012,
Suriname,SUR,2013,1050
Suriname,SUR,2014,
Suriname,SUR,2015,
Suriname,SUR,2016,
Suriname,SUR,2017,
Suriname,SUR,2018,
Uruguay,URY,2003,6523
Uruguay,URY,2004,6396
Uruguay,URY,2005,6211
Uruguay,URY,2006,6887
Uruguay,URY,2007,
Uruguay,URY,2008,7665
Uruguay,URY,2009,
Uruguay,URY,2010,8700
Uruguay,URY,2011,9070
Uruguay,URY,2012,9418
Uruguay,URY,2013,9448
Uruguay,URY,2014,9542
Uruguay,URY,2015,9996
Uruguay,URY,2016,10561
Uruguay,URY,2017,11078
Uruguay,URY,2018,10243
Venezuela (Bolivarian Republic of),Not found,2003,
Venezuela (Bolivarian Republic of),Not found,2004,19951
Venezuela (Bolivarian Republic of),Not found,2005,
Venezuela (Bolivarian Republic of),Not found,2006,19257
Venezuela (Bolivarian Republic of),Not found,2007,
Venezuela (Bolivarian Republic of),Not found,2008,24069
Venezuela (Bolivarian Republic of),Not found,2009,
Venezuela (Bolivarian Republic of),Not found,2010,40825
Venezuela (Bolivarian Republic of),Not found,2011,
Venezuela (Bolivarian Republic of),Not found,2012,45224
Venezuela (Bolivarian Republic of),Not found,2013,
Venezuela (Bolivarian Republic of),Not found,2014,51256
Venezuela (Bolivarian Republic of),Not found,2015,49664
Venezuela (Bolivarian Republic of),Not found,2016,54738
Venezuela (Bolivarian Republic of),Not found,2017,57096
Venezuela (Bolivarian Republic of),Not found,2018,
Kazakhstan,KAZ,2003,
Kazakhstan,KAZ,2004,
Kazakhstan,KAZ,2005,52203
Kazakhstan,KAZ,2006,51544
Kazakhstan,KAZ,2007,
Kazakhstan,KAZ,2008,48270
Kazakhstan,KAZ,2009,50495
Kazakhstan,KAZ,2010,55140
Kazakhstan,KAZ,2011,49401
Kazakhstan,KAZ,2012,45335
Kazakhstan,KAZ,2013,42052
Kazakhstan,KAZ,2014,43220
Kazakhstan,KAZ,2015,42114
Kazakhstan,KAZ,2016,39179
Kazakhstan,KAZ,2017,36343
Kazakhstan,KAZ,2018,
Kyrgyzstan,Not found,2003,16934
Kyrgyzstan,Not found,2004,16620
Kyrgyzstan,Not found,2005,15758
Kyrgyzstan,Not found,2006,15127
Kyrgyzstan,Not found,2007,14408
Kyrgyzstan,Not found,2008,9607
Kyrgyzstan,Not found,2009,
Kyrgyzstan,Not found,2010,9923
Kyrgyzstan,Not found,2011,
Kyrgyzstan,Not found,2012,9828
Kyrgyzstan,Not found,2013,9997
Kyrgyzstan,Not found,2014,9581
Kyrgyzstan,Not found,2015,10147
Kyrgyzstan,Not found,2016,10328
Kyrgyzstan,Not found,2017,10574
Kyrgyzstan,Not found,2018,11163
Tajikistan,TJK,2003,10000
Tajikistan,TJK,2004,
Tajikistan,TJK,2005,
Tajikistan,TJK,2006,10804
Tajikistan,TJK,2007,
Tajikistan,TJK,2008,7350
Tajikistan,TJK,2009,
Tajikistan,TJK,2010,9317
Tajikistan,TJK,2011,
Tajikistan,TJK,2012,
Tajikistan,TJK,2013,
Tajikistan,TJK,2014,
Tajikistan,TJK,2015,
Tajikistan,TJK,2016,
Tajikistan,TJK,2017,
Tajikistan,TJK,2018,
Turkmenistan,TKM,2003,15460
Turkmenistan,TKM,2004,14015
Turkmenistan,TKM,2005,13462
Turkmenistan,TKM,2006,10953
Turkmenistan,TKM,2007,
Turkmenistan,TKM,2008,
Turkmenistan,TKM,2009,
Turkmenistan,TKM,2010,26500
Turkmenistan,TKM,2011,
Turkmenistan,TKM,2012,
Turkmenistan,TKM,2013,30568
Turkmenistan,TKM,2014,
Turkmenistan,TKM,2015,
Turkmenistan,TKM,2016,
Turkmenistan,TKM,2017,30452
Turkmenistan,TKM,2018,
Uzbekistan,UZB,2003,48000
Uzbekistan,UZB,2004,
Uzbekistan,UZB,2005,
Uzbekistan,UZB,2006,
Uzbekistan,UZB,2007,34000
Uzbekistan,UZB,2008,
Uzbekistan,UZB,2009,42000
Uzbekistan,UZB,2010,
Uzbekistan,UZB,2011,
Uzbekistan,UZB,2012,42000
Uzbekistan,UZB,2013,
Uzbekistan,UZB,2014,43900
Uzbekistan,UZB,2015,
Uzbekistan,UZB,2016,
Uzbekistan,UZB,2017,
Uzbekistan,UZB,2018,
China,CHN,2003,1546130
China,CHN,2004,1562742
China,CHN,2005,1558511
China,CHN,2006,1565711
China,CHN,2007,1566839
China,CHN,2008,1589222
China,CHN,2009,1623394
China,CHN,2010,1646593
China,CHN,2011,1656773
China,CHN,2012,1641931
China,CHN,2013,1680000
China,CHN,2014,1649804
China,CHN,2015,1604394
China,CHN,2016,1561086
China,CHN,2017,
China,CHN,2018,
"China, Hong Kong SAR",Not found,2003,13012
"China, Hong Kong SAR",Not found,2004,12558
"China, Hong Kong SAR",Not found,2005,11530
"China, Hong Kong SAR",Not found,2006,11640
"China, Hong Kong SAR",Not found,2007,11220
"China, Hong Kong SAR",Not found,2008,10738
"China, Hong Kong SAR",Not found,2009,10118
"China, Hong Kong SAR",Not found,2010,10159
"China, Hong Kong SAR",Not found,2011,9294
"China, Hong Kong SAR",Not found,2012,9468
"China, Hong Kong SAR",Not found,2013,9192
"China, Hong Kong SAR",Not found,2014,8297
"China, Hong Kong SAR",Not found,2015,8460
"China, Hong Kong SAR",Not found,2016,8611
"China, Hong Kong SAR",Not found,2017,8506
"China, Hong Kong SAR",Not found,2018,8237
"China, Macao SAR",Not found,2003,
"China, Macao SAR",Not found,2004,867
"China, Macao SAR",Not found,2005,897
"China, Macao SAR",Not found,2006,859
"China, Macao SAR",Not found,2007,
"China, Macao SAR",Not found,2008,912
"China, Macao SAR",Not found,2009,930
"China, Macao SAR",Not found,2010,929
"China, Macao SAR",Not found,2011,1030
"China, Macao SAR",Not found,2012,1112
"China, Macao SAR",Not found,2013,1154
"China, Macao SAR",Not found,2014,1205
"China, Macao SAR",Not found,2015,1280
"China, Macao SAR",Not found,2016,1271
"China, Macao SAR",Not found,2017,1284
"China, Macao SAR",Not found,2018,1458
"China, Taiwan Province of China",Not found,2003,
"China, Taiwan Province of China",Not found,2004,56786
"China, Taiwan Province of China",Not found,2005,60122
"China, Taiwan Province of China",Not found,2006,63226
"China, Taiwan Province of China",Not found,2007,
"China, Taiwan Province of China",Not found,2008,63203
"China, Taiwan Province of China",Not found,2009,
"China, Taiwan Province of China",Not found,2010,65311
"China, Taiwan Province of China",Not found,2011,64420
"China, Taiwan Province of China",Not found,2012,66106
"China, Taiwan Province of China",Not found,2013,65288
"China, Taiwan Province of China",Not found,2014,63452
"China, Taiwan Province of China",Not found,2015,63322
"China, Taiwan Province of China",Not found,2016,62398
"China, Taiwan Province of China",Not found,2017,62634
"China, Taiwan Province of China",Not found,2018,62634
Japan,JPN,2003,73734
Japan,JPN,2004,76413
Japan,JPN,2005,79055
Japan,JPN,2006,81255
Japan,JPN,2007,79809
Japan,JPN,2008,76881
Japan,JPN,2009,75250
Japan,JPN,2010,72975
Japan,JPN,2011,69876
Japan,JPN,2012,67008
Japan,JPN,2013,62971
Japan,JPN,2014,60486
Japan,JPN,2015,58497
Japan,JPN,2016,55967
Japan,JPN,2017,53233
Japan,JPN,2018,50578
Mongolia,MNG,2003,7665
Mongolia,MNG,2004,8098
Mongolia,MNG,2005,8906
Mongolia,MNG,2006,6740
Mongolia,MNG,2007,7920
Mongolia,MNG,2008,8158
Mongolia,MNG,2009,6532
Mongolia,MNG,2010,7421
Mongolia,MNG,2011,8011
Mongolia,MNG,2012,8145
Mongolia,MNG,2013,8068
Mongolia,MNG,2014,7690
Mongolia,MNG,2015,5471
Mongolia,MNG,2016,5692
Mongolia,MNG,2017,3869
Mongolia,MNG,2018,4804
Republic of Korea,Not found,2003,57336
Republic of Korea,Not found,2004,54796
Republic of Korea,Not found,2005,47311
Republic of Korea,Not found,2006,45651
Republic of Korea,Not found,2007,45647
Republic of Korea,Not found,2008,47966
Republic of Korea,Not found,2009,48228
Republic of Korea,Not found,2010,45681
Republic of Korea,Not found,2011,45038
Republic of Korea,Not found,2012,46708
Republic of Korea,Not found,2013,48824
Republic of Korea,Not found,2014,51761
Republic of Korea,Not found,2015,54667
Republic of Korea,Not found,2016,57675
Republic of Korea,Not found,2017,55198
Republic of Korea,Not found,2018,54169
Brunei Darussalam,BRN,2003,457
Brunei Darussalam,BRN,2004,443
Brunei Darussalam,BRN,2005,492
Brunei Darussalam,BRN,2006,522
Brunei Darussalam,BRN,2007,486
Brunei Darussalam,BRN,2008,453
Brunei Darussalam,BRN,2009,
Brunei Darussalam,BRN,2010,379
Brunei Darussalam,BRN,2011,
Brunei Darussalam,BRN,2012,485
Brunei Darussalam,BRN,2013,
Brunei Darussalam,BRN,2014,594
Brunei Darussalam,BRN,2015,565
Brunei Darussalam,BRN,2016,
Brunei Darussalam,BRN,2017,
Brunei Darussalam,BRN,2018,
Cambodia,KHM,2003,
Cambodia,KHM,2004,6778
Cambodia,KHM,2005,8160
Cambodia,KHM,2006,10338
Cambodia,KHM,2007,10337
Cambodia,KHM,2008,11688
Cambodia,KHM,2009,
Cambodia,KHM,2010,14043
Cambodia,KHM,2011,
Cambodia,KHM,2012,15397
Cambodia,KHM,2013,
Cambodia,KHM,2014,15182
Cambodia,KHM,2015,
Cambodia,KHM,2016,21989
Cambodia,KHM,2017,31008
Cambodia,KHM,2018,31008
Indonesia,IDN,2003,84357
Indonesia,IDN,2004,87185
Indonesia,IDN,2005,97691
Indonesia,IDN,2006,116688
Indonesia,IDN,2007,
Indonesia,IDN,2008,137144
Indonesia,IDN,2009,
Indonesia,IDN,2010,117863
Indonesia,IDN,2011,
Indonesia,IDN,2012,156446
Indonesia,IDN,2013,160061
Indonesia,IDN,2014,159964
Indonesia,IDN,2015,173572
Indonesia,IDN,2016,202621
Indonesia,IDN,2017,232081
Indonesia,IDN,2018,256051
Lao People's Democratic Republic,LAO,2003,
Lao People's Democratic Republic,LAO,2004,
Lao People's Democratic Republic,LAO,2005,
Lao People's Democratic Republic,LAO,2006,
Lao People's Democratic Republic,LAO,2007,
Lao People's Democratic Republic,LAO,2008,
Lao People's Democratic Republic,LAO,2009,
Lao People's Democratic Republic,LAO,2010,
Lao People's Democratic Republic,LAO,2011,
Lao People's Democratic Republic,LAO,2012,
Lao People's Democratic Republic,LAO,2013,
Lao People's Democratic Republic,LAO,2014,
Lao People's Democratic Republic,LAO,2015,8201
Lao People's Democratic Republic,LAO,2016,
Lao People's Democratic Republic,LAO,2017,
Lao People's Democratic Republic,LAO,2018,
Malaysia,MYS,2003,
Malaysia,MYS,2004,43424
Malaysia,MYS,2005,35644
Malaysia,MYS,2006,42389
Malaysia,MYS,2007,50305
Malaysia,MYS,2008,39440
Malaysia,MYS,2009,
Malaysia,MYS,2010,38387
Malaysia,MYS,2011,
Malaysia,MYS,2012,36608
Malaysia,MYS,2013,39144
Malaysia,MYS,2014,47986
Malaysia,MYS,2015,51109
Malaysia,MYS,2016,51602
Malaysia,MYS,2017,55413
Malaysia,MYS,2018,
Myanmar,MMR,2003,
Myanmar,MMR,2004,60000
Myanmar,MMR,2005,
Myanmar,MMR,2006,
Myanmar,MMR,2007,65063
Myanmar,MMR,2008,
Myanmar,MMR,2009,60053
Myanmar,MMR,2010,
Myanmar,MMR,2011,66000
Myanmar,MMR,2012,
Myanmar,MMR,2013,60000
Myanmar,MMR,2014,
Myanmar,MMR,2015,
Myanmar,MMR,2016,79668
Myanmar,MMR,2017,79668
Myanmar,MMR,2018,92000
Philippines,PHL,2003,
Philippines,PHL,2004,83501
Philippines,PHL,2005,
Philippines,PHL,2006,91200
Philippines,PHL,2007,
Philippines,PHL,2008,94961
Philippines,PHL,2009,
Philippines,PHL,2010,95390
Philippines,PHL,2011,100590
Philippines,PHL,2012,106623
Philippines,PHL,2013,110747
Philippines,PHL,2014,124550
Philippines,PHL,2015,139469
Philippines,PHL,2016,170543
Philippines,PHL,2017,
Philippines,PHL,2018,194658
Singapore,SGP,2003,17375
Singapore,SGP,2004,15623
Singapore,SGP,2005,14453
Singapore,SGP,2006,12761
Singapore,SGP,2007,12410
Singapore,SGP,2008,12500
Singapore,SGP,2009,13428
Singapore,SGP,2010,13604
Singapore,SGP,2011,13164
Singapore,SGP,2012,12975
Singapore,SGP,2013,13334
Singapore,SGP,2014,12794
Singapore,SGP,2015,12640
Singapore,SGP,2016,12454
Singapore,SGP,2017,11931
Singapore,SGP,2018,11961
Thailand,THA,2003,
Thailand,THA,2004,167142
Thailand,THA,2005,162293
Thailand,THA,2006,151586
Thailand,THA,2007,
Thailand,THA,2008,185082
Thailand,THA,2009,213094
Thailand,THA,2010,210855
Thailand,THA,2011,224492
Thailand,THA,2012,234895
Thailand,THA,2013,279854
Thailand,THA,2014,317980
Thailand,THA,2015,323473
Thailand,THA,2016,325298
Thailand,THA,2017,372979
Thailand,THA,2018,366316
Timor-Leste,TLS,2003,320
Timor-Leste,TLS,2004,
Timor-Leste,TLS,2005,
Timor-Leste,TLS,2006,
Timor-Leste,TLS,2007,
Timor-Leste,TLS,2008,179
Timor-Leste,TLS,2009,223
Timor-Leste,TLS,2010,
Timor-Leste,TLS,2011,260
Timor-Leste,TLS,2012,295
Timor-Leste,TLS,2013,
Timor-Leste,TLS,2014,
Timor-Leste,TLS,2015,581
Timor-Leste,TLS,2016,
Timor-Leste,TLS,2017,659
Timor-Leste,TLS,2018,695
Viet Nam,VNM,2003,
Viet Nam,VNM,2004,
Viet Nam,VNM,2005,88414
Viet Nam,VNM,2006,
Viet Nam,VNM,2007,92153
Viet Nam,VNM,2008,
Viet Nam,VNM,2009,107668
Viet Nam,VNM,2010,
Viet Nam,VNM,2011,113018
Viet Nam,VNM,2012,130180
Viet Nam,VNM,2013,
Viet Nam,VNM,2014,142636
Viet Nam,VNM,2015,136245
Viet Nam,VNM,2016,130679
Viet Nam,VNM,2017,130002
Viet Nam,VNM,2018,
Afghanistan,AFG,2003,
Afghanistan,AFG,2004,5262
Afghanistan,AFG,2005,
Afghanistan,AFG,2006,7706
Afghanistan,AFG,2007,10590
Afghanistan,AFG,2008,12500
Afghanistan,AFG,2009,
Afghanistan,AFG,2010,18283
Afghanistan,AFG,2011,
Afghanistan,AFG,2012,24613
Afghanistan,AFG,2013,
Afghanistan,AFG,2014,26519
Afghanistan,AFG,2015,
Afghanistan,AFG,2016,
Afghanistan,AFG,2017,30000
Afghanistan,AFG,2018,
Bangladesh,BGD,2003,
Bangladesh,BGD,2004,73154
Bangladesh,BGD,2005,72268
Bangladesh,BGD,2006,66200
Bangladesh,BGD,2007,
Bangladesh,BGD,2008,86838
Bangladesh,BGD,2009,
Bangladesh,BGD,2010,69650
Bangladesh,BGD,2011,
Bangladesh,BGD,2012,68700
Bangladesh,BGD,2013,72104
Bangladesh,BGD,2014,65662
Bangladesh,BGD,2015,71647
Bangladesh,BGD,2016,73177
Bangladesh,BGD,2017,88424
Bangladesh,BGD,2018,83350
Bhutan,BTN,2003,
Bhutan,BTN,2004,
Bhutan,BTN,2005,
Bhutan,BTN,2006,
Bhutan,BTN,2007,
Bhutan,BTN,2008,
Bhutan,BTN,2009,
Bhutan,BTN,2010,
Bhutan,BTN,2011,1001
Bhutan,BTN,2012,1087
Bhutan,BTN,2013,1084
Bhutan,BTN,2014,1119
Bhutan,BTN,2015,
Bhutan,BTN,2016,
Bhutan,BTN,2017,
Bhutan,BTN,2018,
India,IND,2003,313635
India,IND,2004,331391
India,IND,2005,358368
India,IND,2006,373271
India,IND,2007,376396
India,IND,2008,384753
India,IND,2009,376969
India,IND,2010,368998
India,IND,2011,372926
India,IND,2012,385135
India,IND,2013,411992
India,IND,2014,418536
India,IND,2015,419623
India,IND,2016,433003
India,IND,2017,
India,IND,2018,
Iran (Islamic Republic of),Not found,2003,157267
Iran (Islamic Republic of),Not found,2004,
Iran (Islamic Republic of),Not found,2005,134384
Iran (Islamic Republic of),Not found,2006,
Iran (Islamic Republic of),Not found,2007,148843
Iran (Islamic Republic of),Not found,2008,
Iran (Islamic Republic of),Not found,2009,168516
Iran (Islamic Republic of),Not found,2010,
Iran (Islamic Republic of),Not found,2011,250000
Iran (Islamic Republic of),Not found,2012,
Iran (Islamic Republic of),Not found,2013,226220
Iran (Islamic Republic of),Not found,2014,225624
Iran (Islamic Republic of),Not found,2015,
Iran (Islamic Republic of),Not found,2016,
Iran (Islamic Republic of),Not found,2017,230000
Iran (Islamic Republic of),Not found,2018,240000
Maldives,MDV,2003,
Maldives,MDV,2004,1110
Maldives,MDV,2005,
Maldives,MDV,2006,1489
Maldives,MDV,2007,
Maldives,MDV,2008,993
Maldives,MDV,2009,
Maldives,MDV,2010,830
Maldives,MDV,2011,
Maldives,MDV,2012,994
Maldives,MDV,2013,
Maldives,MDV,2014,1200
Maldives,MDV,2015,1513
Maldives,MDV,2016,1880
Maldives,MDV,2017,1852
Maldives,MDV,2018,
Nepal,NPL,2003,
Nepal,NPL,2004,6393
Nepal,NPL,2005,
Nepal,NPL,2006,5580
Nepal,NPL,2007,
Nepal,NPL,2008,8401
Nepal,NPL,2009,
Nepal,NPL,2010,10739
Nepal,NPL,2011,
Nepal,NPL,2012,14936
Nepal,NPL,2013,
Nepal,NPL,2014,16813
Nepal,NPL,2015,
Nepal,NPL,2016,17966
Nepal,NPL,2017,18881
Nepal,NPL,2018,
Pakistan,PAK,2003,
Pakistan,PAK,2004,88659
Pakistan,PAK,2005,89370
Pakistan,PAK,2006,86500
Pakistan,PAK,2007,90000
Pakistan,PAK,2008,
Pakistan,PAK,2009,81409
Pakistan,PAK,2010,75586
Pakistan,PAK,2011,78100
Pakistan,PAK,2012,74944
Pakistan,PAK,2013,
Pakistan,PAK,2014,79700
Pakistan,PAK,2015,80169
Pakistan,PAK,2016,84315
Pakistan,PAK,2017,83718
Pakistan,PAK,2018,83718
Sri Lanka,LKA,2003,
Sri Lanka,LKA,2004,20661
Sri Lanka,LKA,2005,22114
Sri Lanka,LKA,2006,22867
Sri Lanka,LKA,2007,26349
Sri Lanka,LKA,2008,28582
Sri Lanka,LKA,2009,27151
Sri Lanka,LKA,2010,26025
Sri Lanka,LKA,2011,23213
Sri Lanka,LKA,2012,23215
Sri Lanka,LKA,2013,27000
Sri Lanka,LKA,2014,19774
Sri Lanka,LKA,2015,19067
Sri Lanka,LKA,2016,17478
Sri Lanka,LKA,2017,20598
Sri Lanka,LKA,2018,
Armenia,ARM,2003,2856
Armenia,ARM,2004,2710
Armenia,ARM,2005,2873
Armenia,ARM,2006,3083
Armenia,ARM,2007,3539
Armenia,ARM,2008,3965
Armenia,ARM,2009,4313
Armenia,ARM,2010,5142
Armenia,ARM,2011,4532
Armenia,ARM,2012,4756
Armenia,ARM,2013,3923
Armenia,ARM,2014,3880
Armenia,ARM,2015,3873
Armenia,ARM,2016,3833
Armenia,ARM,2017,3536
Armenia,ARM,2018,2266
Azerbaijan,AZE,2003,
Azerbaijan,AZE,2004,18504
Azerbaijan,AZE,2005,17845
Azerbaijan,AZE,2006,18656
Azerbaijan,AZE,2007,19559
Azerbaijan,AZE,2008,20986
Azerbaijan,AZE,2009,20651
Azerbaijan,AZE,2010,21971
Azerbaijan,AZE,2011,20546
Azerbaijan,AZE,2012,20782
Azerbaijan,AZE,2013,20669
Azerbaijan,AZE,2014,22526
Azerbaijan,AZE,2015,
Azerbaijan,AZE,2016,23311
Azerbaijan,AZE,2017,23319
Azerbaijan,AZE,2018,21861
Bahrain,BHR,2003,437
Bahrain,BHR,2004,701
Bahrain,BHR,2005,513
Bahrain,BHR,2006,522
Bahrain,BHR,2007,3567
Bahrain,BHR,2008,3103
Bahrain,BHR,2009,
Bahrain,BHR,2010,1100
Bahrain,BHR,2011,
Bahrain,BHR,2012,2307
Bahrain,BHR,2013,4028
Bahrain,BHR,2014,
Bahrain,BHR,2015,3795
Bahrain,BHR,2016,
Bahrain,BHR,2017,3485
Bahrain,BHR,2018,
Cyprus,CYP,2003,359
Cyprus,CYP,2004,454
Cyprus,CYP,2005,502
Cyprus,CYP,2006,578
Cyprus,CYP,2007,547
Cyprus,CYP,2008,652
Cyprus,CYP,2009,578
Cyprus,CYP,2010,636
Cyprus,CYP,2011,622
Cyprus,CYP,2012,678
Cyprus,CYP,2013,553
Cyprus,CYP,2014,532
Cyprus,CYP,2015,547
Cyprus,CYP,2016,586
Cyprus,CYP,2017,592
Cyprus,CYP,2018,619
Georgia,GEO,2003,6119
Georgia,GEO,2004,7867
Georgia,GEO,2005,9144
Georgia,GEO,2006,15464
Georgia,GEO,2007,18309
Georgia,GEO,2008,18659
Georgia,GEO,2009,21239
Georgia,GEO,2010,23684
Georgia,GEO,2011,24114
Georgia,GEO,2012,19349
Georgia,GEO,2013,9093
Georgia,GEO,2014,10372
Georgia,GEO,2015,9716
Georgia,GEO,2016,9334
Georgia,GEO,2017,9990
Georgia,GEO,2018,9575
Iraq (Central Iraq),Not found,2003,
Iraq (Central Iraq),Not found,2004,
Iraq (Central Iraq),Not found,2005,
Iraq (Central Iraq),Not found,2006,
Iraq (Central Iraq),Not found,2007,
Iraq (Central Iraq),Not found,2008,16767
Iraq (Central Iraq),Not found,2009,20104
Iraq (Central Iraq),Not found,2010,24965
Iraq (Central Iraq),Not found,2011,26369
Iraq (Central Iraq),Not found,2012,31187
Iraq (Central Iraq),Not found,2013,30499
Iraq (Central Iraq),Not found,2014,
Iraq (Central Iraq),Not found,2015,
Iraq (Central Iraq),Not found,2016,
Iraq (Central Iraq),Not found,2017,
Iraq (Central Iraq),Not found,2018,
Iraq (Kurdistan Region),Not found,2003,
Iraq (Kurdistan Region),Not found,2004,
Iraq (Kurdistan Region),Not found,2005,
Iraq (Kurdistan Region),Not found,2006,
Iraq (Kurdistan Region),Not found,2007,
Iraq (Kurdistan Region),Not found,2008,
Iraq (Kurdistan Region),Not found,2009,1804
Iraq (Kurdistan Region),Not found,2010,1853
Iraq (Kurdistan Region),Not found,2011,2296
Iraq (Kurdistan Region),Not found,2012,1697
Iraq (Kurdistan Region),Not found,2013,2599
Iraq (Kurdistan Region),Not found,2014,
Iraq (Kurdistan Region),Not found,2015,
Iraq (Kurdistan Region),Not found,2016,
Iraq (Kurdistan Region),Not found,2017,
Iraq (Kurdistan Region),Not found,2018,
Israel,ISR,2003,12228
Israel,ISR,2004,13909
Israel,ISR,2005,16055
Israel,ISR,2006,20617
Israel,ISR,2007,21949
Israel,ISR,2008,21905
Israel,ISR,2009,
Israel,ISR,2010,20191
Israel,ISR,2011,18967
Israel,ISR,2012,20291
Israel,ISR,2013,18610
Israel,ISR,2014,20781
Israel,ISR,2015,
Israel,ISR,2016,20368
Israel,ISR,2017,19325
Israel,ISR,2018,19376
Jordan,JOR,2003,
Jordan,JOR,2004,
Jordan,JOR,2005,6378
Jordan,JOR,2006,6166
Jordan,JOR,2007,6633
Jordan,JOR,2008,7077
Jordan,JOR,2009,7206
Jordan,JOR,2010,8434
Jordan,JOR,2011,6262
Jordan,JOR,2012,7714
Jordan,JOR,2013,8000
Jordan,JOR,2014,10089
Jordan,JOR,2015,11489
Jordan,JOR,2016,
Jordan,JOR,2017,15700
Jordan,JOR,2018,
Kuwait,KWT,2003,3700
Kuwait,KWT,2004,
Kuwait,KWT,2005,3500
Kuwait,KWT,2006,
Kuwait,KWT,2007,
Kuwait,KWT,2008,
Kuwait,KWT,2009,4045
Kuwait,KWT,2010,4179
Kuwait,KWT,2011,4100
Kuwait,KWT,2012,
Kuwait,KWT,2013,2900
Kuwait,KWT,2014,3200
Kuwait,KWT,2015,4000
Kuwait,KWT,2016,5400
Kuwait,KWT,2017,6000
Kuwait,KWT,2018,
Lebanon,LBN,2003,6382
Lebanon,LBN,2004,5990
Lebanon,LBN,2005,6921
Lebanon,LBN,2006,6101
Lebanon,LBN,2007,5870
Lebanon,LBN,2008,4686
Lebanon,LBN,2009,4901
Lebanon,LBN,2010,5060
Lebanon,LBN,2011,5169
Lebanon,LBN,2012,5060
Lebanon,LBN,2013,5393
Lebanon,LBN,2014,6365
Lebanon,LBN,2015,6325
Lebanon,LBN,2016,6217
Lebanon,LBN,2017,6458
Lebanon,LBN,2018,6330
Oman,OMN,2003,
Oman,OMN,2004,
Oman,OMN,2005,
Oman,OMN,2006,
Oman,OMN,2007,
Oman,OMN,2008,
Oman,OMN,2009,
Oman,OMN,2010,
Oman,OMN,2011,
Oman,OMN,2012,
Oman,OMN,2013,
Oman,OMN,2014,
Oman,OMN,2015,
Oman,OMN,2016,
Oman,OMN,2017,
Oman,OMN,2018,
Qatar,QAT,2003,569
Qatar,QAT,2004,564
Qatar,QAT,2005,522
Qatar,QAT,2006,805
Qatar,QAT,2007,449
Qatar,QAT,2008,551
Qatar,QAT,2009,
Qatar,QAT,2010,
Qatar,QAT,2011,1150
Qatar,QAT,2012,
Qatar,QAT,2013,1150
Qatar,QAT,2014,1150
Qatar,QAT,2015,
Qatar,QAT,2016,
Qatar,QAT,2017,
Qatar,QAT,2018,
Saudi Arabia,SAU,2003,
Saudi Arabia,SAU,2004,
Saudi Arabia,SAU,2005,
Saudi Arabia,SAU,2006,
Saudi Arabia,SAU,2007,
Saudi Arabia,SAU,2008,
Saudi Arabia,SAU,2009,44600
Saudi Arabia,SAU,2010,
Saudi Arabia,SAU,2011,49000
Saudi Arabia,SAU,2012,
Saudi Arabia,SAU,2013,47000
Saudi Arabia,SAU,2014,
Saudi Arabia,SAU,2015,
Saudi Arabia,SAU,2016,
Saudi Arabia,SAU,2017,68056
Saudi Arabia,SAU,2018,
State of Palestine,Not found,2003,
State of Palestine,Not found,2004,
State of Palestine,Not found,2005,
State of Palestine,Not found,2006,
State of Palestine,Not found,2007,
State of Palestine,Not found,2008,
State of Palestine,Not found,2009,
State of Palestine,Not found,2010,
State of Palestine,Not found,2011,
State of Palestine,Not found,2012,
State of Palestine,Not found,2013,
State of Palestine,Not found,2014,
State of Palestine,Not found,2015,
State of Palestine,Not found,2016,1077
State of Palestine,Not found,2017,1110
State of Palestine,Not found,2018,1078
Syrian Arab Republic,SYR,2003,11829
Syrian Arab Republic,SYR,2004,10599
Syrian Arab Republic,SYR,2005,
Syrian Arab Republic,SYR,2006,
Syrian Arab Republic,SYR,2007,
Syrian Arab Republic,SYR,2008,
Syrian Arab Republic,SYR,2009,
Syrian Arab Republic,SYR,2010,
Syrian Arab Republic,SYR,2011,
Syrian Arab Republic,SYR,2012,
Syrian Arab Republic,SYR,2013,
Syrian Arab Republic,SYR,2014,
Syrian Arab Republic,SYR,2015,
Syrian Arab Republic,SYR,2016,
Syrian Arab Republic,SYR,2017,
Syrian Arab Republic,SYR,2018,
Turkey,TUR,2003,63796
Turkey,TUR,2004,58016
Turkey,TUR,2005,55966
Turkey,TUR,2006,70524
Turkey,TUR,2007,90732
Turkey,TUR,2008,103435
Turkey,TUR,2009,115920
Turkey,TUR,2010,120194
Turkey,TUR,2011,128253
Turkey,TUR,2012,136638
Turkey,TUR,2013,144098
Turkey,TUR,2014,158690
Turkey,TUR,2015,178257
Turkey,TUR,2016,200727
Turkey,TUR,2017,233415
Turkey,TUR,2018,264842
United Arab Emirates,ARE,2003,
United Arab Emirates,ARE,2004,
United Arab Emirates,ARE,2005,9936
United Arab Emirates,ARE,2006,11193
United Arab Emirates,ARE,2007,
United Arab Emirates,ARE,2008,
United Arab Emirates,ARE,2009,
United Arab Emirates,ARE,2010,
United Arab Emirates,ARE,2011,9824
United Arab Emirates,ARE,2012,9824
United Arab Emirates,ARE,2013,9959
United Arab Emirates,ARE,2014,9826
United Arab Emirates,ARE,2015,
United Arab Emirates,ARE,2016,
United Arab Emirates,ARE,2017,
United Arab Emirates,ARE,2018,
Yemen,YEM,2003,16252
Yemen,YEM,2004,7319
Yemen,YEM,2005,5994
Yemen,YEM,2006,5189
Yemen,YEM,2007,5947
Yemen,YEM,2008,6574
Yemen,YEM,2009,6894
Yemen,YEM,2010,12409
Yemen,YEM,2011,10390
Yemen,YEM,2012,
Yemen,YEM,2013,14000
Yemen,YEM,2014,14000
Yemen,YEM,2015,
Yemen,YEM,2016,
Yemen,YEM,2017,
Yemen,YEM,2018,
Belarus,BLR,2003,48434
Belarus,BLR,2004,42253
Belarus,BLR,2005,40878
Belarus,BLR,2006,44812
Belarus,BLR,2007,45695
Belarus,BLR,2008,43349
Belarus,BLR,2009,40186
Belarus,BLR,2010,39627
Belarus,BLR,2011,36652
Belarus,BLR,2012,28841
Belarus,BLR,2013,28471
Belarus,BLR,2014,29776
Belarus,BLR,2015,33329
Belarus,BLR,2016,35169
Belarus,BLR,2017,34356
Belarus,BLR,2018,32556
Bulgaria,BGR,2003,10066
Bulgaria,BGR,2004,10871
Bulgaria,BGR,2005,11436
Bulgaria,BGR,2006,11058
Bulgaria,BGR,2007,10271
Bulgaria,BGR,2008,9408
Bulgaria,BGR,2009,9006
Bulgaria,BGR,2010,9379
Bulgaria,BGR,2011,9885
Bulgaria,BGR,2012,9493
Bulgaria,BGR,2013,8834
Bulgaria,BGR,2014,7870
Bulgaria,BGR,2015,7408
Bulgaria,BGR,2016,7345
Bulgaria,BGR,2017,6988
Bulgaria,BGR,2018,6651
Czechia,CZE,2003,17277
Czechia,CZE,2004,18343
Czechia,CZE,2005,18937
Czechia,CZE,2006,18578
Czechia,CZE,2007,18901
Czechia,CZE,2008,20502
Czechia,CZE,2009,21734
Czechia,CZE,2010,21900
Czechia,CZE,2011,23170
Czechia,CZE,2012,22644
Czechia,CZE,2013,16645
Czechia,CZE,2014,18658
Czechia,CZE,2015,20866
Czechia,CZE,2016,22481
Czechia,CZE,2017,22159
Czechia,CZE,2018,21577
Hungary,HUN,2003,16860
Hungary,HUN,2004,16546
Hungary,HUN,2005,15755
Hungary,HUN,2006,14822
Hungary,HUN,2007,14353
Hungary,HUN,2008,14743
Hungary,HUN,2009,15432
Hungary,HUN,2010,16328
Hungary,HUN,2011,17210
Hungary,HUN,2012,17179
Hungary,HUN,2013,17841
Hungary,HUN,2014,17890
Hungary,HUN,2015,17449
Hungary,HUN,2016,17658
Hungary,HUN,2017,17343
Hungary,HUN,2018,16947
Poland,POL,2003,79281
Poland,POL,2004,80368
Poland,POL,2005,84875
Poland,POL,2006,90529
Poland,POL,2007,89648
Poland,POL,2008,84978
Poland,POL,2009,85749
Poland,POL,2010,82372
Poland,POL,2011,82832
Poland,POL,2012,85459
Poland,POL,2013,80165
Poland,POL,2014,79345
Poland,POL,2015,72695
Poland,POL,2016,72209
Poland,POL,2017,74480
Poland,POL,2018,72818
Republic of Moldova,Not found,2003,
Republic of Moldova,Not found,2004,9377
Republic of Moldova,Not found,2005,8876
Republic of Moldova,Not found,2006,9042
Republic of Moldova,Not found,2007,7895
Republic of Moldova,Not found,2008,6830
Republic of Moldova,Not found,2009,6535
Republic of Moldova,Not found,2010,6324
Republic of Moldova,Not found,2011,6480
Republic of Moldova,Not found,2012,6583
Republic of Moldova,Not found,2013,6853
Republic of Moldova,Not found,2014,7317
Republic of Moldova,Not found,2015,8054
Republic of Moldova,Not found,2016,7872
Republic of Moldova,Not found,2017,7635
Republic of Moldova,Not found,2018,6990
Romania,ROU,2003,42815
Romania,ROU,2004,39031
Romania,ROU,2005,36700
Romania,ROU,2006,34038
Romania,ROU,2007,29390
Romania,ROU,2008,26212
Romania,ROU,2009,26716
Romania,ROU,2010,28244
Romania,ROU,2011,30694
Romania,ROU,2012,31817
Romania,ROU,2013,33434
Romania,ROU,2014,30156
Romania,ROU,2015,28334
Romania,ROU,2016,27455
Romania,ROU,2017,23450
Romania,ROU,2018,20792
Russian Federation,RUS,2003,
Russian Federation,RUS,2004,763115
Russian Federation,RUS,2005,823444
Russian Federation,RUS,2006,871693
Russian Federation,RUS,2007,883170
Russian Federation,RUS,2008,883723
Russian Federation,RUS,2009,863990
Russian Federation,RUS,2010,819280
Russian Federation,RUS,2011,755648
Russian Federation,RUS,2012,701909
Russian Federation,RUS,2013,677287
Russian Federation,RUS,2014,671649
Russian Federation,RUS,2015,646085
Russian Federation,RUS,2016,630155
Russian Federation,RUS,2017,602176
Russian Federation,RUS,2018,563166
Slovakia,SVK,2003,8873
Slovakia,SVK,2004,9422
Slovakia,SVK,2005,8897
Slovakia,SVK,2006,8249
Slovakia,SVK,2007,7986
Slovakia,SVK,2008,8166
Slovakia,SVK,2009,9316
Slovakia,SVK,2010,10031
Slovakia,SVK,2011,10525
Slovakia,SVK,2012,10850
Slovakia,SVK,2013,9753
Slovakia,SVK,2014,10020
Slovakia,SVK,2015,9913
Slovakia,SVK,2016,9995
Slovakia,SVK,2017,10028
Slovakia,SVK,2018,10294
Ukraine,UKR,2003,191241
Ukraine,UKR,2004,192047
Ukraine,UKR,2005,170923
Ukraine,UKR,2006,160725
Ukraine,UKR,2007,149690
Ukraine,UKR,2008,145946
Ukraine,UKR,2009,147716
Ukraine,UKR,2010,154027
Ukraine,UKR,2011,154029
Ukraine,UKR,2012,
Ukraine,UKR,2013,147112
Ukraine,UKR,2014,
Ukraine,UKR,2015,
Ukraine,UKR,2016,60771
Ukraine,UKR,2017,57100
Ukraine,UKR,2018,
Denmark,DNK,2003,3641
Denmark,DNK,2004,3767
Denmark,DNK,2005,4041
Denmark,DNK,2006,3932
Denmark,DNK,2007,3624
Denmark,DNK,2008,3451
Denmark,DNK,2009,3721
Denmark,DNK,2010,3944
Denmark,DNK,2011,3947
Denmark,DNK,2012,3829
Denmark,DNK,2013,4091
Denmark,DNK,2014,3583
Denmark,DNK,2015,3203
Denmark,DNK,2016,3408
Denmark,DNK,2017,3418
Denmark,DNK,2018,3635
Estonia,EST,2003,4576
Estonia,EST,2004,4565
Estonia,EST,2005,4410
Estonia,EST,2006,4310
Estonia,EST,2007,3456
Estonia,EST,2008,3656
Estonia,EST,2009,3555
Estonia,EST,2010,3393
Estonia,EST,2011,3400
Estonia,EST,2012,3286
Estonia,EST,2013,3112
Estonia,EST,2014,3034
Estonia,EST,2015,2823
Estonia,EST,2016,2864
Estonia,EST,2017,2723
Estonia,EST,2018,2584
Faeroe Islands,Not found,2003,13
Faeroe Islands,Not found,2004,
Faeroe Islands,Not found,2005,10
Faeroe Islands,Not found,2006,12
Faeroe Islands,Not found,2007,
Faeroe Islands,Not found,2008,12
Faeroe Islands,Not found,2009,9
Faeroe Islands,Not found,2010,8
Faeroe Islands,Not found,2011,8
Faeroe Islands,Not found,2012,8
Faeroe Islands,Not found,2013,10
Faeroe Islands,Not found,2014,11
Faeroe Islands,Not found,2015,10
Faeroe Islands,Not found,2016,8
Faeroe Islands,Not found,2017,6
Faeroe Islands,Not found,2018,
Finland,FIN,2003,3641
Finland,FIN,2004,3704
Finland,FIN,2005,3867
Finland,FIN,2006,3851
Finland,FIN,2007,3625
Finland,FIN,2008,3530
Finland,FIN,2009,3589
Finland,FIN,2010,3364
Finland,FIN,2011,3268
Finland,FIN,2012,3306
Finland,FIN,2013,3295
Finland,FIN,2014,3148
Finland,FIN,2015,3135
Finland,FIN,2016,3156
Finland,FIN,2017,3082
Finland,FIN,2018,2956
Guernsey,Not found,2003,
Guernsey,Not found,2004,93
Guernsey,Not found,2005,
Guernsey,Not found,2006,117
Guernsey,Not found,2007,
Guernsey,Not found,2008,87
Guernsey,Not found,2009,
Guernsey,Not found,2010,75
Guernsey,Not found,2011,
Guernsey,Not found,2012,117
Guernsey,Not found,2013,
Guernsey,Not found,2014,97
Guernsey,Not found,2015,83
Guernsey,Not found,2016,92
Guernsey,Not found,2017,110
Guernsey,Not found,2018,100
Iceland,ISL,2003,109
Iceland,ISL,2004,115
Iceland,ISL,2005,119
Iceland,ISL,2006,119
Iceland,ISL,2007,115
Iceland,ISL,2008,140
Iceland,ISL,2009,148
Iceland,ISL,2010,167
Iceland,ISL,2011,150
Iceland,ISL,2012,153
Iceland,ISL,2013,
Iceland,ISL,2014,142
Iceland,ISL,2015,139
Iceland,ISL,2016,116
Iceland,ISL,2017,137
Iceland,ISL,2018,136
Ireland,IRL,2003,3234
Ireland,IRL,2004,3162
Ireland,IRL,2005,3022
Ireland,IRL,2006,3080
Ireland,IRL,2007,3253
Ireland,IRL,2008,3484
Ireland,IRL,2009,3868
Ireland,IRL,2010,4318
Ireland,IRL,2011,4216
Ireland,IRL,2012,4287
Ireland,IRL,2013,4088
Ireland,IRL,2014,3777
Ireland,IRL,2015,3722
Ireland,IRL,2016,3718
Ireland,IRL,2017,3680
Ireland,IRL,2018,3962
Isle of Man,IMN,2003,
Isle of Man,IMN,2004,51
Isle of Man,IMN,2005,
Isle of Man,IMN,2006,76
Isle of Man,IMN,2007,
Isle of Man,IMN,2008,107
Isle of Man,IMN,2009,
Isle of Man,IMN,2010,97
Isle of Man,IMN,2011,
Isle of Man,IMN,2012,81
Isle of Man,IMN,2013,
Isle of Man,IMN,2014,91
Isle of Man,IMN,2015,
Isle of Man,IMN,2016,76
Isle of Man,IMN,2017,106
Isle of Man,IMN,2018,106
Jersey,Not found,2003,
Jersey,Not found,2004,170
Jersey,Not found,2005,
Jersey,Not found,2006,174
Jersey,Not found,2007,
Jersey,Not found,2008,181
Jersey,Not found,2009,
Jersey,Not found,2010,177
Jersey,Not found,2011,
Jersey,Not found,2012,157
Jersey,Not found,2013,
Jersey,Not found,2014,140
Jersey,Not found,2015,
Jersey,Not found,2016,140
Jersey,Not found,2017,128
Jersey,Not found,2018,128
Latvia,LVA,2003,8305
Latvia,LVA,2004,8231
Latvia,LVA,2005,7646
Latvia,LVA,2006,6965
Latvia,LVA,2007,6548
Latvia,LVA,2008,6548
Latvia,LVA,2009,7055
Latvia,LVA,2010,6780
Latvia,LVA,2011,6561
Latvia,LVA,2012,6117
Latvia,LVA,2013,5136
Latvia,LVA,2014,4745
Latvia,LVA,2015,4409
Latvia,LVA,2016,4243
Latvia,LVA,2017,3765
Latvia,LVA,2018,3522
Lithuania,LTU,2003,8063
Lithuania,LTU,2004,8125
Lithuania,LTU,2005,8137
Lithuania,LTU,2006,8079
Lithuania,LTU,2007,7866
Lithuania,LTU,2008,8000
Lithuania,LTU,2009,8655
Lithuania,LTU,2010,9139
Lithuania,LTU,2011,9920
Lithuania,LTU,2012,9729
Lithuania,LTU,2013,9261
Lithuania,LTU,2014,8636
Lithuania,LTU,2015,7355
Lithuania,LTU,2016,6815
Lithuania,LTU,2017,6599
Lithuania,LTU,2018,6485
Norway,NOR,2003,2822
Norway,NOR,2004,2899
Norway,NOR,2005,3170
Norway,NOR,2006,3387
Norway,NOR,2007,3446
Norway,NOR,2008,3477
Norway,NOR,2009,3340
Norway,NOR,2010,3564
Norway,NOR,2011,3866
Norway,NOR,2012,4052
Norway,NOR,2013,3869
Norway,NOR,2014,4103
Norway,NOR,2015,4056
Norway,NOR,2016,4192
Norway,NOR,2017,
Norway,NOR,2018,
Sweden,SWE,2003,6755
Sweden,SWE,2004,7332
Sweden,SWE,2005,7377
Sweden,SWE,2006,7397
Sweden,SWE,2007,6977
Sweden,SWE,2008,7073
Sweden,SWE,2009,7286
Sweden,SWE,2010,6846
Sweden,SWE,2011,6669
Sweden,SWE,2012,6296
Sweden,SWE,2013,5723
Sweden,SWE,2014,5807
Sweden,SWE,2015,5691
Sweden,SWE,2016,5658
Sweden,SWE,2017,5713
Sweden,SWE,2018,6114
United Kingdom (England and Wales),Not found,2003,73657
United Kingdom (England and Wales),Not found,2004,74488
United Kingdom (England and Wales),Not found,2005,75121
United Kingdom (England and Wales),Not found,2006,76560
United Kingdom (England and Wales),Not found,2007,78445
United Kingdom (England and Wales),Not found,2008,81674
United Kingdom (England and Wales),Not found,2009,81836
United Kingdom (England and Wales),Not found,2010,84004
United Kingdom (England and Wales),Not found,2011,84428
United Kingdom (England and Wales),Not found,2012,84886
United Kingdom (England and Wales),Not found,2013,81884
United Kingdom (England and Wales),Not found,2014,83678
United Kingdom (England and Wales),Not found,2015,84444
United Kingdom (England and Wales),Not found,2016,83604
United Kingdom (England and Wales),Not found,2017,84441
United Kingdom (England and Wales),Not found,2018,81904
United Kingdom (Northern Ireland),Not found,2003,
United Kingdom (Northern Ireland),Not found,2004,
United Kingdom (Northern Ireland),Not found,2005,1330
United Kingdom (Northern Ireland),Not found,2006,1512
United Kingdom (Northern Ireland),Not found,2007,1504
United Kingdom (Northern Ireland),Not found,2008,1543
United Kingdom (Northern Ireland),Not found,2009,1525
United Kingdom (Northern Ireland),Not found,2010,1465
United Kingdom (Northern Ireland),Not found,2011,1673
United Kingdom (Northern Ireland),Not found,2012,1682
United Kingdom (Northern Ireland),Not found,2013,1796
United Kingdom (Northern Ireland),Not found,2014,1709
United Kingdom (Northern Ireland),Not found,2015,1447
United Kingdom (Northern Ireland),Not found,2016,1407
United Kingdom (Northern Ireland),Not found,2017,1411
United Kingdom (Northern Ireland),Not found,2018,1407
United Kingdom (Scotland),Not found,2003,6606
United Kingdom (Scotland),Not found,2004,6776
United Kingdom (Scotland),Not found,2005,6856
United Kingdom (Scotland),Not found,2006,7187
United Kingdom (Scotland),Not found,2007,7376
United Kingdom (Scotland),Not found,2008,7827
United Kingdom (Scotland),Not found,2009,7964
United Kingdom (Scotland),Not found,2010,7854
United Kingdom (Scotland),Not found,2011,8179
United Kingdom (Scotland),Not found,2012,8057
United Kingdom (Scotland),Not found,2013,7894
United Kingdom (Scotland),Not found,2014,7731
United Kingdom (Scotland),Not found,2015,7744
United Kingdom (Scotland),Not found,2016,7579
United Kingdom (Scotland),Not found,2017,7436
United Kingdom (Scotland),Not found,2018,7788
Albania,ALB,2003,2561
Albania,ALB,2004,2321
Albania,ALB,2005,2592
Albania,ALB,2006,2857
Albania,ALB,2007,2790
Albania,ALB,2008,4916
Albania,ALB,2009,4667
Albania,ALB,2010,4657
Albania,ALB,2011,4659
Albania,ALB,2012,4618
Albania,ALB,2013,4998
Albania,ALB,2014,5689
Albania,ALB,2015,5981
Albania,ALB,2016,6031
Albania,ALB,2017,5674
Albania,ALB,2018,5316
Andorra,AND,2003,61
Andorra,AND,2004,61
Andorra,AND,2005,
Andorra,AND,2006,30
Andorra,AND,2007,71
Andorra,AND,2008,73
Andorra,AND,2009,55
Andorra,AND,2010,44
Andorra,AND,2011,49
Andorra,AND,2012,36
Andorra,AND,2013,43
Andorra,AND,2014,53
Andorra,AND,2015,41
Andorra,AND,2016,46
Andorra,AND,2017,43
Andorra,AND,2018,49
Bosnia and Herzegovina,BIH,2003,
Bosnia and Herzegovina,BIH,2004,2405
Bosnia and Herzegovina,BIH,2005,
Bosnia and Herzegovina,BIH,2006,2493
Bosnia and Herzegovina,BIH,2007,
Bosnia and Herzegovina,BIH,2008,2660
Bosnia and Herzegovina,BIH,2009,
Bosnia and Herzegovina,BIH,2010,2743
Bosnia and Herzegovina,BIH,2011,2757
Bosnia and Herzegovina,BIH,2012,2928
Bosnia and Herzegovina,BIH,2013,2898
Bosnia and Herzegovina,BIH,2014,2825
Bosnia and Herzegovina,BIH,2015,2730
Bosnia and Herzegovina,BIH,2016,2832
Bosnia and Herzegovina,BIH,2017,2820
Bosnia and Herzegovina,BIH,2018,
Croatia,HRV,2003,2805
Croatia,HRV,2004,3029
Croatia,HRV,2005,3485
Croatia,HRV,2006,3833
Croatia,HRV,2007,4290
Croatia,HRV,2008,4734
Croatia,HRV,2009,4891
Croatia,HRV,2010,5165
Croatia,HRV,2011,5084
Croatia,HRV,2012,4741
Croatia,HRV,2013,4352
Croatia,HRV,2014,3763
Croatia,HRV,2015,3341
Croatia,HRV,2016,3108
Croatia,HRV,2017,3190
Croatia,HRV,2018,3217
Gibraltar,GIB,2003,
Gibraltar,GIB,2004,19
Gibraltar,GIB,2005,
Gibraltar,GIB,2006,30
Gibraltar,GIB,2007,
Gibraltar,GIB,2008,37
Gibraltar,GIB,2009,
Gibraltar,GIB,2010,53
Gibraltar,GIB,2011,
Gibraltar,GIB,2012,63
Gibraltar,GIB,2013,
Gibraltar,GIB,2014,46
Gibraltar,GIB,2015,
Gibraltar,GIB,2016,56
Gibraltar,GIB,2017,
Gibraltar,GIB,2018,
Greece,GRC,2003,8726
Greece,GRC,2004,8722
Greece,GRC,2005,9964
Greece,GRC,2006,10370
Greece,GRC,2007,11645
Greece,GRC,2008,11736
Greece,GRC,2009,11364
Greece,GRC,2010,12349
Greece,GRC,2011,12479
Greece,GRC,2012,12475
Greece,GRC,2013,12693
Greece,GRC,2014,11798
Greece,GRC,2015,9611
Greece,GRC,2016,9560
Greece,GRC,2017,10011
Greece,GRC,2018,10654
Holy See,Not found,2003,
Holy See,Not found,2004,
Holy See,Not found,2005,
Holy See,Not found,2006,
Holy See,Not found,2007,
Holy See,Not found,2008,
Holy See,Not found,2009,0
Holy See,Not found,2010,0
Holy See,Not found,2011,0
Holy See,Not found,2012,1
Holy See,Not found,2013,0
Holy See,Not found,2014,0
Holy See,Not found,2015,1
Holy See,Not found,2016,
Holy See,Not found,2017,
Holy See,Not found,2018,
Italy,ITA,2003,54993
Italy,ITA,2004,56903
Italy,ITA,2005,60415
Italy,ITA,2006,39794
Italy,ITA,2007,49697
Italy,ITA,2008,59284
Italy,ITA,2009,65598
Italy,ITA,2010,69263
Italy,ITA,2011,68325
Italy,ITA,2012,67102
Italy,ITA,2013,63848
Italy,ITA,2014,54745
Italy,ITA,2015,53410
Italy,ITA,2016,55978
Italy,ITA,2017,59038
Italy,ITA,2018,61131
Kosovo under UNSCR 1244,Not found,2003,1182
Kosovo under UNSCR 1244,Not found,2004,1189
Kosovo under UNSCR 1244,Not found,2005,1199
Kosovo under UNSCR 1244,Not found,2006,1252
Kosovo under UNSCR 1244,Not found,2007,
Kosovo under UNSCR 1244,Not found,2008,
Kosovo under UNSCR 1244,Not found,2009,1325
Kosovo under UNSCR 1244,Not found,2010,1333
Kosovo under UNSCR 1244,Not found,2011,1441
Kosovo under UNSCR 1244,Not found,2012,1737
Kosovo under UNSCR 1244,Not found,2013,1776
Kosovo under UNSCR 1244,Not found,2014,1854
Kosovo under UNSCR 1244,Not found,2015,1478
Kosovo under UNSCR 1244,Not found,2016,1648
Kosovo under UNSCR 1244,Not found,2017,1609
Kosovo under UNSCR 1244,Not found,2018,1567
Malta,MLT,2003,278
Malta,MLT,2004,298
Malta,MLT,2005,294
Malta,MLT,2006,375
Malta,MLT,2007,528
Malta,MLT,2008,662
Malta,MLT,2009,494
Malta,MLT,2010,584
Malta,MLT,2011,584
Malta,MLT,2012,585
Malta,MLT,2013,615
Malta,MLT,2014,581
Malta,MLT,2015,569
Malta,MLT,2016,553
Malta,MLT,2017,591
Malta,MLT,2018,619
Montenegro,MNE,2003,741
Montenegro,MNE,2004,799
Montenegro,MNE,2005,894
Montenegro,MNE,2006,851
Montenegro,MNE,2007,957
Montenegro,MNE,2008,1216
Montenegro,MNE,2009,1499
Montenegro,MNE,2010,1457
Montenegro,MNE,2011,1328
Montenegro,MNE,2012,1331
Montenegro,MNE,2013,1064
Montenegro,MNE,2014,1123
Montenegro,MNE,2015,1131
Montenegro,MNE,2016,1123
Montenegro,MNE,2017,1119
Montenegro,MNE,2018,1125
North Macedonia,MKD,2003,1608
North Macedonia,MKD,2004,1782
North Macedonia,MKD,2005,2132
North Macedonia,MKD,2006,2038
North Macedonia,MKD,2007,
North Macedonia,MKD,2008,2235
North Macedonia,MKD,2009,
North Macedonia,MKD,2010,2516
North Macedonia,MKD,2011,2515
North Macedonia,MKD,2012,2543
North Macedonia,MKD,2013,
North Macedonia,MKD,2014,3116
North Macedonia,MKD,2015,3427
North Macedonia,MKD,2016,3231
North Macedonia,MKD,2017,3031
North Macedonia,MKD,2018,2256
Portugal,PRT,2003,13835
Portugal,PRT,2004,13152
Portugal,PRT,2005,12889
Portugal,PRT,2006,12636
Portugal,PRT,2007,11587
Portugal,PRT,2008,10807
Portugal,PRT,2009,11287
Portugal,PRT,2010,11839
Portugal,PRT,2011,12955
Portugal,PRT,2012,13875
Portugal,PRT,2013,14535
Portugal,PRT,2014,14198
Portugal,PRT,2015,14373
Portugal,PRT,2016,13917
Portugal,PRT,2017,13587
Portugal,PRT,2018,13021
San Marino,SMR,2003,
San Marino,SMR,2004,
San Marino,SMR,2005,
San Marino,SMR,2006,
San Marino,SMR,2007,
San Marino,SMR,2008,
San Marino,SMR,2009,
San Marino,SMR,2010,
San Marino,SMR,2011,
San Marino,SMR,2012,
San Marino,SMR,2013,
San Marino,SMR,2014,
San Marino,SMR,2015,2
San Marino,SMR,2016,
San Marino,SMR,2017,3
San Marino,SMR,2018,6
Serbia,SRB,2003,7487
Serbia,SRB,2004,7654
Serbia,SRB,2005,8078
Serbia,SRB,2006,7893
Serbia,SRB,2007,9043
Serbia,SRB,2008,9701
Serbia,SRB,2009,10975
Serbia,SRB,2010,11211
Serbia,SRB,2011,11070
Serbia,SRB,2012,10226
Serbia,SRB,2013,10031
Serbia,SRB,2014,10288
Serbia,SRB,2015,10064
Serbia,SRB,2016,10672
Serbia,SRB,2017,10807
Serbia,SRB,2018,10871
Slovenia,SVN,2003,1070
Slovenia,SVN,2004,1085
Slovenia,SVN,2005,1132
Slovenia,SVN,2006,1301
Slovenia,SVN,2007,1336
Slovenia,SVN,2008,1318
Slovenia,SVN,2009,1365
Slovenia,SVN,2010,1351
Slovenia,SVN,2011,1273
Slovenia,SVN,2012,1377
Slovenia,SVN,2013,1360
Slovenia,SVN,2014,1522
Slovenia,SVN,2015,1399
Slovenia,SVN,2016,1308
Slovenia,SVN,2017,1316
Slovenia,SVN,2018,1396
Spain,ESP,2003,56096
Spain,ESP,2004,59375
Spain,ESP,2005,61054
Spain,ESP,2006,64021
Spain,ESP,2007,67100
Spain,ESP,2008,73558
Spain,ESP,2009,76079
Spain,ESP,2010,73929
Spain,ESP,2011,70472
Spain,ESP,2012,68597
Spain,ESP,2013,66765
Spain,ESP,2014,65017
Spain,ESP,2015,61614
Spain,ESP,2016,59589
Spain,ESP,2017,58814
Spain,ESP,2018,58883
Austria,AUT,2003,
Austria,AUT,2004,
Austria,AUT,2005,8956
Austria,AUT,2006,9005
Austria,AUT,2007,9012
Austria,AUT,2008,8248
Austria,AUT,2009,8708
Austria,AUT,2010,8813
Austria,AUT,2011,8954
Austria,AUT,2012,8805
Austria,AUT,2013,8862
Austria,AUT,2014,8692
Austria,AUT,2015,
Austria,AUT,2016,8619
Austria,AUT,2017,8852
Austria,AUT,2018,9163
Belgium,BEL,2003,
Belgium,BEL,2004,9245
Belgium,BEL,2005,9375
Belgium,BEL,2006,9635
Belgium,BEL,2007,
Belgium,BEL,2008,9858
Belgium,BEL,2009,
Belgium,BEL,2010,10561
Belgium,BEL,2011,
Belgium,BEL,2012,11212
Belgium,BEL,2013,12126
Belgium,BEL,2014,11769
Belgium,BEL,2015,10994
Belgium,BEL,2016,11071
Belgium,BEL,2017,10073
Belgium,BEL,2018,10073
France,FRA,2003,55382
France,FRA,2004,55355
France,FRA,2005,55302
France,FRA,2006,58402
France,FRA,2007,61076
France,FRA,2008,62252
France,FRA,2009,60978
France,FRA,2010,60544
France,FRA,2011,64787
France,FRA,2012,66572
France,FRA,2013,67075
France,FRA,2014,66270
France,FRA,2015,66678
France,FRA,2016,68432
France,FRA,2017,68974
France,FRA,2018,
Germany,DEU,2003,80829
Germany,DEU,2004,80933
Germany,DEU,2005,80201
Germany,DEU,2006,78063
Germany,DEU,2007,75153
Germany,DEU,2008,73793
Germany,DEU,2009,72295
Germany,DEU,2010,70827
Germany,DEU,2011,69543
Germany,DEU,2012,68533
Germany,DEU,2013,66221
Germany,DEU,2014,63228
Germany,DEU,2015,63020
Germany,DEU,2016,64291
Germany,DEU,2017,65841
Germany,DEU,2018,65762
Liechtenstein,LIE,2003,
Liechtenstein,LIE,2004,
Liechtenstein,LIE,2005,130
Liechtenstein,LIE,2006,98
Liechtenstein,LIE,2007,26
Liechtenstein,LIE,2008,78
Liechtenstein,LIE,2009,149
Liechtenstein,LIE,2010,76
Liechtenstein,LIE,2011,71
Liechtenstein,LIE,2012,60
Liechtenstein,LIE,2013,68
Liechtenstein,LIE,2014,53
Liechtenstein,LIE,2015,53
Liechtenstein,LIE,2016,72
Liechtenstein,LIE,2017,73
Liechtenstein,LIE,2018,63
Luxembourg,LUX,2003,
Luxembourg,LUX,2004,602
Luxembourg,LUX,2005,693
Luxembourg,LUX,2006,735
Luxembourg,LUX,2007,741
Luxembourg,LUX,2008,762
Luxembourg,LUX,2009,702
Luxembourg,LUX,2010,681
Luxembourg,LUX,2011,637
Luxembourg,LUX,2012,666
Luxembourg,LUX,2013,656
Luxembourg,LUX,2014,626
Luxembourg,LUX,2015,691
Luxembourg,LUX,2016,724
Luxembourg,LUX,2017,684
Luxembourg,LUX,2018,650
Monaco,MCO,2003,28
Monaco,MCO,2004,34
Monaco,MCO,2005,31
Monaco,MCO,2006,37
Monaco,MCO,2007,36
Monaco,MCO,2008,34
Monaco,MCO,2009,23
Monaco,MCO,2010,12
Monaco,MCO,2011,32
Monaco,MCO,2012,33
Monaco,MCO,2013,29
Monaco,MCO,2014,23
Monaco,MCO,2015,34
Monaco,MCO,2016,31
Monaco,MCO,2017,29
Monaco,MCO,2018,
Netherlands,NLD,2003,16184
Netherlands,NLD,2004,18766
Netherlands,NLD,2005,17560
Netherlands,NLD,2006,16091
Netherlands,NLD,2007,15151
Netherlands,NLD,2008,14610
Netherlands,NLD,2009,14364
Netherlands,NLD,2010,14368
Netherlands,NLD,2011,13969
Netherlands,NLD,2012,13473
Netherlands,NLD,2013,12721
Netherlands,NLD,2014,11934
Netherlands,NLD,2015,10850
Netherlands,NLD,2016,10601
Netherlands,NLD,2017,10874
Netherlands,NLD,2018,11251
Switzerland,CHE,2003,4842
Switzerland,CHE,2004,5509
Switzerland,CHE,2005,5723
Switzerland,CHE,2006,5567
Switzerland,CHE,2007,5278
Switzerland,CHE,2008,5303
Switzerland,CHE,2009,5605
Switzerland,CHE,2010,5765
Switzerland,CHE,2011,5626
Switzerland,CHE,2012,6102
Switzerland,CHE,2013,6634
Switzerland,CHE,2014,6519
Switzerland,CHE,2015,6498
Switzerland,CHE,2016,6507
Switzerland,CHE,2017,6564
Switzerland,CHE,2018,6602
Australia,AUS,2003,23555
Australia,AUS,2004,24171
Australia,AUS,2005,
Australia,AUS,2006,
Australia,AUS,2007,27224
Australia,AUS,2008,27615
Australia,AUS,2009,29317
Australia,AUS,2010,29700
Australia,AUS,2011,29106
Australia,AUS,2012,29381
Australia,AUS,2013,30773
Australia,AUS,2014,33789
Australia,AUS,2015,36134
Australia,AUS,2016,38845
Australia,AUS,2017,41202
Australia,AUS,2018,42974
New Zealand,NZL,2003,
New Zealand,NZL,2004,
New Zealand,NZL,2005,7430
New Zealand,NZL,2006,7588
New Zealand,NZL,2007,7534
New Zealand,NZL,2008,7860
New Zealand,NZL,2009,8546
New Zealand,NZL,2010,8435
New Zealand,NZL,2011,8467
New Zealand,NZL,2012,8223
New Zealand,NZL,2013,8641
New Zealand,NZL,2014,8641
New Zealand,NZL,2015,9121
New Zealand,NZL,2016,9938
New Zealand,NZL,2017,10394
New Zealand,NZL,2018,9782
Fiji,FJI,2003,
Fiji,FJI,2004,1083
Fiji,FJI,2005,1113
Fiji,FJI,2006,1121
Fiji,FJI,2007,
Fiji,FJI,2008,919
Fiji,FJI,2009,
Fiji,FJI,2010,1097
Fiji,FJI,2011,
Fiji,FJI,2012,1397
Fiji,FJI,2013,
Fiji,FJI,2014,1540
Fiji,FJI,2015,1555
Fiji,FJI,2016,1826
Fiji,FJI,2017,
Fiji,FJI,2018,
New Caledonia,NCL,2003,315
New Caledonia,NCL,2004,
New Caledonia,NCL,2005,251
New Caledonia,NCL,2006,
New Caledonia,NCL,2007,326
New Caledonia,NCL,2008,
New Caledonia,NCL,2009,
New Caledonia,NCL,2010,
New Caledonia,NCL,2011,438
New Caledonia,NCL,2012,
New Caledonia,NCL,2013,402
New Caledonia,NCL,2014,
New Caledonia,NCL,2015,448
New Caledonia,NCL,2016,
New Caledonia,NCL,2017,549
New Caledonia,NCL,2018,
Papua New Guinea,PNG,2003,
Papua New Guinea,PNG,2004,
Papua New Guinea,PNG,2005,4056
Papua New Guinea,PNG,2006,
Papua New Guinea,PNG,2007,
Papua New Guinea,PNG,2008,4574
Papua New Guinea,PNG,2009,
Papua New Guinea,PNG,2010,4268
Papua New Guinea,PNG,2011,
Papua New Guinea,PNG,2012,3467
Papua New Guinea,PNG,2013,
Papua New Guinea,PNG,2014,4580
Papua New Guinea,PNG,2015,4864
Papua New Guinea,PNG,2016,4945
Papua New Guinea,PNG,2017,
Papua New Guinea,PNG,2018,5087
Solomon Islands,SLB,2003,
Solomon Islands,SLB,2004,275
Solomon Islands,SLB,2005,295
Solomon Islands,SLB,2006,283
Solomon Islands,SLB,2007,211
Solomon Islands,SLB,2008,173
Solomon Islands,SLB,2009,
Solomon Islands,SLB,2010,268
Solomon Islands,SLB,2011,
Solomon Islands,SLB,2012,291
Solomon Islands,SLB,2013,321
Solomon Islands,SLB,2014,282
Solomon Islands,SLB,2015,271
Solomon Islands,SLB,2016,435
Solomon Islands,SLB,2017,477
Solomon Islands,SLB,2018,
Vanuatu,VUT,2003,93
Vanuatu,VUT,2004,
Vanuatu,VUT,2005,138
Vanuatu,VUT,2006,
Vanuatu,VUT,2007,123
Vanuatu,VUT,2008,
Vanuatu,VUT,2009,170
Vanuatu,VUT,2010,187
Vanuatu,VUT,2011,
Vanuatu,VUT,2012,194
Vanuatu,VUT,2013,
Vanuatu,VUT,2014,151
Vanuatu,VUT,2015,230
Vanuatu,VUT,2016,192
Vanuatu,VUT,2017,
Vanuatu,VUT,2018,
Guam,GUM,2003,
Guam,GUM,2004,393
Guam,GUM,2005,
Guam,GUM,2006,495
Guam,GUM,2007,
Guam,GUM,2008,559
Guam,GUM,2009,
Guam,GUM,2010,559
Guam,GUM,2011,
Guam,GUM,2012,585
Guam,GUM,2013,
Guam,GUM,2014,754
Guam,GUM,2015,756
Guam,GUM,2016,752
Guam,GUM,2017,667
Guam,GUM,2018,
Kiribati,KIR,2003,
Kiribati,KIR,2004,81
Kiribati,KIR,2005,74
Kiribati,KIR,2006,84
Kiribati,KIR,2007,88
Kiribati,KIR,2008,84
Kiribati,KIR,2009,
Kiribati,KIR,2010,90
Kiribati,KIR,2011,
Kiribati,KIR,2012,106
Kiribati,KIR,2013,
Kiribati,KIR,2014,120
Kiribati,KIR,2015,146
Kiribati,KIR,2016,129
Kiribati,KIR,2017,
Kiribati,KIR,2018,
Marshall Islands,MHL,2003,20
Marshall Islands,MHL,2004,
Marshall Islands,MHL,2005,
Marshall Islands,MHL,2006,47
Marshall Islands,MHL,2007,
Marshall Islands,MHL,2008,
Marshall Islands,MHL,2009,50
Marshall Islands,MHL,2010,
Marshall Islands,MHL,2011,41
Marshall Islands,MHL,2012,
Marshall Islands,MHL,2013,36
Marshall Islands,MHL,2014,35
Marshall Islands,MHL,2015,
Marshall Islands,MHL,2016,
Marshall Islands,MHL,2017,
Marshall Islands,MHL,2018,
Micronesia (Federated States of),Not found,2003,
Micronesia (Federated States of),Not found,2004,86
Micronesia (Federated States of),Not found,2005,
Micronesia (Federated States of),Not found,2006,103
Micronesia (Federated States of),Not found,2007,
Micronesia (Federated States of),Not found,2008,
Micronesia (Federated States of),Not found,2009,76
Micronesia (Federated States of),Not found,2010,
Micronesia (Federated States of),Not found,2011,95
Micronesia (Federated States of),Not found,2012,
Micronesia (Federated States of),Not found,2013,107
Micronesia (Federated States of),Not found,2014,132
Micronesia (Federated States of),Not found,2015,
Micronesia (Federated States of),Not found,2016,
Micronesia (Federated States of),Not found,2017,
Micronesia (Federated States of),Not found,2018,
Nauru,NRU,2003,
Nauru,NRU,2004,
Nauru,NRU,2005,3
Nauru,NRU,2006,
Nauru,NRU,2007,
Nauru,NRU,2008,
Nauru,NRU,2009,37
Nauru,NRU,2010,
Nauru,NRU,2011,
Nauru,NRU,2012,26
Nauru,NRU,2013,
Nauru,NRU,2014,14
Nauru,NRU,2015,
Nauru,NRU,2016,
Nauru,NRU,2017,
Nauru,NRU,2018,
Northern Mariana Islands,MNP,2003,
Northern Mariana Islands,MNP,2004,150
Northern Mariana Islands,MNP,2005,
Northern Mariana Islands,MNP,2006,126
Northern Mariana Islands,MNP,2007,
Northern Mariana Islands,MNP,2008,124
Northern Mariana Islands,MNP,2009,
Northern Mariana Islands,MNP,2010,
Northern Mariana Islands,MNP,2011,162
Northern Mariana Islands,MNP,2012,
Northern Mariana Islands,MNP,2013,
Northern Mariana Islands,MNP,2014,175
Northern Mariana Islands,MNP,2015,
Northern Mariana Islands,MNP,2016,
Northern Mariana Islands,MNP,2017,270
Northern Mariana Islands,MNP,2018,
Palau,PLW,2003,103
Palau,PLW,2004,
Palau,PLW,2005,97
Palau,PLW,2006,
Palau,PLW,2007,111
Palau,PLW,2008,
Palau,PLW,2009,132
Palau,PLW,2010,
Palau,PLW,2011,92
Palau,PLW,2012,
Palau,PLW,2013,103
Palau,PLW,2014,72
Palau,PLW,2015,72
Palau,PLW,2016,
Palau,PLW,2017,87
Palau,PLW,2018,76
American Samoa,ASM,2003,
American Samoa,ASM,2004,258
American Samoa,ASM,2005,
American Samoa,ASM,2006,210
American Samoa,ASM,2007,
American Samoa,ASM,2008,132
American Samoa,ASM,2009,
American Samoa,ASM,2010,188
American Samoa,ASM,2011,
American Samoa,ASM,2012,192
American Samoa,ASM,2013,
American Samoa,ASM,2014,201
American Samoa,ASM,2015,
American Samoa,ASM,2016,182
American Samoa,ASM,2017,193
American Samoa,ASM,2018,
Cook Islands,COK,2003,
Cook Islands,COK,2004,
Cook Islands,COK,2005,27
Cook Islands,COK,2006,
Cook Islands,COK,2007,26
Cook Islands,COK,2008,
Cook Islands,COK,2009,
Cook Islands,COK,2010,40
Cook Islands,COK,2011,
Cook Islands,COK,2012,34
Cook Islands,COK,2013,
Cook Islands,COK,2014,37
Cook Islands,COK,2015,37
Cook Islands,COK,2016,48
Cook Islands,COK,2017,
Cook Islands,COK,2018,
French Polynesia,PYF,2003,291
French Polynesia,PYF,2004,
French Polynesia,PYF,2005,314
French Polynesia,PYF,2006,
French Polynesia,PYF,2007,404
French Polynesia,PYF,2008,
French Polynesia,PYF,2009,
French Polynesia,PYF,2010,
French Polynesia,PYF,2011,
French Polynesia,PYF,2012,426
French Polynesia,PYF,2013,
French Polynesia,PYF,2014,429
French Polynesia,PYF,2015,
French Polynesia,PYF,2016,397
French Polynesia,PYF,2017,569
French Polynesia,PYF,2018,569
Samoa,WSM,2003,
Samoa,WSM,2004,234
Samoa,WSM,2005,
Samoa,WSM,2006,183
Samoa,WSM,2007,
Samoa,WSM,2008,
Samoa,WSM,2009,300
Samoa,WSM,2010,
Samoa,WSM,2011,427
Samoa,WSM,2012,
Samoa,WSM,2013,
Samoa,WSM,2014,481
Samoa,WSM,2015,501
Samoa,WSM,2016,
Samoa,WSM,2017,400
Samoa,WSM,2018,
Tonga,TON,2003,
Tonga,TON,2004,116
Tonga,TON,2005,128
Tonga,TON,2006,102
Tonga,TON,2007,
Tonga,TON,2008,106
Tonga,TON,2009,
Tonga,TON,2010,159
Tonga,TON,2011,
Tonga,TON,2012,158
Tonga,TON,2013,
Tonga,TON,2014,176
Tonga,TON,2015,
Tonga,TON,2016,
Tonga,TON,2017,
Tonga,TON,2018,
Tuvalu,TUV,2003,
Tuvalu,TUV,2004,
Tuvalu,TUV,2005,7
Tuvalu,TUV,2006,
Tuvalu,TUV,2007,3
Tuvalu,TUV,2008,
Tuvalu,TUV,2009,
Tuvalu,TUV,2010,8
Tuvalu,TUV,2011,
Tuvalu,TUV,2012,12
Tuvalu,TUV,2013,
Tuvalu,TUV,2014,11
Tuvalu,TUV,2015,
Tuvalu,TUV,2016,
Tuvalu,TUV,2017,
Tuvalu,TUV,2018,
