country_name,country_code
Afghanistan,AFG
Afghanistan,AFG
Afghanistan,AFG
Afghanistan,AFG
Afghanistan,AFG
Afghanistan,AFG
Afghanistan,AFG
Afghanistan,AFG
Afghanistan,AFG
Afghanistan,AFG
Afghanistan,AFG
Afghanistan,AFG
Albania,ALB
Albania,ALB
Albania,ALB
Albania,ALB
Albania,ALB
Albania,ALB
Albania,ALB
Albania,ALB
Albania,ALB
Albania,ALB
Albania,ALB
Albania,ALB
Algeria,DZA
Algeria,DZA
Algeria,DZA
Algeria,DZA
Algeria,DZA
Algeria,DZA
Algeria,DZA
Algeria,DZA
Algeria,DZA
Algeria,DZA
Algeria,DZA
Algeria,DZA
American Samoa,ASM
American Samoa,ASM
American Samoa,ASM
American Samoa,ASM
American Samoa,ASM
American Samoa,ASM
American Samoa,ASM
American Samoa,ASM
American Samoa,ASM
American Samoa,ASM
American Samoa,ASM
American Samoa,ASM
Andorra,AND
Andorra,AND
Andorra,AND
Andorra,AND
Andorra,AND
Andorra,AND
Andorra,AND
Andorra,AND
Andorra,AND
Andorra,AND
Andorra,AND
Andorra,AND
Angola,AGO
Angola,AGO
Angola,AGO
Angola,AGO
Angola,AGO
Angola,AGO
Angola,AGO
Angola,AGO
Angola,AGO
Angola,AGO
Angola,AGO
Angola,AGO
Antigua and Barbuda,ATG
Antigua and Barbuda,ATG
Antigua and Barbuda,ATG
Antigua and Barbuda,ATG
Antigua and Barbuda,ATG
Antigua and Barbuda,ATG
Antigua and Barbuda,ATG
Antigua and Barbuda,ATG
Antigua and Barbuda,ATG
Antigua and Barbuda,ATG
Antigua and Barbuda,ATG
Antigua and Barbuda,ATG
Argentina,ARG
Argentina,ARG
Argentina,ARG
Argentina,ARG
Argentina,ARG
Argentina,ARG
Argentina,ARG
Argentina,ARG
Argentina,ARG
Argentina,ARG
Argentina,ARG
Argentina,ARG
Armenia,ARM
Armenia,ARM
Armenia,ARM
Armenia,ARM
Armenia,ARM
Armenia,ARM
Armenia,ARM
Armenia,ARM
Armenia,ARM
Armenia,ARM
Armenia,ARM
Armenia,ARM
Aruba,ABW
Aruba,ABW
Aruba,ABW
Aruba,ABW
Aruba,ABW
Aruba,ABW
Aruba,ABW
Aruba,ABW
Aruba,ABW
Aruba,ABW
Aruba,ABW
Aruba,ABW
Australia,AUS
Australia,AUS
Australia,AUS
Australia,AUS
Australia,AUS
Australia,AUS
Australia,AUS
Australia,AUS
Australia,AUS
Australia,AUS
Australia,AUS
Australia,AUS
Austria,AUT
Austria,AUT
Austria,AUT
Austria,AUT
Austria,AUT
Austria,AUT
Austria,AUT
Austria,AUT
Austria,AUT
Austria,AUT
Austria,AUT
Austria,AUT
Azerbaijan,AZE
Azerbaijan,AZE
Azerbaijan,AZE
Azerbaijan,AZE
Azerbaijan,AZE
Azerbaijan,AZE
Azerbaijan,AZE
Azerbaijan,AZE
Azerbaijan,AZE
Azerbaijan,AZE
Azerbaijan,AZE
Azerbaijan,AZE
"Bahamas, The",BHS
"Bahamas, The",BHS
"Bahamas, The",BHS
"Bahamas, The",BHS
"Bahamas, The",BHS
"Bahamas, The",BHS
"Bahamas, The",BHS
"Bahamas, The",BHS
"Bahamas, The",BHS
"Bahamas, The",BHS
"Bahamas, The",BHS
"Bahamas, The",BHS
Bahrain,BHR
Bahrain,BHR
Bahrain,BHR
Bahrain,BHR
Bahrain,BHR
Bahrain,BHR
Bahrain,BHR
Bahrain,BHR
Bahrain,BHR
Bahrain,BHR
Bahrain,BHR
Bahrain,BHR
Bangladesh,BGD
Bangladesh,BGD
Bangladesh,BGD
Bangladesh,BGD
Bangladesh,BGD
Bangladesh,BGD
Bangladesh,BGD
Bangladesh,BGD
Bangladesh,BGD
Bangladesh,BGD
Bangladesh,BGD
Bangladesh,BGD
Barbados,BRB
Barbados,BRB
Barbados,BRB
Barbados,BRB
Barbados,BRB
Barbados,BRB
Barbados,BRB
Barbados,BRB
Barbados,BRB
Barbados,BRB
Barbados,BRB
Barbados,BRB
Belarus,BLR
Belarus,BLR
Belarus,BLR
Belarus,BLR
Belarus,BLR
Belarus,BLR
Belarus,BLR
Belarus,BLR
Belarus,BLR
Belarus,BLR
Belarus,BLR
Belarus,BLR
Belgium,BEL
Belgium,BEL
Belgium,BEL
Belgium,BEL
Belgium,BEL
Belgium,BEL
Belgium,BEL
Belgium,BEL
Belgium,BEL
Belgium,BEL
Belgium,BEL
Belgium,BEL
Belize,BLZ
Belize,BLZ
Belize,BLZ
Belize,BLZ
Belize,BLZ
Belize,BLZ
Belize,BLZ
Belize,BLZ
Belize,BLZ
Belize,BLZ
Belize,BLZ
Belize,BLZ
Benin,BEN
Benin,BEN
Benin,BEN
Benin,BEN
Benin,BEN
Benin,BEN
Benin,BEN
Benin,BEN
Benin,BEN
Benin,BEN
Benin,BEN
Benin,BEN
Bermuda,BMU
Bermuda,BMU
Bermuda,BMU
Bermuda,BMU
Bermuda,BMU
Bermuda,BMU
Bermuda,BMU
Bermuda,BMU
Bermuda,BMU
Bermuda,BMU
Bermuda,BMU
Bermuda,BMU
Bhutan,BTN
Bhutan,BTN
Bhutan,BTN
Bhutan,BTN
Bhutan,BTN
Bhutan,BTN
Bhutan,BTN
Bhutan,BTN
Bhutan,BTN
Bhutan,BTN
Bhutan,BTN
Bhutan,BTN
Bolivia,BOL
Bolivia,BOL
Bolivia,BOL
Bolivia,BOL
Bolivia,BOL
Bolivia,BOL
Bolivia,BOL
Bolivia,BOL
Bolivia,BOL
Bolivia,BOL
Bolivia,BOL
Bolivia,BOL
Bosnia and Herzegovina,BIH
Bosnia and Herzegovina,BIH
Bosnia and Herzegovina,BIH
Bosnia and Herzegovina,BIH
Bosnia and Herzegovina,BIH
Bosnia and Herzegovina,BIH
Bosnia and Herzegovina,BIH
Bosnia and Herzegovina,BIH
Bosnia and Herzegovina,BIH
Bosnia and Herzegovina,BIH
Bosnia and Herzegovina,BIH
Bosnia and Herzegovina,BIH
Botswana,BWA
Botswana,BWA
Botswana,BWA
Botswana,BWA
Botswana,BWA
Botswana,BWA
Botswana,BWA
Botswana,BWA
Botswana,BWA
Botswana,BWA
Botswana,BWA
Botswana,BWA
Brazil,BRA
Brazil,BRA
Brazil,BRA
Brazil,BRA
Brazil,BRA
Brazil,BRA
Brazil,BRA
Brazil,BRA
Brazil,BRA
Brazil,BRA
Brazil,BRA
Brazil,BRA
British Virgin Islands,VGB
British Virgin Islands,VGB
British Virgin Islands,VGB
British Virgin Islands,VGB
British Virgin Islands,VGB
British Virgin Islands,VGB
British Virgin Islands,VGB
British Virgin Islands,VGB
British Virgin Islands,VGB
British Virgin Islands,VGB
British Virgin Islands,VGB
British Virgin Islands,VGB
Brunei Darussalam,BRN
Brunei Darussalam,BRN
Brunei Darussalam,BRN
Brunei Darussalam,BRN
Brunei Darussalam,BRN
Brunei Darussalam,BRN
Brunei Darussalam,BRN
Brunei Darussalam,BRN
Brunei Darussalam,BRN
Brunei Darussalam,BRN
Brunei Darussalam,BRN
Brunei Darussalam,BRN
Bulgaria,BGR
Bulgaria,BGR
Bulgaria,BGR
Bulgaria,BGR
Bulgaria,BGR
Bulgaria,BGR
Bulgaria,BGR
Bulgaria,BGR
Bulgaria,BGR
Bulgaria,BGR
Bulgaria,BGR
Bulgaria,BGR
Burkina Faso,BFA
Burkina Faso,BFA
Burkina Faso,BFA
Burkina Faso,BFA
Burkina Faso,BFA
Burkina Faso,BFA
Burkina Faso,BFA
Burkina Faso,BFA
Burkina Faso,BFA
Burkina Faso,BFA
Burkina Faso,BFA
Burkina Faso,BFA
Burundi,BDI
Burundi,BDI
Burundi,BDI
Burundi,BDI
Burundi,BDI
Burundi,BDI
Burundi,BDI
Burundi,BDI
Burundi,BDI
Burundi,BDI
Burundi,BDI
Burundi,BDI
Cabo Verde,CPV
Cabo Verde,CPV
Cabo Verde,CPV
Cabo Verde,CPV
Cabo Verde,CPV
Cabo Verde,CPV
Cabo Verde,CPV
Cabo Verde,CPV
Cabo Verde,CPV
Cabo Verde,CPV
Cabo Verde,CPV
Cabo Verde,CPV
Cambodia,KHM
Cambodia,KHM
Cambodia,KHM
Cambodia,KHM
Cambodia,KHM
Cambodia,KHM
Cambodia,KHM
Cambodia,KHM
Cambodia,KHM
Cambodia,KHM
Cambodia,KHM
Cambodia,KHM
Cameroon,CMR
Cameroon,CMR
Cameroon,CMR
Cameroon,CMR
Cameroon,CMR
Cameroon,CMR
Cameroon,CMR
Cameroon,CMR
Cameroon,CMR
Cameroon,CMR
Cameroon,CMR
Cameroon,CMR
Canada,CAN
Canada,CAN
Canada,CAN
Canada,CAN
Canada,CAN
Canada,CAN
Canada,CAN
Canada,CAN
Canada,CAN
Canada,CAN
Canada,CAN
Canada,CAN
Cayman Islands,CYM
Cayman Islands,CYM
Cayman Islands,CYM
Cayman Islands,CYM
Cayman Islands,CYM
Cayman Islands,CYM
Cayman Islands,CYM
Cayman Islands,CYM
Cayman Islands,CYM
Cayman Islands,CYM
Cayman Islands,CYM
Cayman Islands,CYM
Central African Republic,CAF
Central African Republic,CAF
Central African Republic,CAF
Central African Republic,CAF
Central African Republic,CAF
Central African Republic,CAF
Central African Republic,CAF
Central African Republic,CAF
Central African Republic,CAF
Central African Republic,CAF
Central African Republic,CAF
Central African Republic,CAF
Chad,TCD
Chad,TCD
Chad,TCD
Chad,TCD
Chad,TCD
Chad,TCD
Chad,TCD
Chad,TCD
Chad,TCD
Chad,TCD
Chad,TCD
Chad,TCD
Channel Islands,CHI
Channel Islands,CHI
Channel Islands,CHI
Channel Islands,CHI
Channel Islands,CHI
Channel Islands,CHI
Channel Islands,CHI
Channel Islands,CHI
Channel Islands,CHI
Channel Islands,CHI
Channel Islands,CHI
Channel Islands,CHI
Chile,CHL
Chile,CHL
Chile,CHL
Chile,CHL
Chile,CHL
Chile,CHL
Chile,CHL
Chile,CHL
Chile,CHL
Chile,CHL
Chile,CHL
Chile,CHL
China,CHN
China,CHN
China,CHN
China,CHN
China,CHN
China,CHN
China,CHN
China,CHN
China,CHN
China,CHN
China,CHN
China,CHN
Colombia,COL
Colombia,COL
Colombia,COL
Colombia,COL
Colombia,COL
Colombia,COL
Colombia,COL
Colombia,COL
Colombia,COL
Colombia,COL
Colombia,COL
Colombia,COL
Comoros,COM
Comoros,COM
Comoros,COM
Comoros,COM
Comoros,COM
Comoros,COM
Comoros,COM
Comoros,COM
Comoros,COM
Comoros,COM
Comoros,COM
Comoros,COM
"Congo, Dem. Rep.",COD
"Congo, Dem. Rep.",COD
"Congo, Dem. Rep.",COD
"Congo, Dem. Rep.",COD
"Congo, Dem. Rep.",COD
"Congo, Dem. Rep.",COD
"Congo, Dem. Rep.",COD
"Congo, Dem. Rep.",COD
"Congo, Dem. Rep.",COD
"Congo, Dem. Rep.",COD
"Congo, Dem. Rep.",COD
"Congo, Dem. Rep.",COD
"Congo, Rep.",COG
"Congo, Rep.",COG
"Congo, Rep.",COG
"Congo, Rep.",COG
"Congo, Rep.",COG
"Congo, Rep.",COG
"Congo, Rep.",COG
"Congo, Rep.",COG
"Congo, Rep.",COG
"Congo, Rep.",COG
"Congo, Rep.",COG
"Congo, Rep.",COG
Costa Rica,CRI
Costa Rica,CRI
Costa Rica,CRI
Costa Rica,CRI
Costa Rica,CRI
Costa Rica,CRI
Costa Rica,CRI
Costa Rica,CRI
Costa Rica,CRI
Costa Rica,CRI
Costa Rica,CRI
Costa Rica,CRI
Cote d'Ivoire,CIV
Cote d'Ivoire,CIV
Cote d'Ivoire,CIV
Cote d'Ivoire,CIV
Cote d'Ivoire,CIV
Cote d'Ivoire,CIV
Cote d'Ivoire,CIV
Cote d'Ivoire,CIV
Cote d'Ivoire,CIV
Cote d'Ivoire,CIV
Cote d'Ivoire,CIV
Cote d'Ivoire,CIV
Croatia,HRV
Croatia,HRV
Croatia,HRV
Croatia,HRV
Croatia,HRV
Croatia,HRV
Croatia,HRV
Croatia,HRV
Croatia,HRV
Croatia,HRV
Croatia,HRV
Croatia,HRV
Cuba,CUB
Cuba,CUB
Cuba,CUB
Cuba,CUB
Cuba,CUB
Cuba,CUB
Cuba,CUB
Cuba,CUB
Cuba,CUB
Cuba,CUB
Cuba,CUB
Cuba,CUB
Curacao,CUW
Curacao,CUW
Curacao,CUW
Curacao,CUW
Curacao,CUW
Curacao,CUW
Curacao,CUW
Curacao,CUW
Curacao,CUW
Curacao,CUW
Curacao,CUW
Curacao,CUW
Cyprus,CYP
Cyprus,CYP
Cyprus,CYP
Cyprus,CYP
Cyprus,CYP
Cyprus,CYP
Cyprus,CYP
Cyprus,CYP
Cyprus,CYP
Cyprus,CYP
Cyprus,CYP
Cyprus,CYP
Czech Republic,CZE
Czech Republic,CZE
Czech Republic,CZE
Czech Republic,CZE
Czech Republic,CZE
Czech Republic,CZE
Czech Republic,CZE
Czech Republic,CZE
Czech Republic,CZE
Czech Republic,CZE
Czech Republic,CZE
Czech Republic,CZE
Denmark,DNK
Denmark,DNK
Denmark,DNK
Denmark,DNK
Denmark,DNK
Denmark,DNK
Denmark,DNK
Denmark,DNK
Denmark,DNK
Denmark,DNK
Denmark,DNK
Denmark,DNK
Djibouti,DJI
Djibouti,DJI
Djibouti,DJI
Djibouti,DJI
Djibouti,DJI
Djibouti,DJI
Djibouti,DJI
Djibouti,DJI
Djibouti,DJI
Djibouti,DJI
Djibouti,DJI
Djibouti,DJI
Dominica,DMA
Dominica,DMA
Dominica,DMA
Dominica,DMA
Dominica,DMA
Dominica,DMA
Dominica,DMA
Dominica,DMA
Dominica,DMA
Dominica,DMA
Dominica,DMA
Dominica,DMA
Dominican Republic,DOM
Dominican Republic,DOM
Dominican Republic,DOM
Dominican Republic,DOM
Dominican Republic,DOM
Dominican Republic,DOM
Dominican Republic,DOM
Dominican Republic,DOM
Dominican Republic,DOM
Dominican Republic,DOM
Dominican Republic,DOM
Dominican Republic,DOM
Ecuador,ECU
Ecuador,ECU
Ecuador,ECU
Ecuador,ECU
Ecuador,ECU
Ecuador,ECU
Ecuador,ECU
Ecuador,ECU
Ecuador,ECU
Ecuador,ECU
Ecuador,ECU
Ecuador,ECU
"Egypt, Arab Rep.",EGY
"Egypt, Arab Rep.",EGY
"Egypt, Arab Rep.",EGY
"Egypt, Arab Rep.",EGY
"Egypt, Arab Rep.",EGY
"Egypt, Arab Rep.",EGY
"Egypt, Arab Rep.",EGY
"Egypt, Arab Rep.",EGY
"Egypt, Arab Rep.",EGY
"Egypt, Arab Rep.",EGY
"Egypt, Arab Rep.",EGY
"Egypt, Arab Rep.",EGY
El Salvador,SLV
El Salvador,SLV
El Salvador,SLV
El Salvador,SLV
El Salvador,SLV
El Salvador,SLV
El Salvador,SLV
El Salvador,SLV
El Salvador,SLV
El Salvador,SLV
El Salvador,SLV
El Salvador,SLV
Equatorial Guinea,GNQ
Equatorial Guinea,GNQ
Equatorial Guinea,GNQ
Equatorial Guinea,GNQ
Equatorial Guinea,GNQ
Equatorial Guinea,GNQ
Equatorial Guinea,GNQ
Equatorial Guinea,GNQ
Equatorial Guinea,GNQ
Equatorial Guinea,GNQ
Equatorial Guinea,GNQ
Equatorial Guinea,GNQ
Eritrea,ERI
Eritrea,ERI
Eritrea,ERI
Eritrea,ERI
Eritrea,ERI
Eritrea,ERI
Eritrea,ERI
Eritrea,ERI
Eritrea,ERI
Eritrea,ERI
Eritrea,ERI
Eritrea,ERI
Estonia,EST
Estonia,EST
Estonia,EST
Estonia,EST
Estonia,EST
Estonia,EST
Estonia,EST
Estonia,EST
Estonia,EST
Estonia,EST
Estonia,EST
Estonia,EST
Eswatini,SWZ
Eswatini,SWZ
Eswatini,SWZ
Eswatini,SWZ
Eswatini,SWZ
Eswatini,SWZ
Eswatini,SWZ
Eswatini,SWZ
Eswatini,SWZ
Eswatini,SWZ
Eswatini,SWZ
Eswatini,SWZ
Ethiopia,ETH
Ethiopia,ETH
Ethiopia,ETH
Ethiopia,ETH
Ethiopia,ETH
Ethiopia,ETH
Ethiopia,ETH
Ethiopia,ETH
Ethiopia,ETH
Ethiopia,ETH
Ethiopia,ETH
Ethiopia,ETH
Faroe Islands,FRO
Faroe Islands,FRO
Faroe Islands,FRO
Faroe Islands,FRO
Faroe Islands,FRO
Faroe Islands,FRO
Faroe Islands,FRO
Faroe Islands,FRO
Faroe Islands,FRO
Faroe Islands,FRO
Faroe Islands,FRO
Faroe Islands,FRO
Fiji,FJI
Fiji,FJI
Fiji,FJI
Fiji,FJI
Fiji,FJI
Fiji,FJI
Fiji,FJI
Fiji,FJI
Fiji,FJI
Fiji,FJI
Fiji,FJI
Fiji,FJI
Finland,FIN
Finland,FIN
Finland,FIN
Finland,FIN
Finland,FIN
Finland,FIN
Finland,FIN
Finland,FIN
Finland,FIN
Finland,FIN
Finland,FIN
Finland,FIN
France,FRA
France,FRA
France,FRA
France,FRA
France,FRA
France,FRA
France,FRA
France,FRA
France,FRA
France,FRA
France,FRA
France,FRA
French Polynesia,PYF
French Polynesia,PYF
French Polynesia,PYF
French Polynesia,PYF
French Polynesia,PYF
French Polynesia,PYF
French Polynesia,PYF
French Polynesia,PYF
French Polynesia,PYF
French Polynesia,PYF
French Polynesia,PYF
French Polynesia,PYF
Gabon,GAB
Gabon,GAB
Gabon,GAB
Gabon,GAB
Gabon,GAB
Gabon,GAB
Gabon,GAB
Gabon,GAB
Gabon,GAB
Gabon,GAB
Gabon,GAB
Gabon,GAB
"Gambia, The",GMB
"Gambia, The",GMB
"Gambia, The",GMB
"Gambia, The",GMB
"Gambia, The",GMB
"Gambia, The",GMB
"Gambia, The",GMB
"Gambia, The",GMB
"Gambia, The",GMB
"Gambia, The",GMB
"Gambia, The",GMB
"Gambia, The",GMB
Georgia,GEO
Georgia,GEO
Georgia,GEO
Georgia,GEO
Georgia,GEO
Georgia,GEO
Georgia,GEO
Georgia,GEO
Georgia,GEO
Georgia,GEO
Georgia,GEO
Georgia,GEO
Germany,DEU
Germany,DEU
Germany,DEU
Germany,DEU
Germany,DEU
Germany,DEU
Germany,DEU
Germany,DEU
Germany,DEU
Germany,DEU
Germany,DEU
Germany,DEU
Ghana,GHA
Ghana,GHA
Ghana,GHA
Ghana,GHA
Ghana,GHA
Ghana,GHA
Ghana,GHA
Ghana,GHA
Ghana,GHA
Ghana,GHA
Ghana,GHA
Ghana,GHA
Gibraltar,GIB
Gibraltar,GIB
Gibraltar,GIB
Gibraltar,GIB
Gibraltar,GIB
Gibraltar,GIB
Gibraltar,GIB
Gibraltar,GIB
Gibraltar,GIB
Gibraltar,GIB
Gibraltar,GIB
Gibraltar,GIB
Greece,GRC
Greece,GRC
Greece,GRC
Greece,GRC
Greece,GRC
Greece,GRC
Greece,GRC
Greece,GRC
Greece,GRC
Greece,GRC
Greece,GRC
Greece,GRC
Greenland,GRL
Greenland,GRL
Greenland,GRL
Greenland,GRL
Greenland,GRL
Greenland,GRL
Greenland,GRL
Greenland,GRL
Greenland,GRL
Greenland,GRL
Greenland,GRL
Greenland,GRL
Grenada,GRD
Grenada,GRD
Grenada,GRD
Grenada,GRD
Grenada,GRD
Grenada,GRD
Grenada,GRD
Grenada,GRD
Grenada,GRD
Grenada,GRD
Grenada,GRD
Grenada,GRD
Guam,GUM
Guam,GUM
Guam,GUM
Guam,GUM
Guam,GUM
Guam,GUM
Guam,GUM
Guam,GUM
Guam,GUM
Guam,GUM
Guam,GUM
Guam,GUM
Guatemala,GTM
Guatemala,GTM
Guatemala,GTM
Guatemala,GTM
Guatemala,GTM
Guatemala,GTM
Guatemala,GTM
Guatemala,GTM
Guatemala,GTM
Guatemala,GTM
Guatemala,GTM
Guatemala,GTM
Guinea,GIN
Guinea,GIN
Guinea,GIN
Guinea,GIN
Guinea,GIN
Guinea,GIN
Guinea,GIN
Guinea,GIN
Guinea,GIN
Guinea,GIN
Guinea,GIN
Guinea,GIN
Guinea-Bissau,GNB
Guinea-Bissau,GNB
Guinea-Bissau,GNB
Guinea-Bissau,GNB
Guinea-Bissau,GNB
Guinea-Bissau,GNB
Guinea-Bissau,GNB
Guinea-Bissau,GNB
Guinea-Bissau,GNB
Guinea-Bissau,GNB
Guinea-Bissau,GNB
Guinea-Bissau,GNB
Guyana,GUY
Guyana,GUY
Guyana,GUY
Guyana,GUY
Guyana,GUY
Guyana,GUY
Guyana,GUY
Guyana,GUY
Guyana,GUY
Guyana,GUY
Guyana,GUY
Guyana,GUY
Haiti,HTI
Haiti,HTI
Haiti,HTI
Haiti,HTI
Haiti,HTI
Haiti,HTI
Haiti,HTI
Haiti,HTI
Haiti,HTI
Haiti,HTI
Haiti,HTI
Haiti,HTI
Honduras,HND
Honduras,HND
Honduras,HND
Honduras,HND
Honduras,HND
Honduras,HND
Honduras,HND
Honduras,HND
Honduras,HND
Honduras,HND
Honduras,HND
Honduras,HND
"Hong Kong SAR, China",HKG
"Hong Kong SAR, China",HKG
"Hong Kong SAR, China",HKG
"Hong Kong SAR, China",HKG
"Hong Kong SAR, China",HKG
"Hong Kong SAR, China",HKG
"Hong Kong SAR, China",HKG
"Hong Kong SAR, China",HKG
"Hong Kong SAR, China",HKG
"Hong Kong SAR, China",HKG
"Hong Kong SAR, China",HKG
"Hong Kong SAR, China",HKG
Hungary,HUN
Hungary,HUN
Hungary,HUN
Hungary,HUN
Hungary,HUN
Hungary,HUN
Hungary,HUN
Hungary,HUN
Hungary,HUN
Hungary,HUN
Hungary,HUN
Hungary,HUN
Iceland,ISL
Iceland,ISL
Iceland,ISL
Iceland,ISL
Iceland,ISL
Iceland,ISL
Iceland,ISL
Iceland,ISL
Iceland,ISL
Iceland,ISL
Iceland,ISL
Iceland,ISL
India,IND
India,IND
India,IND
India,IND
India,IND
India,IND
India,IND
India,IND
India,IND
India,IND
India,IND
India,IND
Indonesia,IDN
Indonesia,IDN
Indonesia,IDN
Indonesia,IDN
Indonesia,IDN
Indonesia,IDN
Indonesia,IDN
Indonesia,IDN
Indonesia,IDN
Indonesia,IDN
Indonesia,IDN
Indonesia,IDN
"Iran, Islamic Rep.",IRN
"Iran, Islamic Rep.",IRN
"Iran, Islamic Rep.",IRN
"Iran, Islamic Rep.",IRN
"Iran, Islamic Rep.",IRN
"Iran, Islamic Rep.",IRN
"Iran, Islamic Rep.",IRN
"Iran, Islamic Rep.",IRN
"Iran, Islamic Rep.",IRN
"Iran, Islamic Rep.",IRN
"Iran, Islamic Rep.",IRN
"Iran, Islamic Rep.",IRN
Iraq,IRQ
Iraq,IRQ
Iraq,IRQ
Iraq,IRQ
Iraq,IRQ
Iraq,IRQ
Iraq,IRQ
Iraq,IRQ
Iraq,IRQ
Iraq,IRQ
Iraq,IRQ
Iraq,IRQ
Ireland,IRL
Ireland,IRL
Ireland,IRL
Ireland,IRL
Ireland,IRL
Ireland,IRL
Ireland,IRL
Ireland,IRL
Ireland,IRL
Ireland,IRL
Ireland,IRL
Ireland,IRL
Isle of Man,IMN
Isle of Man,IMN
Isle of Man,IMN
Isle of Man,IMN
Isle of Man,IMN
Isle of Man,IMN
Isle of Man,IMN
Isle of Man,IMN
Isle of Man,IMN
Isle of Man,IMN
Isle of Man,IMN
Isle of Man,IMN
Israel,ISR
Israel,ISR
Israel,ISR
Israel,ISR
Israel,ISR
Israel,ISR
Israel,ISR
Israel,ISR
Israel,ISR
Israel,ISR
Israel,ISR
Israel,ISR
Italy,ITA
Italy,ITA
Italy,ITA
Italy,ITA
Italy,ITA
Italy,ITA
Italy,ITA
Italy,ITA
Italy,ITA
Italy,ITA
Italy,ITA
Italy,ITA
Jamaica,JAM
Jamaica,JAM
Jamaica,JAM
Jamaica,JAM
Jamaica,JAM
Jamaica,JAM
Jamaica,JAM
Jamaica,JAM
Jamaica,JAM
Jamaica,JAM
Jamaica,JAM
Jamaica,JAM
Japan,JPN
Japan,JPN
Japan,JPN
Japan,JPN
Japan,JPN
Japan,JPN
Japan,JPN
Japan,JPN
Japan,JPN
Japan,JPN
Japan,JPN
Japan,JPN
Jordan,JOR
Jordan,JOR
Jordan,JOR
Jordan,JOR
Jordan,JOR
Jordan,JOR
Jordan,JOR
Jordan,JOR
Jordan,JOR
Jordan,JOR
Jordan,JOR
Jordan,JOR
Kazakhstan,KAZ
Kazakhstan,KAZ
Kazakhstan,KAZ
Kazakhstan,KAZ
Kazakhstan,KAZ
Kazakhstan,KAZ
Kazakhstan,KAZ
Kazakhstan,KAZ
Kazakhstan,KAZ
Kazakhstan,KAZ
Kazakhstan,KAZ
Kazakhstan,KAZ
Kenya,KEN
Kenya,KEN
Kenya,KEN
Kenya,KEN
Kenya,KEN
Kenya,KEN
Kenya,KEN
Kenya,KEN
Kenya,KEN
Kenya,KEN
Kenya,KEN
Kenya,KEN
Kiribati,KIR
Kiribati,KIR
Kiribati,KIR
Kiribati,KIR
Kiribati,KIR
Kiribati,KIR
Kiribati,KIR
Kiribati,KIR
Kiribati,KIR
Kiribati,KIR
Kiribati,KIR
Kiribati,KIR
"Korea, Dem. People’s Rep.",PRK
"Korea, Dem. People’s Rep.",PRK
"Korea, Dem. People’s Rep.",PRK
"Korea, Dem. People’s Rep.",PRK
"Korea, Dem. People’s Rep.",PRK
"Korea, Dem. People’s Rep.",PRK
"Korea, Dem. People’s Rep.",PRK
"Korea, Dem. People’s Rep.",PRK
"Korea, Dem. People’s Rep.",PRK
"Korea, Dem. People’s Rep.",PRK
"Korea, Dem. People’s Rep.",PRK
"Korea, Dem. People’s Rep.",PRK
"Korea, Rep.",KOR
"Korea, Rep.",KOR
"Korea, Rep.",KOR
"Korea, Rep.",KOR
"Korea, Rep.",KOR
"Korea, Rep.",KOR
"Korea, Rep.",KOR
"Korea, Rep.",KOR
"Korea, Rep.",KOR
"Korea, Rep.",KOR
"Korea, Rep.",KOR
"Korea, Rep.",KOR
Kosovo,XKX
Kosovo,XKX
Kosovo,XKX
Kosovo,XKX
Kosovo,XKX
Kosovo,XKX
Kosovo,XKX
Kosovo,XKX
Kosovo,XKX
Kosovo,XKX
Kosovo,XKX
Kosovo,XKX
Kuwait,KWT
Kuwait,KWT
Kuwait,KWT
Kuwait,KWT
Kuwait,KWT
Kuwait,KWT
Kuwait,KWT
Kuwait,KWT
Kuwait,KWT
Kuwait,KWT
Kuwait,KWT
Kuwait,KWT
Kyrgyz Republic,KGZ
Kyrgyz Republic,KGZ
Kyrgyz Republic,KGZ
Kyrgyz Republic,KGZ
Kyrgyz Republic,KGZ
Kyrgyz Republic,KGZ
Kyrgyz Republic,KGZ
Kyrgyz Republic,KGZ
Kyrgyz Republic,KGZ
Kyrgyz Republic,KGZ
Kyrgyz Republic,KGZ
Kyrgyz Republic,KGZ
Lao PDR,LAO
Lao PDR,LAO
Lao PDR,LAO
Lao PDR,LAO
Lao PDR,LAO
Lao PDR,LAO
Lao PDR,LAO
Lao PDR,LAO
Lao PDR,LAO
Lao PDR,LAO
Lao PDR,LAO
Lao PDR,LAO
Latvia,LVA
Latvia,LVA
Latvia,LVA
Latvia,LVA
Latvia,LVA
Latvia,LVA
Latvia,LVA
Latvia,LVA
Latvia,LVA
Latvia,LVA
Latvia,LVA
Latvia,LVA
Lebanon,LBN
Lebanon,LBN
Lebanon,LBN
Lebanon,LBN
Lebanon,LBN
Lebanon,LBN
Lebanon,LBN
Lebanon,LBN
Lebanon,LBN
Lebanon,LBN
Lebanon,LBN
Lebanon,LBN
Lesotho,LSO
Lesotho,LSO
Lesotho,LSO
Lesotho,LSO
Lesotho,LSO
Lesotho,LSO
Lesotho,LSO
Lesotho,LSO
Lesotho,LSO
Lesotho,LSO
Lesotho,LSO
Lesotho,LSO
Liberia,LBR
Liberia,LBR
Liberia,LBR
Liberia,LBR
Liberia,LBR
Liberia,LBR
Liberia,LBR
Liberia,LBR
Liberia,LBR
Liberia,LBR
Liberia,LBR
Liberia,LBR
Libya,LBY
Libya,LBY
Libya,LBY
Libya,LBY
Libya,LBY
Libya,LBY
Libya,LBY
Libya,LBY
Libya,LBY
Libya,LBY
Libya,LBY
Libya,LBY
Liechtenstein,LIE
Liechtenstein,LIE
Liechtenstein,LIE
Liechtenstein,LIE
Liechtenstein,LIE
Liechtenstein,LIE
Liechtenstein,LIE
Liechtenstein,LIE
Liechtenstein,LIE
Liechtenstein,LIE
Liechtenstein,LIE
Liechtenstein,LIE
Lithuania,LTU
Lithuania,LTU
Lithuania,LTU
Lithuania,LTU
Lithuania,LTU
Lithuania,LTU
Lithuania,LTU
Lithuania,LTU
Lithuania,LTU
Lithuania,LTU
Lithuania,LTU
Lithuania,LTU
Luxembourg,LUX
Luxembourg,LUX
Luxembourg,LUX
Luxembourg,LUX
Luxembourg,LUX
Luxembourg,LUX
Luxembourg,LUX
Luxembourg,LUX
Luxembourg,LUX
Luxembourg,LUX
Luxembourg,LUX
Luxembourg,LUX
"Macao SAR, China",MAC
"Macao SAR, China",MAC
"Macao SAR, China",MAC
"Macao SAR, China",MAC
"Macao SAR, China",MAC
"Macao SAR, China",MAC
"Macao SAR, China",MAC
"Macao SAR, China",MAC
"Macao SAR, China",MAC
"Macao SAR, China",MAC
"Macao SAR, China",MAC
"Macao SAR, China",MAC
Madagascar,MDG
Madagascar,MDG
Madagascar,MDG
Madagascar,MDG
Madagascar,MDG
Madagascar,MDG
Madagascar,MDG
Madagascar,MDG
Madagascar,MDG
Madagascar,MDG
Madagascar,MDG
Madagascar,MDG
Malawi,MWI
Malawi,MWI
Malawi,MWI
Malawi,MWI
Malawi,MWI
Malawi,MWI
Malawi,MWI
Malawi,MWI
Malawi,MWI
Malawi,MWI
Malawi,MWI
Malawi,MWI
Malaysia,MYS
Malaysia,MYS
Malaysia,MYS
Malaysia,MYS
Malaysia,MYS
Malaysia,MYS
Malaysia,MYS
Malaysia,MYS
Malaysia,MYS
Malaysia,MYS
Malaysia,MYS
Malaysia,MYS
Maldives,MDV
Maldives,MDV
Maldives,MDV
Maldives,MDV
Maldives,MDV
Maldives,MDV
Maldives,MDV
Maldives,MDV
Maldives,MDV
Maldives,MDV
Maldives,MDV
Maldives,MDV
Mali,MLI
Mali,MLI
Mali,MLI
Mali,MLI
Mali,MLI
Mali,MLI
Mali,MLI
Mali,MLI
Mali,MLI
Mali,MLI
Mali,MLI
Mali,MLI
Malta,MLT
Malta,MLT
Malta,MLT
Malta,MLT
Malta,MLT
Malta,MLT
Malta,MLT
Malta,MLT
Malta,MLT
Malta,MLT
Malta,MLT
Malta,MLT
Marshall Islands,MHL
Marshall Islands,MHL
Marshall Islands,MHL
Marshall Islands,MHL
Marshall Islands,MHL
Marshall Islands,MHL
Marshall Islands,MHL
Marshall Islands,MHL
Marshall Islands,MHL
Marshall Islands,MHL
Marshall Islands,MHL
Marshall Islands,MHL
Mauritania,MRT
Mauritania,MRT
Mauritania,MRT
Mauritania,MRT
Mauritania,MRT
Mauritania,MRT
Mauritania,MRT
Mauritania,MRT
Mauritania,MRT
Mauritania,MRT
Mauritania,MRT
Mauritania,MRT
Mauritius,MUS
Mauritius,MUS
Mauritius,MUS
Mauritius,MUS
Mauritius,MUS
Mauritius,MUS
Mauritius,MUS
Mauritius,MUS
Mauritius,MUS
Mauritius,MUS
Mauritius,MUS
Mauritius,MUS
Mexico,MEX
Mexico,MEX
Mexico,MEX
Mexico,MEX
Mexico,MEX
Mexico,MEX
Mexico,MEX
Mexico,MEX
Mexico,MEX
Mexico,MEX
Mexico,MEX
Mexico,MEX
"Micronesia, Fed. Sts.",FSM
"Micronesia, Fed. Sts.",FSM
"Micronesia, Fed. Sts.",FSM
"Micronesia, Fed. Sts.",FSM
"Micronesia, Fed. Sts.",FSM
"Micronesia, Fed. Sts.",FSM
"Micronesia, Fed. Sts.",FSM
"Micronesia, Fed. Sts.",FSM
"Micronesia, Fed. Sts.",FSM
"Micronesia, Fed. Sts.",FSM
"Micronesia, Fed. Sts.",FSM
"Micronesia, Fed. Sts.",FSM
Moldova,MDA
Moldova,MDA
Moldova,MDA
Moldova,MDA
Moldova,MDA
Moldova,MDA
Moldova,MDA
Moldova,MDA
Moldova,MDA
Moldova,MDA
Moldova,MDA
Moldova,MDA
Monaco,MCO
Monaco,MCO
Monaco,MCO
Monaco,MCO
Monaco,MCO
Monaco,MCO
Monaco,MCO
Monaco,MCO
Monaco,MCO
Monaco,MCO
Monaco,MCO
Monaco,MCO
Mongolia,MNG
Mongolia,MNG
Mongolia,MNG
Mongolia,MNG
Mongolia,MNG
Mongolia,MNG
Mongolia,MNG
Mongolia,MNG
Mongolia,MNG
Mongolia,MNG
Mongolia,MNG
Mongolia,MNG
Montenegro,MNE
Montenegro,MNE
Montenegro,MNE
Montenegro,MNE
Montenegro,MNE
Montenegro,MNE
Montenegro,MNE
Montenegro,MNE
Montenegro,MNE
Montenegro,MNE
Montenegro,MNE
Montenegro,MNE
Morocco,MAR
Morocco,MAR
Morocco,MAR
Morocco,MAR
Morocco,MAR
Morocco,MAR
Morocco,MAR
Morocco,MAR
Morocco,MAR
Morocco,MAR
Morocco,MAR
Morocco,MAR
Mozambique,MOZ
Mozambique,MOZ
Mozambique,MOZ
Mozambique,MOZ
Mozambique,MOZ
Mozambique,MOZ
Mozambique,MOZ
Mozambique,MOZ
Mozambique,MOZ
Mozambique,MOZ
Mozambique,MOZ
Mozambique,MOZ
Myanmar,MMR
Myanmar,MMR
Myanmar,MMR
Myanmar,MMR
Myanmar,MMR
Myanmar,MMR
Myanmar,MMR
Myanmar,MMR
Myanmar,MMR
Myanmar,MMR
Myanmar,MMR
Myanmar,MMR
Namibia,NAM
Namibia,NAM
Namibia,NAM
Namibia,NAM
Namibia,NAM
Namibia,NAM
Namibia,NAM
Namibia,NAM
Namibia,NAM
Namibia,NAM
Namibia,NAM
Namibia,NAM
Nauru,NRU
Nauru,NRU
Nauru,NRU
Nauru,NRU
Nauru,NRU
Nauru,NRU
Nauru,NRU
Nauru,NRU
Nauru,NRU
Nauru,NRU
Nauru,NRU
Nauru,NRU
Nepal,NPL
Nepal,NPL
Nepal,NPL
Nepal,NPL
Nepal,NPL
Nepal,NPL
Nepal,NPL
Nepal,NPL
Nepal,NPL
Nepal,NPL
Nepal,NPL
Nepal,NPL
Netherlands,NLD
Netherlands,NLD
Netherlands,NLD
Netherlands,NLD
Netherlands,NLD
Netherlands,NLD
Netherlands,NLD
Netherlands,NLD
Netherlands,NLD
Netherlands,NLD
Netherlands,NLD
Netherlands,NLD
New Caledonia,NCL
New Caledonia,NCL
New Caledonia,NCL
New Caledonia,NCL
New Caledonia,NCL
New Caledonia,NCL
New Caledonia,NCL
New Caledonia,NCL
New Caledonia,NCL
New Caledonia,NCL
New Caledonia,NCL
New Caledonia,NCL
New Zealand,NZL
New Zealand,NZL
New Zealand,NZL
New Zealand,NZL
New Zealand,NZL
New Zealand,NZL
New Zealand,NZL
New Zealand,NZL
New Zealand,NZL
New Zealand,NZL
New Zealand,NZL
New Zealand,NZL
Nicaragua,NIC
Nicaragua,NIC
Nicaragua,NIC
Nicaragua,NIC
Nicaragua,NIC
Nicaragua,NIC
Nicaragua,NIC
Nicaragua,NIC
Nicaragua,NIC
Nicaragua,NIC
Nicaragua,NIC
Nicaragua,NIC
Niger,NER
Niger,NER
Niger,NER
Niger,NER
Niger,NER
Niger,NER
Niger,NER
Niger,NER
Niger,NER
Niger,NER
Niger,NER
Niger,NER
Nigeria,NGA
Nigeria,NGA
Nigeria,NGA
Nigeria,NGA
Nigeria,NGA
Nigeria,NGA
Nigeria,NGA
Nigeria,NGA
Nigeria,NGA
Nigeria,NGA
Nigeria,NGA
Nigeria,NGA
North Macedonia,MKD
North Macedonia,MKD
North Macedonia,MKD
North Macedonia,MKD
North Macedonia,MKD
North Macedonia,MKD
North Macedonia,MKD
North Macedonia,MKD
North Macedonia,MKD
North Macedonia,MKD
North Macedonia,MKD
North Macedonia,MKD
Northern Mariana Islands,MNP
Northern Mariana Islands,MNP
Northern Mariana Islands,MNP
Northern Mariana Islands,MNP
Northern Mariana Islands,MNP
Northern Mariana Islands,MNP
Northern Mariana Islands,MNP
Northern Mariana Islands,MNP
Northern Mariana Islands,MNP
Northern Mariana Islands,MNP
Northern Mariana Islands,MNP
Northern Mariana Islands,MNP
Norway,NOR
Norway,NOR
Norway,NOR
Norway,NOR
Norway,NOR
Norway,NOR
Norway,NOR
Norway,NOR
Norway,NOR
Norway,NOR
Norway,NOR
Norway,NOR
Oman,OMN
Oman,OMN
Oman,OMN
Oman,OMN
Oman,OMN
Oman,OMN
Oman,OMN
Oman,OMN
Oman,OMN
Oman,OMN
Oman,OMN
Oman,OMN
Pakistan,PAK
Pakistan,PAK
Pakistan,PAK
Pakistan,PAK
Pakistan,PAK
Pakistan,PAK
Pakistan,PAK
Pakistan,PAK
Pakistan,PAK
Pakistan,PAK
Pakistan,PAK
Pakistan,PAK
Palau,PLW
Palau,PLW
Palau,PLW
Palau,PLW
Palau,PLW
Palau,PLW
Palau,PLW
Palau,PLW
Palau,PLW
Palau,PLW
Palau,PLW
Palau,PLW
Panama,PAN
Panama,PAN
Panama,PAN
Panama,PAN
Panama,PAN
Panama,PAN
Panama,PAN
Panama,PAN
Panama,PAN
Panama,PAN
Panama,PAN
Panama,PAN
Papua New Guinea,PNG
Papua New Guinea,PNG
Papua New Guinea,PNG
Papua New Guinea,PNG
Papua New Guinea,PNG
Papua New Guinea,PNG
Papua New Guinea,PNG
Papua New Guinea,PNG
Papua New Guinea,PNG
Papua New Guinea,PNG
Papua New Guinea,PNG
Papua New Guinea,PNG
Paraguay,PRY
Paraguay,PRY
Paraguay,PRY
Paraguay,PRY
Paraguay,PRY
Paraguay,PRY
Paraguay,PRY
Paraguay,PRY
Paraguay,PRY
Paraguay,PRY
Paraguay,PRY
Paraguay,PRY
Peru,PER
Peru,PER
Peru,PER
Peru,PER
Peru,PER
Peru,PER
Peru,PER
Peru,PER
Peru,PER
Peru,PER
Peru,PER
Peru,PER
Philippines,PHL
Philippines,PHL
Philippines,PHL
Philippines,PHL
Philippines,PHL
Philippines,PHL
Philippines,PHL
Philippines,PHL
Philippines,PHL
Philippines,PHL
Philippines,PHL
Philippines,PHL
Poland,POL
Poland,POL
Poland,POL
Poland,POL
Poland,POL
Poland,POL
Poland,POL
Poland,POL
Poland,POL
Poland,POL
Poland,POL
Poland,POL
Portugal,PRT
Portugal,PRT
Portugal,PRT
Portugal,PRT
Portugal,PRT
Portugal,PRT
Portugal,PRT
Portugal,PRT
Portugal,PRT
Portugal,PRT
Portugal,PRT
Portugal,PRT
Puerto Rico,PRI
Puerto Rico,PRI
Puerto Rico,PRI
Puerto Rico,PRI
Puerto Rico,PRI
Puerto Rico,PRI
Puerto Rico,PRI
Puerto Rico,PRI
Puerto Rico,PRI
Puerto Rico,PRI
Puerto Rico,PRI
Puerto Rico,PRI
Qatar,QAT
Qatar,QAT
Qatar,QAT
Qatar,QAT
Qatar,QAT
Qatar,QAT
Qatar,QAT
Qatar,QAT
Qatar,QAT
Qatar,QAT
Qatar,QAT
Qatar,QAT
Romania,ROU
Romania,ROU
Romania,ROU
Romania,ROU
Romania,ROU
Romania,ROU
Romania,ROU
Romania,ROU
Romania,ROU
Romania,ROU
Romania,ROU
Romania,ROU
Russian Federation,RUS
Russian Federation,RUS
Russian Federation,RUS
Russian Federation,RUS
Russian Federation,RUS
Russian Federation,RUS
Russian Federation,RUS
Russian Federation,RUS
Russian Federation,RUS
Russian Federation,RUS
Russian Federation,RUS
Russian Federation,RUS
Rwanda,RWA
Rwanda,RWA
Rwanda,RWA
Rwanda,RWA
Rwanda,RWA
Rwanda,RWA
Rwanda,RWA
Rwanda,RWA
Rwanda,RWA
Rwanda,RWA
Rwanda,RWA
Rwanda,RWA
Samoa,WSM
Samoa,WSM
Samoa,WSM
Samoa,WSM
Samoa,WSM
Samoa,WSM
Samoa,WSM
Samoa,WSM
Samoa,WSM
Samoa,WSM
Samoa,WSM
Samoa,WSM
San Marino,SMR
San Marino,SMR
San Marino,SMR
San Marino,SMR
San Marino,SMR
San Marino,SMR
San Marino,SMR
San Marino,SMR
San Marino,SMR
San Marino,SMR
San Marino,SMR
San Marino,SMR
Sao Tome and Principe,STP
Sao Tome and Principe,STP
Sao Tome and Principe,STP
Sao Tome and Principe,STP
Sao Tome and Principe,STP
Sao Tome and Principe,STP
Sao Tome and Principe,STP
Sao Tome and Principe,STP
Sao Tome and Principe,STP
Sao Tome and Principe,STP
Sao Tome and Principe,STP
Sao Tome and Principe,STP
Saudi Arabia,SAU
Saudi Arabia,SAU
Saudi Arabia,SAU
Saudi Arabia,SAU
Saudi Arabia,SAU
Saudi Arabia,SAU
Saudi Arabia,SAU
Saudi Arabia,SAU
Saudi Arabia,SAU
Saudi Arabia,SAU
Saudi Arabia,SAU
Saudi Arabia,SAU
Senegal,SEN
Senegal,SEN
Senegal,SEN
Senegal,SEN
Senegal,SEN
Senegal,SEN
Senegal,SEN
Senegal,SEN
Senegal,SEN
Senegal,SEN
Senegal,SEN
Senegal,SEN
Serbia,SRB
Serbia,SRB
Serbia,SRB
Serbia,SRB
Serbia,SRB
Serbia,SRB
Serbia,SRB
Serbia,SRB
Serbia,SRB
Serbia,SRB
Serbia,SRB
Serbia,SRB
Seychelles,SYC
Seychelles,SYC
Seychelles,SYC
Seychelles,SYC
Seychelles,SYC
Seychelles,SYC
Seychelles,SYC
Seychelles,SYC
Seychelles,SYC
Seychelles,SYC
Seychelles,SYC
Seychelles,SYC
Sierra Leone,SLE
Sierra Leone,SLE
Sierra Leone,SLE
Sierra Leone,SLE
Sierra Leone,SLE
Sierra Leone,SLE
Sierra Leone,SLE
Sierra Leone,SLE
Sierra Leone,SLE
Sierra Leone,SLE
Sierra Leone,SLE
Sierra Leone,SLE
Singapore,SGP
Singapore,SGP
Singapore,SGP
Singapore,SGP
Singapore,SGP
Singapore,SGP
Singapore,SGP
Singapore,SGP
Singapore,SGP
Singapore,SGP
Singapore,SGP
Singapore,SGP
Sint Maarten (Dutch part),SXM
Sint Maarten (Dutch part),SXM
Sint Maarten (Dutch part),SXM
Sint Maarten (Dutch part),SXM
Sint Maarten (Dutch part),SXM
Sint Maarten (Dutch part),SXM
Sint Maarten (Dutch part),SXM
Sint Maarten (Dutch part),SXM
Sint Maarten (Dutch part),SXM
Sint Maarten (Dutch part),SXM
Sint Maarten (Dutch part),SXM
Sint Maarten (Dutch part),SXM
Slovak Republic,SVK
Slovak Republic,SVK
Slovak Republic,SVK
Slovak Republic,SVK
Slovak Republic,SVK
Slovak Republic,SVK
Slovak Republic,SVK
Slovak Republic,SVK
Slovak Republic,SVK
Slovak Republic,SVK
Slovak Republic,SVK
Slovak Republic,SVK
Slovenia,SVN
Slovenia,SVN
Slovenia,SVN
Slovenia,SVN
Slovenia,SVN
Slovenia,SVN
Slovenia,SVN
Slovenia,SVN
Slovenia,SVN
Slovenia,SVN
Slovenia,SVN
Slovenia,SVN
Solomon Islands,SLB
Solomon Islands,SLB
Solomon Islands,SLB
Solomon Islands,SLB
Solomon Islands,SLB
Solomon Islands,SLB
Solomon Islands,SLB
Solomon Islands,SLB
Solomon Islands,SLB
Solomon Islands,SLB
Solomon Islands,SLB
Solomon Islands,SLB
Somalia,SOM
Somalia,SOM
Somalia,SOM
Somalia,SOM
Somalia,SOM
Somalia,SOM
Somalia,SOM
Somalia,SOM
Somalia,SOM
Somalia,SOM
Somalia,SOM
Somalia,SOM
South Africa,ZAF
South Africa,ZAF
South Africa,ZAF
South Africa,ZAF
South Africa,ZAF
South Africa,ZAF
South Africa,ZAF
South Africa,ZAF
South Africa,ZAF
South Africa,ZAF
South Africa,ZAF
South Africa,ZAF
South Sudan,SSD
South Sudan,SSD
South Sudan,SSD
South Sudan,SSD
South Sudan,SSD
South Sudan,SSD
South Sudan,SSD
South Sudan,SSD
South Sudan,SSD
South Sudan,SSD
South Sudan,SSD
South Sudan,SSD
Spain,ESP
Spain,ESP
Spain,ESP
Spain,ESP
Spain,ESP
Spain,ESP
Spain,ESP
Spain,ESP
Spain,ESP
Spain,ESP
Spain,ESP
Spain,ESP
Sri Lanka,LKA
Sri Lanka,LKA
Sri Lanka,LKA
Sri Lanka,LKA
Sri Lanka,LKA
Sri Lanka,LKA
Sri Lanka,LKA
Sri Lanka,LKA
Sri Lanka,LKA
Sri Lanka,LKA
Sri Lanka,LKA
Sri Lanka,LKA
St. Kitts and Nevis,KNA
St. Kitts and Nevis,KNA
St. Kitts and Nevis,KNA
St. Kitts and Nevis,KNA
St. Kitts and Nevis,KNA
St. Kitts and Nevis,KNA
St. Kitts and Nevis,KNA
St. Kitts and Nevis,KNA
St. Kitts and Nevis,KNA
St. Kitts and Nevis,KNA
St. Kitts and Nevis,KNA
St. Kitts and Nevis,KNA
St. Lucia,LCA
St. Lucia,LCA
St. Lucia,LCA
St. Lucia,LCA
St. Lucia,LCA
St. Lucia,LCA
St. Lucia,LCA
St. Lucia,LCA
St. Lucia,LCA
St. Lucia,LCA
St. Lucia,LCA
St. Lucia,LCA
St. Martin (French part),MAF
St. Martin (French part),MAF
St. Martin (French part),MAF
St. Martin (French part),MAF
St. Martin (French part),MAF
St. Martin (French part),MAF
St. Martin (French part),MAF
St. Martin (French part),MAF
St. Martin (French part),MAF
St. Martin (French part),MAF
St. Martin (French part),MAF
St. Martin (French part),MAF
St. Vincent and the Grenadines,VCT
St. Vincent and the Grenadines,VCT
St. Vincent and the Grenadines,VCT
St. Vincent and the Grenadines,VCT
St. Vincent and the Grenadines,VCT
St. Vincent and the Grenadines,VCT
St. Vincent and the Grenadines,VCT
St. Vincent and the Grenadines,VCT
St. Vincent and the Grenadines,VCT
St. Vincent and the Grenadines,VCT
St. Vincent and the Grenadines,VCT
St. Vincent and the Grenadines,VCT
Sudan,SDN
Sudan,SDN
Sudan,SDN
Sudan,SDN
Sudan,SDN
Sudan,SDN
Sudan,SDN
Sudan,SDN
Sudan,SDN
Sudan,SDN
Sudan,SDN
Sudan,SDN
Suriname,SUR
Suriname,SUR
Suriname,SUR
Suriname,SUR
Suriname,SUR
Suriname,SUR
Suriname,SUR
Suriname,SUR
Suriname,SUR
Suriname,SUR
Suriname,SUR
Suriname,SUR
Sweden,SWE
Sweden,SWE
Sweden,SWE
Sweden,SWE
Sweden,SWE
Sweden,SWE
Sweden,SWE
Sweden,SWE
Sweden,SWE
Sweden,SWE
Sweden,SWE
Sweden,SWE
Switzerland,CHE
Switzerland,CHE
Switzerland,CHE
Switzerland,CHE
Switzerland,CHE
Switzerland,CHE
Switzerland,CHE
Switzerland,CHE
Switzerland,CHE
Switzerland,CHE
Switzerland,CHE
Switzerland,CHE
Syrian Arab Republic,SYR
Syrian Arab Republic,SYR
Syrian Arab Republic,SYR
Syrian Arab Republic,SYR
Syrian Arab Republic,SYR
Syrian Arab Republic,SYR
Syrian Arab Republic,SYR
Syrian Arab Republic,SYR
Syrian Arab Republic,SYR
Syrian Arab Republic,SYR
Syrian Arab Republic,SYR
Syrian Arab Republic,SYR
Tajikistan,TJK
Tajikistan,TJK
Tajikistan,TJK
Tajikistan,TJK
Tajikistan,TJK
Tajikistan,TJK
Tajikistan,TJK
Tajikistan,TJK
Tajikistan,TJK
Tajikistan,TJK
Tajikistan,TJK
Tajikistan,TJK
Tanzania,TZA
Tanzania,TZA
Tanzania,TZA
Tanzania,TZA
Tanzania,TZA
Tanzania,TZA
Tanzania,TZA
Tanzania,TZA
Tanzania,TZA
Tanzania,TZA
Tanzania,TZA
Tanzania,TZA
Thailand,THA
Thailand,THA
Thailand,THA
Thailand,THA
Thailand,THA
Thailand,THA
Thailand,THA
Thailand,THA
Thailand,THA
Thailand,THA
Thailand,THA
Thailand,THA
Timor-Leste,TLS
Timor-Leste,TLS
Timor-Leste,TLS
Timor-Leste,TLS
Timor-Leste,TLS
Timor-Leste,TLS
Timor-Leste,TLS
Timor-Leste,TLS
Timor-Leste,TLS
Timor-Leste,TLS
Timor-Leste,TLS
Timor-Leste,TLS
Togo,TGO
Togo,TGO
Togo,TGO
Togo,TGO
Togo,TGO
Togo,TGO
Togo,TGO
Togo,TGO
Togo,TGO
Togo,TGO
Togo,TGO
Togo,TGO
Tonga,TON
Tonga,TON
Tonga,TON
Tonga,TON
Tonga,TON
Tonga,TON
Tonga,TON
Tonga,TON
Tonga,TON
Tonga,TON
Tonga,TON
Tonga,TON
Trinidad and Tobago,TTO
Trinidad and Tobago,TTO
Trinidad and Tobago,TTO
Trinidad and Tobago,TTO
Trinidad and Tobago,TTO
Trinidad and Tobago,TTO
Trinidad and Tobago,TTO
Trinidad and Tobago,TTO
Trinidad and Tobago,TTO
Trinidad and Tobago,TTO
Trinidad and Tobago,TTO
Trinidad and Tobago,TTO
Tunisia,TUN
Tunisia,TUN
Tunisia,TUN
Tunisia,TUN
Tunisia,TUN
Tunisia,TUN
Tunisia,TUN
Tunisia,TUN
Tunisia,TUN
Tunisia,TUN
Tunisia,TUN
Tunisia,TUN
Turkey,TUR
Turkey,TUR
Turkey,TUR
Turkey,TUR
Turkey,TUR
Turkey,TUR
Turkey,TUR
Turkey,TUR
Turkey,TUR
Turkey,TUR
Turkey,TUR
Turkey,TUR
Turkmenistan,TKM
Turkmenistan,TKM
Turkmenistan,TKM
Turkmenistan,TKM
Turkmenistan,TKM
Turkmenistan,TKM
Turkmenistan,TKM
Turkmenistan,TKM
Turkmenistan,TKM
Turkmenistan,TKM
Turkmenistan,TKM
Turkmenistan,TKM
Turks and Caicos Islands,TCA
Turks and Caicos Islands,TCA
Turks and Caicos Islands,TCA
Turks and Caicos Islands,TCA
Turks and Caicos Islands,TCA
Turks and Caicos Islands,TCA
Turks and Caicos Islands,TCA
Turks and Caicos Islands,TCA
Turks and Caicos Islands,TCA
Turks and Caicos Islands,TCA
Turks and Caicos Islands,TCA
Turks and Caicos Islands,TCA
Tuvalu,TUV
Tuvalu,TUV
Tuvalu,TUV
Tuvalu,TUV
Tuvalu,TUV
Tuvalu,TUV
Tuvalu,TUV
Tuvalu,TUV
Tuvalu,TUV
Tuvalu,TUV
Tuvalu,TUV
Tuvalu,TUV
Uganda,UGA
Uganda,UGA
Uganda,UGA
Uganda,UGA
Uganda,UGA
Uganda,UGA
Uganda,UGA
Uganda,UGA
Uganda,UGA
Uganda,UGA
Uganda,UGA
Uganda,UGA
Ukraine,UKR
Ukraine,UKR
Ukraine,UKR
Ukraine,UKR
Ukraine,UKR
Ukraine,UKR
Ukraine,UKR
Ukraine,UKR
Ukraine,UKR
Ukraine,UKR
Ukraine,UKR
Ukraine,UKR
United Arab Emirates,ARE
United Arab Emirates,ARE
United Arab Emirates,ARE
United Arab Emirates,ARE
United Arab Emirates,ARE
United Arab Emirates,ARE
United Arab Emirates,ARE
United Arab Emirates,ARE
United Arab Emirates,ARE
United Arab Emirates,ARE
United Arab Emirates,ARE
United Arab Emirates,ARE
United Kingdom,GBR
United Kingdom,GBR
United Kingdom,GBR
United Kingdom,GBR
United Kingdom,GBR
United Kingdom,GBR
United Kingdom,GBR
United Kingdom,GBR
United Kingdom,GBR
United Kingdom,GBR
United Kingdom,GBR
United Kingdom,GBR
United States,USA
United States,USA
United States,USA
United States,USA
United States,USA
United States,USA
United States,USA
United States,USA
United States,USA
United States,USA
United States,USA
United States,USA
Uruguay,URY
Uruguay,URY
Uruguay,URY
Uruguay,URY
Uruguay,URY
Uruguay,URY
Uruguay,URY
Uruguay,URY
Uruguay,URY
Uruguay,URY
Uruguay,URY
Uruguay,URY
Uzbekistan,UZB
Uzbekistan,UZB
Uzbekistan,UZB
Uzbekistan,UZB
Uzbekistan,UZB
Uzbekistan,UZB
Uzbekistan,UZB
Uzbekistan,UZB
Uzbekistan,UZB
Uzbekistan,UZB
Uzbekistan,UZB
Uzbekistan,UZB
Vanuatu,VUT
Vanuatu,VUT
Vanuatu,VUT
Vanuatu,VUT
Vanuatu,VUT
Vanuatu,VUT
Vanuatu,VUT
Vanuatu,VUT
Vanuatu,VUT
Vanuatu,VUT
Vanuatu,VUT
Vanuatu,VUT
"Venezuela, RB",VEN
"Venezuela, RB",VEN
"Venezuela, RB",VEN
"Venezuela, RB",VEN
"Venezuela, RB",VEN
"Venezuela, RB",VEN
"Venezuela, RB",VEN
"Venezuela, RB",VEN
"Venezuela, RB",VEN
"Venezuela, RB",VEN
"Venezuela, RB",VEN
"Venezuela, RB",VEN
Vietnam,VNM
Vietnam,VNM
Vietnam,VNM
Vietnam,VNM
Vietnam,VNM
Vietnam,VNM
Vietnam,VNM
Vietnam,VNM
Vietnam,VNM
Vietnam,VNM
Vietnam,VNM
Vietnam,VNM
Virgin Islands (U.S.),VIR
Virgin Islands (U.S.),VIR
Virgin Islands (U.S.),VIR
Virgin Islands (U.S.),VIR
Virgin Islands (U.S.),VIR
Virgin Islands (U.S.),VIR
Virgin Islands (U.S.),VIR
Virgin Islands (U.S.),VIR
Virgin Islands (U.S.),VIR
Virgin Islands (U.S.),VIR
Virgin Islands (U.S.),VIR
Virgin Islands (U.S.),VIR
West Bank and Gaza,PSE
West Bank and Gaza,PSE
West Bank and Gaza,PSE
West Bank and Gaza,PSE
West Bank and Gaza,PSE
West Bank and Gaza,PSE
West Bank and Gaza,PSE
West Bank and Gaza,PSE
West Bank and Gaza,PSE
West Bank and Gaza,PSE
West Bank and Gaza,PSE
West Bank and Gaza,PSE
"Yemen, Rep.",YEM
"Yemen, Rep.",YEM
"Yemen, Rep.",YEM
"Yemen, Rep.",YEM
"Yemen, Rep.",YEM
"Yemen, Rep.",YEM
"Yemen, Rep.",YEM
"Yemen, Rep.",YEM
"Yemen, Rep.",YEM
"Yemen, Rep.",YEM
"Yemen, Rep.",YEM
"Yemen, Rep.",YEM
Zambia,ZMB
Zambia,ZMB
Zambia,ZMB
Zambia,ZMB
Zambia,ZMB
Zambia,ZMB
Zambia,ZMB
Zambia,ZMB
Zambia,ZMB
Zambia,ZMB
Zambia,ZMB
Zambia,ZMB
Zimbabwe,ZWE
Zimbabwe,ZWE
Zimbabwe,ZWE
Zimbabwe,ZWE
Zimbabwe,ZWE
Zimbabwe,ZWE
Zimbabwe,ZWE
Zimbabwe,ZWE
Zimbabwe,ZWE
Zimbabwe,ZWE
Zimbabwe,ZWE
Zimbabwe,ZWE
Arab World,ARB
Arab World,ARB
Arab World,ARB
Arab World,ARB
Arab World,ARB
Arab World,ARB
Arab World,ARB
Arab World,ARB
Arab World,ARB
Arab World,ARB
Arab World,ARB
Arab World,ARB
Caribbean small states,CSS
Caribbean small states,CSS
Caribbean small states,CSS
Caribbean small states,CSS
Caribbean small states,CSS
Caribbean small states,CSS
Caribbean small states,CSS
Caribbean small states,CSS
Caribbean small states,CSS
Caribbean small states,CSS
Caribbean small states,CSS
Caribbean small states,CSS
Central Europe and the Baltics,CEB
Central Europe and the Baltics,CEB
Central Europe and the Baltics,CEB
Central Europe and the Baltics,CEB
Central Europe and the Baltics,CEB
Central Europe and the Baltics,CEB
Central Europe and the Baltics,CEB
Central Europe and the Baltics,CEB
Central Europe and the Baltics,CEB
Central Europe and the Baltics,CEB
Central Europe and the Baltics,CEB
Central Europe and the Baltics,CEB
Early-demographic dividend,EAR
Early-demographic dividend,EAR
Early-demographic dividend,EAR
Early-demographic dividend,EAR
Early-demographic dividend,EAR
Early-demographic dividend,EAR
Early-demographic dividend,EAR
Early-demographic dividend,EAR
Early-demographic dividend,EAR
Early-demographic dividend,EAR
Early-demographic dividend,EAR
Early-demographic dividend,EAR
East Asia & Pacific,EAS
East Asia & Pacific,EAS
East Asia & Pacific,EAS
East Asia & Pacific,EAS
East Asia & Pacific,EAS
East Asia & Pacific,EAS
East Asia & Pacific,EAS
East Asia & Pacific,EAS
East Asia & Pacific,EAS
East Asia & Pacific,EAS
East Asia & Pacific,EAS
East Asia & Pacific,EAS
East Asia & Pacific (excluding high income),EAP
East Asia & Pacific (excluding high income),EAP
East Asia & Pacific (excluding high income),EAP
East Asia & Pacific (excluding high income),EAP
East Asia & Pacific (excluding high income),EAP
East Asia & Pacific (excluding high income),EAP
East Asia & Pacific (excluding high income),EAP
East Asia & Pacific (excluding high income),EAP
East Asia & Pacific (excluding high income),EAP
East Asia & Pacific (excluding high income),EAP
East Asia & Pacific (excluding high income),EAP
East Asia & Pacific (excluding high income),EAP
East Asia & Pacific (IDA & IBRD countries),TEA
East Asia & Pacific (IDA & IBRD countries),TEA
East Asia & Pacific (IDA & IBRD countries),TEA
East Asia & Pacific (IDA & IBRD countries),TEA
East Asia & Pacific (IDA & IBRD countries),TEA
East Asia & Pacific (IDA & IBRD countries),TEA
East Asia & Pacific (IDA & IBRD countries),TEA
East Asia & Pacific (IDA & IBRD countries),TEA
East Asia & Pacific (IDA & IBRD countries),TEA
East Asia & Pacific (IDA & IBRD countries),TEA
East Asia & Pacific (IDA & IBRD countries),TEA
East Asia & Pacific (IDA & IBRD countries),TEA
Euro area,EMU
Euro area,EMU
Euro area,EMU
Euro area,EMU
Euro area,EMU
Euro area,EMU
Euro area,EMU
Euro area,EMU
Euro area,EMU
Euro area,EMU
Euro area,EMU
Euro area,EMU
Europe & Central Asia,ECS
Europe & Central Asia,ECS
Europe & Central Asia,ECS
Europe & Central Asia,ECS
Europe & Central Asia,ECS
Europe & Central Asia,ECS
Europe & Central Asia,ECS
Europe & Central Asia,ECS
Europe & Central Asia,ECS
Europe & Central Asia,ECS
Europe & Central Asia,ECS
Europe & Central Asia,ECS
Europe & Central Asia (excluding high income),ECA
Europe & Central Asia (excluding high income),ECA
Europe & Central Asia (excluding high income),ECA
Europe & Central Asia (excluding high income),ECA
Europe & Central Asia (excluding high income),ECA
Europe & Central Asia (excluding high income),ECA
Europe & Central Asia (excluding high income),ECA
Europe & Central Asia (excluding high income),ECA
Europe & Central Asia (excluding high income),ECA
Europe & Central Asia (excluding high income),ECA
Europe & Central Asia (excluding high income),ECA
Europe & Central Asia (excluding high income),ECA
Europe & Central Asia (IDA & IBRD countries),TEC
Europe & Central Asia (IDA & IBRD countries),TEC
Europe & Central Asia (IDA & IBRD countries),TEC
Europe & Central Asia (IDA & IBRD countries),TEC
Europe & Central Asia (IDA & IBRD countries),TEC
Europe & Central Asia (IDA & IBRD countries),TEC
Europe & Central Asia (IDA & IBRD countries),TEC
Europe & Central Asia (IDA & IBRD countries),TEC
Europe & Central Asia (IDA & IBRD countries),TEC
Europe & Central Asia (IDA & IBRD countries),TEC
Europe & Central Asia (IDA & IBRD countries),TEC
Europe & Central Asia (IDA & IBRD countries),TEC
European Union,EUU
European Union,EUU
European Union,EUU
European Union,EUU
European Union,EUU
European Union,EUU
European Union,EUU
European Union,EUU
European Union,EUU
European Union,EUU
European Union,EUU
European Union,EUU
Fragile and conflict affected situations,FCS
Fragile and conflict affected situations,FCS
Fragile and conflict affected situations,FCS
Fragile and conflict affected situations,FCS
Fragile and conflict affected situations,FCS
Fragile and conflict affected situations,FCS
Fragile and conflict affected situations,FCS
Fragile and conflict affected situations,FCS
Fragile and conflict affected situations,FCS
Fragile and conflict affected situations,FCS
Fragile and conflict affected situations,FCS
Fragile and conflict affected situations,FCS
Heavily indebted poor countries (HIPC),HPC
Heavily indebted poor countries (HIPC),HPC
Heavily indebted poor countries (HIPC),HPC
Heavily indebted poor countries (HIPC),HPC
Heavily indebted poor countries (HIPC),HPC
Heavily indebted poor countries (HIPC),HPC
Heavily indebted poor countries (HIPC),HPC
Heavily indebted poor countries (HIPC),HPC
Heavily indebted poor countries (HIPC),HPC
Heavily indebted poor countries (HIPC),HPC
Heavily indebted poor countries (HIPC),HPC
Heavily indebted poor countries (HIPC),HPC
High income,HIC
High income,HIC
High income,HIC
High income,HIC
High income,HIC
High income,HIC
High income,HIC
High income,HIC
High income,HIC
High income,HIC
High income,HIC
High income,HIC
IBRD only,IBD
IBRD only,IBD
IBRD only,IBD
IBRD only,IBD
IBRD only,IBD
IBRD only,IBD
IBRD only,IBD
IBRD only,IBD
IBRD only,IBD
IBRD only,IBD
IBRD only,IBD
IBRD only,IBD
IDA & IBRD total,IBT
IDA & IBRD total,IBT
IDA & IBRD total,IBT
IDA & IBRD total,IBT
IDA & IBRD total,IBT
IDA & IBRD total,IBT
IDA & IBRD total,IBT
IDA & IBRD total,IBT
IDA & IBRD total,IBT
IDA & IBRD total,IBT
IDA & IBRD total,IBT
IDA & IBRD total,IBT
IDA blend,IDB
IDA blend,IDB
IDA blend,IDB
IDA blend,IDB
IDA blend,IDB
IDA blend,IDB
IDA blend,IDB
IDA blend,IDB
IDA blend,IDB
IDA blend,IDB
IDA blend,IDB
IDA blend,IDB
IDA only,IDX
IDA only,IDX
IDA only,IDX
IDA only,IDX
IDA only,IDX
IDA only,IDX
IDA only,IDX
IDA only,IDX
IDA only,IDX
IDA only,IDX
IDA only,IDX
IDA only,IDX
IDA total,IDA
IDA total,IDA
IDA total,IDA
IDA total,IDA
IDA total,IDA
IDA total,IDA
IDA total,IDA
IDA total,IDA
IDA total,IDA
IDA total,IDA
IDA total,IDA
IDA total,IDA
Late-demographic dividend,LTE
Late-demographic dividend,LTE
Late-demographic dividend,LTE
Late-demographic dividend,LTE
Late-demographic dividend,LTE
Late-demographic dividend,LTE
Late-demographic dividend,LTE
Late-demographic dividend,LTE
Late-demographic dividend,LTE
Late-demographic dividend,LTE
Late-demographic dividend,LTE
Late-demographic dividend,LTE
Latin America & Caribbean,LCN
Latin America & Caribbean,LCN
Latin America & Caribbean,LCN
Latin America & Caribbean,LCN
Latin America & Caribbean,LCN
Latin America & Caribbean,LCN
Latin America & Caribbean,LCN
Latin America & Caribbean,LCN
Latin America & Caribbean,LCN
Latin America & Caribbean,LCN
Latin America & Caribbean,LCN
Latin America & Caribbean,LCN
Latin America & Caribbean (excluding high income),LAC
Latin America & Caribbean (excluding high income),LAC
Latin America & Caribbean (excluding high income),LAC
Latin America & Caribbean (excluding high income),LAC
Latin America & Caribbean (excluding high income),LAC
Latin America & Caribbean (excluding high income),LAC
Latin America & Caribbean (excluding high income),LAC
Latin America & Caribbean (excluding high income),LAC
Latin America & Caribbean (excluding high income),LAC
Latin America & Caribbean (excluding high income),LAC
Latin America & Caribbean (excluding high income),LAC
Latin America & Caribbean (excluding high income),LAC
Latin America & the Caribbean (IDA & IBRD countries),TLA
Latin America & the Caribbean (IDA & IBRD countries),TLA
Latin America & the Caribbean (IDA & IBRD countries),TLA
Latin America & the Caribbean (IDA & IBRD countries),TLA
Latin America & the Caribbean (IDA & IBRD countries),TLA
Latin America & the Caribbean (IDA & IBRD countries),TLA
Latin America & the Caribbean (IDA & IBRD countries),TLA
Latin America & the Caribbean (IDA & IBRD countries),TLA
Latin America & the Caribbean (IDA & IBRD countries),TLA
Latin America & the Caribbean (IDA & IBRD countries),TLA
Latin America & the Caribbean (IDA & IBRD countries),TLA
Latin America & the Caribbean (IDA & IBRD countries),TLA
Least developed countries: UN classification,LDC
Least developed countries: UN classification,LDC
Least developed countries: UN classification,LDC
Least developed countries: UN classification,LDC
Least developed countries: UN classification,LDC
Least developed countries: UN classification,LDC
Least developed countries: UN classification,LDC
Least developed countries: UN classification,LDC
Least developed countries: UN classification,LDC
Least developed countries: UN classification,LDC
Least developed countries: UN classification,LDC
Least developed countries: UN classification,LDC
Low & middle income,LMY
Low & middle income,LMY
Low & middle income,LMY
Low & middle income,LMY
Low & middle income,LMY
Low & middle income,LMY
Low & middle income,LMY
Low & middle income,LMY
Low & middle income,LMY
Low & middle income,LMY
Low & middle income,LMY
Low & middle income,LMY
Low income,LIC
Low income,LIC
Low income,LIC
Low income,LIC
Low income,LIC
Low income,LIC
Low income,LIC
Low income,LIC
Low income,LIC
Low income,LIC
Low income,LIC
Low income,LIC
Lower middle income,LMC
Lower middle income,LMC
Lower middle income,LMC
Lower middle income,LMC
Lower middle income,LMC
Lower middle income,LMC
Lower middle income,LMC
Lower middle income,LMC
Lower middle income,LMC
Lower middle income,LMC
Lower middle income,LMC
Lower middle income,LMC
Middle East & North Africa,MEA
Middle East & North Africa,MEA
Middle East & North Africa,MEA
Middle East & North Africa,MEA
Middle East & North Africa,MEA
Middle East & North Africa,MEA
Middle East & North Africa,MEA
Middle East & North Africa,MEA
Middle East & North Africa,MEA
Middle East & North Africa,MEA
Middle East & North Africa,MEA
Middle East & North Africa,MEA
Middle East & North Africa (excluding high income),MNA
Middle East & North Africa (excluding high income),MNA
Middle East & North Africa (excluding high income),MNA
Middle East & North Africa (excluding high income),MNA
Middle East & North Africa (excluding high income),MNA
Middle East & North Africa (excluding high income),MNA
Middle East & North Africa (excluding high income),MNA
Middle East & North Africa (excluding high income),MNA
Middle East & North Africa (excluding high income),MNA
Middle East & North Africa (excluding high income),MNA
Middle East & North Africa (excluding high income),MNA
Middle East & North Africa (excluding high income),MNA
Middle East & North Africa (IDA & IBRD countries),TMN
Middle East & North Africa (IDA & IBRD countries),TMN
Middle East & North Africa (IDA & IBRD countries),TMN
Middle East & North Africa (IDA & IBRD countries),TMN
Middle East & North Africa (IDA & IBRD countries),TMN
Middle East & North Africa (IDA & IBRD countries),TMN
Middle East & North Africa (IDA & IBRD countries),TMN
Middle East & North Africa (IDA & IBRD countries),TMN
Middle East & North Africa (IDA & IBRD countries),TMN
Middle East & North Africa (IDA & IBRD countries),TMN
Middle East & North Africa (IDA & IBRD countries),TMN
Middle East & North Africa (IDA & IBRD countries),TMN
Middle income,MIC
Middle income,MIC
Middle income,MIC
Middle income,MIC
Middle income,MIC
Middle income,MIC
Middle income,MIC
Middle income,MIC
Middle income,MIC
Middle income,MIC
Middle income,MIC
Middle income,MIC
North America,NAC
North America,NAC
North America,NAC
North America,NAC
North America,NAC
North America,NAC
North America,NAC
North America,NAC
North America,NAC
North America,NAC
North America,NAC
North America,NAC
Not classified,INX
Not classified,INX
Not classified,INX
Not classified,INX
Not classified,INX
Not classified,INX
Not classified,INX
Not classified,INX
Not classified,INX
Not classified,INX
Not classified,INX
Not classified,INX
OECD members,OED
OECD members,OED
OECD members,OED
OECD members,OED
OECD members,OED
OECD members,OED
OECD members,OED
OECD members,OED
OECD members,OED
OECD members,OED
OECD members,OED
OECD members,OED
Other small states,OSS
Other small states,OSS
Other small states,OSS
Other small states,OSS
Other small states,OSS
Other small states,OSS
Other small states,OSS
Other small states,OSS
Other small states,OSS
Other small states,OSS
Other small states,OSS
Other small states,OSS
Pacific island small states,PSS
Pacific island small states,PSS
Pacific island small states,PSS
Pacific island small states,PSS
Pacific island small states,PSS
Pacific island small states,PSS
Pacific island small states,PSS
Pacific island small states,PSS
Pacific island small states,PSS
Pacific island small states,PSS
Pacific island small states,PSS
Pacific island small states,PSS
Post-demographic dividend,PST
Post-demographic dividend,PST
Post-demographic dividend,PST
Post-demographic dividend,PST
Post-demographic dividend,PST
Post-demographic dividend,PST
Post-demographic dividend,PST
Post-demographic dividend,PST
Post-demographic dividend,PST
Post-demographic dividend,PST
Post-demographic dividend,PST
Post-demographic dividend,PST
Pre-demographic dividend,PRE
Pre-demographic dividend,PRE
Pre-demographic dividend,PRE
Pre-demographic dividend,PRE
Pre-demographic dividend,PRE
Pre-demographic dividend,PRE
Pre-demographic dividend,PRE
Pre-demographic dividend,PRE
Pre-demographic dividend,PRE
Pre-demographic dividend,PRE
Pre-demographic dividend,PRE
Pre-demographic dividend,PRE
Small states,SST
Small states,SST
Small states,SST
Small states,SST
Small states,SST
Small states,SST
Small states,SST
Small states,SST
Small states,SST
Small states,SST
Small states,SST
Small states,SST
South Asia,SAS
South Asia,SAS
South Asia,SAS
South Asia,SAS
South Asia,SAS
South Asia,SAS
South Asia,SAS
South Asia,SAS
South Asia,SAS
South Asia,SAS
South Asia,SAS
South Asia,SAS
South Asia (IDA & IBRD),TSA
South Asia (IDA & IBRD),TSA
South Asia (IDA & IBRD),TSA
South Asia (IDA & IBRD),TSA
South Asia (IDA & IBRD),TSA
South Asia (IDA & IBRD),TSA
South Asia (IDA & IBRD),TSA
South Asia (IDA & IBRD),TSA
South Asia (IDA & IBRD),TSA
South Asia (IDA & IBRD),TSA
South Asia (IDA & IBRD),TSA
South Asia (IDA & IBRD),TSA
Sub-Saharan Africa,SSF
Sub-Saharan Africa,SSF
Sub-Saharan Africa,SSF
Sub-Saharan Africa,SSF
Sub-Saharan Africa,SSF
Sub-Saharan Africa,SSF
Sub-Saharan Africa,SSF
Sub-Saharan Africa,SSF
Sub-Saharan Africa,SSF
Sub-Saharan Africa,SSF
Sub-Saharan Africa,SSF
Sub-Saharan Africa,SSF
Sub-Saharan Africa (excluding high income),SSA
Sub-Saharan Africa (excluding high income),SSA
Sub-Saharan Africa (excluding high income),SSA
Sub-Saharan Africa (excluding high income),SSA
Sub-Saharan Africa (excluding high income),SSA
Sub-Saharan Africa (excluding high income),SSA
Sub-Saharan Africa (excluding high income),SSA
Sub-Saharan Africa (excluding high income),SSA
Sub-Saharan Africa (excluding high income),SSA
Sub-Saharan Africa (excluding high income),SSA
Sub-Saharan Africa (excluding high income),SSA
Sub-Saharan Africa (excluding high income),SSA
Sub-Saharan Africa (IDA & IBRD countries),TSS
Sub-Saharan Africa (IDA & IBRD countries),TSS
Sub-Saharan Africa (IDA & IBRD countries),TSS
Sub-Saharan Africa (IDA & IBRD countries),TSS
Sub-Saharan Africa (IDA & IBRD countries),TSS
Sub-Saharan Africa (IDA & IBRD countries),TSS
Sub-Saharan Africa (IDA & IBRD countries),TSS
Sub-Saharan Africa (IDA & IBRD countries),TSS
Sub-Saharan Africa (IDA & IBRD countries),TSS
Sub-Saharan Africa (IDA & IBRD countries),TSS
Sub-Saharan Africa (IDA & IBRD countries),TSS
Sub-Saharan Africa (IDA & IBRD countries),TSS
Upper middle income,UMC
Upper middle income,UMC
Upper middle income,UMC
Upper middle income,UMC
Upper middle income,UMC
Upper middle income,UMC
Upper middle income,UMC
Upper middle income,UMC
Upper middle income,UMC
Upper middle income,UMC
Upper middle income,UMC
Upper middle income,UMC
World,WLD
World,WLD
World,WLD
World,WLD
World,WLD
World,WLD
World,WLD
World,WLD
World,WLD
World,WLD
World,WLD
World,WLD
Angola,AGO
Angola,AGO
Albania,ALB
Albania,ALB
Albania,ALB
Albania,ALB
Argentina,ARG
Argentina,ARG
Argentina,ARG
Argentina,ARG
Argentina,ARG
Argentina,ARG
Armenia,ARM
Armenia,ARM
Armenia,ARM
Armenia,ARM
Austria,AUT
Austria,AUT
Austria,AUT
Austria,AUT
Austria,AUT
Austria,AUT
Austria,AUT
Austria,AUT
Austria,AUT
Austria,AUT
Austria,AUT
Austria,AUT
Austria,AUT
Austria,AUT
Austria,AUT
Belgium,BEL
Belgium,BEL
Belgium,BEL
Belgium,BEL
Belgium,BEL
Belgium,BEL
Belgium,BEL
Belgium,BEL
Belgium,BEL
Belgium,BEL
Belgium,BEL
Belgium,BEL
Belgium,BEL
Belgium,BEL
Belgium,BEL
Belgium,BEL
Belgium,BEL
Belgium,BEL
Belgium,BEL
Bangladesh,BGD
Bangladesh,BGD
Bulgaria,BGR
Bulgaria,BGR
Bulgaria,BGR
Bulgaria,BGR
Bulgaria,BGR
Bulgaria,BGR
Bulgaria,BGR
Bulgaria,BGR
Bulgaria,BGR
Bulgaria,BGR
Bosnia and Herzegovina,BIH
Bosnia and Herzegovina,BIH
Bosnia and Herzegovina,BIH
Bosnia and Herzegovina,BIH
Bosnia and Herzegovina,BIH
Bolivia,BOL
Bolivia,BOL
Bolivia,BOL
Bolivia,BOL
Bolivia,BOL
Brazil,BRA
Botswana,BWA
Botswana,BWA
Botswana,BWA
Canada,CAN
Canada,CAN
Canada,CAN
Canada,CAN
Canada,CAN
Canada,CAN
Canada,CAN
Canada,CAN
Canada,CAN
Canada,CAN
Switzerland,CHE
Switzerland,CHE
Switzerland,CHE
Switzerland,CHE
Switzerland,CHE
Switzerland,CHE
Switzerland,CHE
Switzerland,CHE
Switzerland,CHE
Switzerland,CHE
Switzerland,CHE
Switzerland,CHE
Switzerland,CHE
Switzerland,CHE
Chile,CHL
Chile,CHL
Chile,CHL
Chile,CHL
Chile,CHL
Chile,CHL
Chile,CHL
Côte d'Ivoire,CIV
Côte d'Ivoire,CIV
Côte d'Ivoire,CIV
Côte d'Ivoire,CIV
Cameroon,CMR
"Congo, Democratic Republic of the",COD
"Congo, Democratic Republic of the",COD
Congo,COG
Cook Islands,COK
Cook Islands,COK
Colombia,COL
Colombia,COL
Colombia,COL
Colombia,COL
Comoros,COM
Cape Verde,CPV
Costa Rica,CRI
Costa Rica,CRI
Costa Rica,CRI
Cyprus,CYP
Cyprus,CYP
Cyprus,CYP
Cyprus,CYP
Cyprus,CYP
Cyprus,CYP
Cyprus,CYP
Cyprus,CYP
Cyprus,CYP
Cyprus,CYP
Czechia,CZE
Czechia,CZE
Czechia,CZE
Czechia,CZE
Czechia,CZE
Czechia,CZE
Czechia,CZE
Czechia,CZE
Czechia,CZE
Czechia,CZE
Czechia,CZE
Czechia,CZE
Czechia,CZE
Czechia,CZE
Czechia,CZE
Czechia,CZE
Czechia,CZE
Czechia,CZE
Czechia,CZE
Czechia,CZE
Czechia,CZE
Czechia,CZE
Denmark,DNK
Denmark,DNK
Denmark,DNK
Denmark,DNK
Denmark,DNK
Denmark,DNK
Denmark,DNK
Denmark,DNK
Denmark,DNK
Denmark,DNK
Denmark,DNK
Denmark,DNK
Denmark,DNK
Denmark,DNK
Denmark,DNK
Denmark,DNK
Denmark,DNK
Denmark,DNK
Denmark,DNK
Dominican Republic,DOM
Dominican Republic,DOM
Dominican Republic,DOM
Dominican Republic,DOM
Dominican Republic,DOM
Dominican Republic,DOM
Dominican Republic,DOM
Dominican Republic,DOM
Dominican Republic,DOM
Dominican Republic,DOM
Ecuador,ECU
Ecuador,ECU
Ecuador,ECU
Ecuador,ECU
Ecuador,ECU
Ecuador,ECU
Egypt,EGY
Egypt,EGY
Egypt,EGY
Egypt,EGY
Egypt,EGY
Egypt,EGY
Egypt,EGY
Egypt,EGY
Egypt,EGY
Egypt,EGY
Egypt,EGY
Spain,ESP
Spain,ESP
Spain,ESP
Spain,ESP
Spain,ESP
Spain,ESP
Spain,ESP
Spain,ESP
Spain,ESP
Spain,ESP
Spain,ESP
Spain,ESP
Spain,ESP
Spain,ESP
Spain,ESP
Spain,ESP
Spain,ESP
Spain,ESP
Spain,ESP
Estonia,EST
Estonia,EST
Estonia,EST
Estonia,EST
Estonia,EST
Estonia,EST
Estonia,EST
Estonia,EST
Estonia,EST
Estonia,EST
Estonia,EST
Estonia,EST
Estonia,EST
Ethiopia,ETH
Ethiopia,ETH
Finland,FIN
Finland,FIN
Finland,FIN
Finland,FIN
Finland,FIN
Finland,FIN
Finland,FIN
Finland,FIN
Finland,FIN
Finland,FIN
Finland,FIN
Finland,FIN
Finland,FIN
Finland,FIN
Finland,FIN
Fiji,FJI
France,FRA
France,FRA
France,FRA
France,FRA
France,FRA
France,FRA
France,FRA
France,FRA
France,FRA
France,FRA
France,FRA
France,FRA
France,FRA
France,FRA
France,FRA
France,FRA
France,FRA
France,FRA
France,FRA
"Micronesia, Federated States of",FSM
United Kingdom,GBR
United Kingdom,GBR
United Kingdom,GBR
United Kingdom,GBR
United Kingdom,GBR
United Kingdom,GBR
United Kingdom,GBR
United Kingdom,GBR
United Kingdom,GBR
United Kingdom,GBR
United Kingdom,GBR
United Kingdom,GBR
United Kingdom,GBR
United Kingdom,GBR
United Kingdom,GBR
United Kingdom,GBR
United Kingdom,GBR
United Kingdom,GBR
United Kingdom,GBR
Georgia,GEO
Georgia,GEO
Ghana,GHA
Guinea,GIN
Gambia,GMB
Gambia,GMB
Greece,GRC
Greece,GRC
Greece,GRC
Greece,GRC
Greece,GRC
Greece,GRC
Greece,GRC
Greece,GRC
Greece,GRC
Greece,GRC
Greece,GRC
Greece,GRC
Greece,GRC
Greece,GRC
Greece,GRC
Greece,GRC
Greece,GRC
Greece,GRC
Greece,GRC
Guatemala,GTM
Guatemala,GTM
Guatemala,GTM
Guatemala,GTM
Honduras,HND
Honduras,HND
Honduras,HND
Honduras,HND
Honduras,HND
Honduras,HND
Croatia,HRV
Croatia,HRV
Croatia,HRV
Croatia,HRV
Croatia,HRV
Croatia,HRV
Croatia,HRV
Croatia,HRV
Croatia,HRV
Hungary,HUN
Hungary,HUN
Hungary,HUN
Hungary,HUN
Hungary,HUN
Hungary,HUN
Hungary,HUN
Hungary,HUN
Hungary,HUN
Hungary,HUN
Hungary,HUN
Hungary,HUN
Hungary,HUN
Hungary,HUN
Indonesia,IDN
Indonesia,IDN
Indonesia,IDN
Indonesia,IDN
Indonesia,IDN
Indonesia,IDN
Indonesia,IDN
Indonesia,IDN
Indonesia,IDN
Indonesia,IDN
Indonesia,IDN
Indonesia,IDN
Indonesia,IDN
Indonesia,IDN
India,IND
India,IND
India,IND
Ireland,IRL
Ireland,IRL
Ireland,IRL
Ireland,IRL
Ireland,IRL
Ireland,IRL
Ireland,IRL
Ireland,IRL
Ireland,IRL
Ireland,IRL
Ireland,IRL
Ireland,IRL
Ireland,IRL
Ireland,IRL
Ireland,IRL
Ireland,IRL
Ireland,IRL
Ireland,IRL
Ireland,IRL
"Iran, Islamic Republic of",IRN
"Iran, Islamic Republic of",IRN
Iraq,IRQ
Iceland,ISL
Iceland,ISL
Iceland,ISL
Iceland,ISL
Iceland,ISL
Iceland,ISL
Iceland,ISL
Iceland,ISL
Iceland,ISL
Iceland,ISL
Iceland,ISL
Iceland,ISL
Iceland,ISL
Iceland,ISL
Iceland,ISL
Italy,ITA
Italy,ITA
Italy,ITA
Italy,ITA
Italy,ITA
Italy,ITA
Italy,ITA
Italy,ITA
Italy,ITA
Italy,ITA
Italy,ITA
Italy,ITA
Italy,ITA
Italy,ITA
Italy,ITA
Italy,ITA
Italy,ITA
Italy,ITA
Italy,ITA
Kenya,KEN
Kenya,KEN
Cambodia,KHM
Cambodia,KHM
Cambodia,KHM
"Korea, Republic of",KOR
"Korea, Republic of",KOR
"Korea, Republic of",KOR
"Korea, Republic of",KOR
"Korea, Republic of",KOR
Kosovo,KOS
Kosovo,KOS
Lao People's Democratic Republic,LAO
Lao People's Democratic Republic,LAO
Liberia,LBR
Sri Lanka,LKA
Lithuania,LTU
Lithuania,LTU
Lithuania,LTU
Lithuania,LTU
Lithuania,LTU
Lithuania,LTU
Lithuania,LTU
Lithuania,LTU
Lithuania,LTU
Lithuania,LTU
Lithuania,LTU
Lithuania,LTU
Luxembourg,LUX
Luxembourg,LUX
Luxembourg,LUX
Luxembourg,LUX
Luxembourg,LUX
Luxembourg,LUX
Luxembourg,LUX
Luxembourg,LUX
Luxembourg,LUX
Luxembourg,LUX
Luxembourg,LUX
Luxembourg,LUX
Luxembourg,LUX
Luxembourg,LUX
Luxembourg,LUX
Luxembourg,LUX
Luxembourg,LUX
Luxembourg,LUX
Luxembourg,LUX
Latvia,LVA
Latvia,LVA
Latvia,LVA
Latvia,LVA
Latvia,LVA
Latvia,LVA
Latvia,LVA
Latvia,LVA
Latvia,LVA
Latvia,LVA
Latvia,LVA
Latvia,LVA
"Moldova, Republic of",MDA
Maldives,MDV
Mexico,MEX
Mexico,MEX
Mexico,MEX
Mexico,MEX
Mexico,MEX
Mexico,MEX
Mexico,MEX
Mexico,MEX
Mexico,MEX
North Macedonia,MKD
North Macedonia,MKD
North Macedonia,MKD
North Macedonia,MKD
North Macedonia,MKD
Malta,MLT
Malta,MLT
Mauritius,MUS
Mauritius,MUS
Mauritius,MUS
Mauritius,MUS
Mauritius,MUS
Mauritius,MUS
Mauritius,MUS
Mauritius,MUS
Mauritius,MUS
Mauritius,MUS
Malawi,MWI
Nicaragua,NIC
Nicaragua,NIC
Netherlands,NLD
Netherlands,NLD
Netherlands,NLD
Netherlands,NLD
Netherlands,NLD
Netherlands,NLD
Netherlands,NLD
Netherlands,NLD
Netherlands,NLD
Netherlands,NLD
Netherlands,NLD
Netherlands,NLD
Netherlands,NLD
Netherlands,NLD
Netherlands,NLD
Netherlands,NLD
Netherlands,NLD
Netherlands,NLD
Netherlands,NLD
Norway,NOR
Norway,NOR
Norway,NOR
Norway,NOR
Norway,NOR
Norway,NOR
Norway,NOR
Norway,NOR
Norway,NOR
Norway,NOR
Norway,NOR
Norway,NOR
Norway,NOR
Norway,NOR
Norway,NOR
Nepal,NPL
Pakistan,PAK
Pakistan,PAK
Pakistan,PAK
Pakistan,PAK
Pakistan,PAK
Panama,PAN
Panama,PAN
Panama,PAN
Panama,PAN
Peru,PER
Peru,PER
Peru,PER
Peru,PER
Peru,PER
Peru,PER
Peru,PER
Peru,PER
Peru,PER
Philippines,PHL
Philippines,PHL
Philippines,PHL
Philippines,PHL
Philippines,PHL
Philippines,PHL
Philippines,PHL
Philippines,PHL
Philippines,PHL
Papua New Guinea,PNG
Poland,POL
Poland,POL
Poland,POL
Poland,POL
Poland,POL
Poland,POL
Poland,POL
Poland,POL
Poland,POL
Poland,POL
Poland,POL
Poland,POL
Poland,POL
Portugal,PRT
Portugal,PRT
Portugal,PRT
Portugal,PRT
Portugal,PRT
Portugal,PRT
Portugal,PRT
Portugal,PRT
Portugal,PRT
Portugal,PRT
Portugal,PRT
Portugal,PRT
Portugal,PRT
Portugal,PRT
Portugal,PRT
Portugal,PRT
Portugal,PRT
Portugal,PRT
Portugal,PRT
Paraguay,PRY
Paraguay,PRY
Paraguay,PRY
Paraguay,PRY
Paraguay,PRY
Paraguay,PRY
Paraguay,PRY
Paraguay,PRY
Paraguay,PRY
Paraguay,PRY
Paraguay,PRY
Paraguay,PRY
Occupied Palestinian Territory,PSE
Occupied Palestinian Territory,PSE
Occupied Palestinian Territory,PSE
Occupied Palestinian Territory,PSE
Occupied Palestinian Territory,PSE
Occupied Palestinian Territory,PSE
Occupied Palestinian Territory,PSE
Occupied Palestinian Territory,PSE
Occupied Palestinian Territory,PSE
Occupied Palestinian Territory,PSE
Occupied Palestinian Territory,PSE
Occupied Palestinian Territory,PSE
Occupied Palestinian Territory,PSE
Occupied Palestinian Territory,PSE
Occupied Palestinian Territory,PSE
Occupied Palestinian Territory,PSE
Occupied Palestinian Territory,PSE
Occupied Palestinian Territory,PSE
Occupied Palestinian Territory,PSE
Occupied Palestinian Territory,PSE
Romania,ROU
Romania,ROU
Romania,ROU
Romania,ROU
Romania,ROU
Romania,ROU
Romania,ROU
Romania,ROU
Romania,ROU
Romania,ROU
Romania,ROU
Romania,ROU
Romania,ROU
Russian Federation,RUS
El Salvador,SLV
Serbia,SRB
Serbia,SRB
Serbia,SRB
Slovakia,SVK
Slovakia,SVK
Slovakia,SVK
Slovakia,SVK
Slovakia,SVK
Slovakia,SVK
Slovakia,SVK
Slovakia,SVK
Slovakia,SVK
Slovakia,SVK
Slovakia,SVK
Slovakia,SVK
Slovakia,SVK
Slovakia,SVK
Slovakia,SVK
Slovakia,SVK
Slovakia,SVK
Slovakia,SVK
Slovakia,SVK
Slovakia,SVK
Slovakia,SVK
Slovenia,SVN
Slovenia,SVN
Slovenia,SVN
Slovenia,SVN
Slovenia,SVN
Slovenia,SVN
Slovenia,SVN
Slovenia,SVN
Slovenia,SVN
Slovenia,SVN
Slovenia,SVN
Slovenia,SVN
Slovenia,SVN
Slovenia,SVN
Sweden,SWE
Sweden,SWE
Sweden,SWE
Sweden,SWE
Sweden,SWE
Sweden,SWE
Sweden,SWE
Sweden,SWE
Sweden,SWE
Sweden,SWE
Sweden,SWE
Sweden,SWE
Sweden,SWE
Sweden,SWE
Sweden,SWE
Togo,TGO
Thailand,THA
Tajikistan,TJK
Timor-Leste,TLS
Trinidad and Tobago,TTO
Tunisia,TUN
Tunisia,TUN
Tunisia,TUN
Tunisia,TUN
Tunisia,TUN
Tunisia,TUN
"Tanzania, United Republic of",TZA
"Tanzania, United Republic of",TZA
"Tanzania, United Republic of",TZA
Uruguay,URY
Uruguay,URY
Uruguay,URY
Uruguay,URY
Uruguay,URY
Uruguay,URY
Uruguay,URY
Uruguay,URY
Uruguay,URY
Uruguay,URY
Uruguay,URY
Uruguay,URY
United States,USA
United States,USA
United States,USA
United States,USA
United States,USA
United States,USA
United States,USA
United States,USA
United States,USA
United States,USA
United States,USA
United States,USA
United States,USA
United States,USA
United States,USA
United States,USA
"Venezuela, Bolivarian Republic of",VEN
"Venezuela, Bolivarian Republic of",VEN
"Venezuela, Bolivarian Republic of",VEN
"Venezuela, Bolivarian Republic of",VEN
"Venezuela, Bolivarian Republic of",VEN
"Venezuela, Bolivarian Republic of",VEN
"Venezuela, Bolivarian Republic of",VEN
"Venezuela, Bolivarian Republic of",VEN
"Venezuela, Bolivarian Republic of",VEN
"Venezuela, Bolivarian Republic of",VEN
Viet Nam,VNM
Viet Nam,VNM
Viet Nam,VNM
Viet Nam,VNM
Viet Nam,VNM
Viet Nam,VNM
Viet Nam,VNM
Viet Nam,VNM
Viet Nam,VNM
Viet Nam,VNM
Vanuatu,VUT
Vanuatu,VUT
Vanuatu,VUT
Yemen,YEM
South Africa,ZAF
South Africa,ZAF
South Africa,ZAF
South Africa,ZAF
South Africa,ZAF
South Africa,ZAF
South Africa,ZAF
South Africa,ZAF
South Africa,ZAF
South Africa,ZAF
