Country,Country_code,Year,Tot
Burundi,BI,2003,"7,913"
Burundi,BI,2004,"7,526"
Burundi,BI,2005,"7,167"
Burundi,BI,2006,"8,277"
Burundi,BI,2007,"8,343"
Burundi,BI,2008,"9,927"
Burundi,BI,2009,"10,816"
Burundi,BI,2010,"9,823"
Burundi,BI,2011,"10,432"
Burundi,BI,2012,"6,369"
Burundi,BI,2013,"7,784"
Burundi,BI,2014,"7,565"
Burundi,BI,2015,"9,228"
Burundi,BI,2016,"10,127"
Burundi,BI,2017,"10,093"
Burundi,BI,2018,"10,987"
Comoros,KM,2003,
Comoros,KM,2004,
Comoros,KM,2005,
Comoros,KM,2006,
Comoros,KM,2007,
Comoros,KM,2008,
Comoros,KM,2009,150
Comoros,KM,2010,
Comoros,KM,2011,
Comoros,KM,2012,
Comoros,KM,2013,206
Comoros,KM,2014,120
Comoros,KM,2015,145
Comoros,KM,2016,
Comoros,KM,2017,191
Comoros,KM,2018,225
Djibouti,DJ,2003,
Djibouti,DJ,2004,
Djibouti,DJ,2005,
Djibouti,DJ,2006,
Djibouti,DJ,2007,
Djibouti,DJ,2008,
Djibouti,DJ,2009,525
Djibouti,DJ,2010,
Djibouti,DJ,2011,750
Djibouti,DJ,2012,
Djibouti,DJ,2013,550
Djibouti,DJ,2014,
Djibouti,DJ,2015,600
Djibouti,DJ,2016,600
Djibouti,DJ,2017,624
Djibouti,DJ,2018,662
Ethiopia,ET,2003,
Ethiopia,ET,2004,"74,413"
Ethiopia,ET,2005,
Ethiopia,ET,2006,"72,211"
Ethiopia,ET,2007,
Ethiopia,ET,2008,"85,664"
Ethiopia,ET,2009,
Ethiopia,ET,2010,"104,467"
Ethiopia,ET,2011,
Ethiopia,ET,2012,"111,050"
Ethiopia,ET,2013,
Ethiopia,ET,2014,"113,727"
Ethiopia,ET,2015,
Ethiopia,ET,2016,
Ethiopia,ET,2017,
Ethiopia,ET,2018,
Kenya,KE,2003,
Kenya,KE,2004,"55,000"
Kenya,KE,2005,"50,000"
Kenya,KE,2006,
Kenya,KE,2007,
Kenya,KE,2008,"49,092"
Kenya,KE,2009,"48,122"
Kenya,KE,2010,"48,153"
Kenya,KE,2011,"51,068"
Kenya,KE,2012,"44,522"
Kenya,KE,2013,"53,430"
Kenya,KE,2014,"53,537"
Kenya,KE,2015,"54,225"
Kenya,KE,2016,"48,500"
Kenya,KE,2017,"51,021"
Kenya,KE,2018,"52,198"
Madagascar,MG,2003,"19,000"
Madagascar,MG,2004,"19,971"
Madagascar,MG,2005,"20,294"
Madagascar,MG,2006,"17,495"
Madagascar,MG,2007,
Madagascar,MG,2008,"16,555"
Madagascar,MG,2009,
Madagascar,MG,2010,"18,355"
Madagascar,MG,2011,"18,578"
Madagascar,MG,2012,"19,150"
Madagascar,MG,2013,"19,804"
Madagascar,MG,2014,"20,353"
Madagascar,MG,2015,"20,595"
Madagascar,MG,2016,"22,000"
Madagascar,MG,2017,"20,975"
Madagascar,MG,2018,"24,928"
Malawi,MW,2003,"8,566"
Malawi,MW,2004,"9,220"
Malawi,MW,2005,"9,656"
Malawi,MW,2006,"11,000"
Malawi,MW,2007,"10,830"
Malawi,MW,2008,"11,000"
Malawi,MW,2009,
Malawi,MW,2010,"11,672"
Malawi,MW,2011,
Malawi,MW,2012,"12,236"
Malawi,MW,2013,
Malawi,MW,2014,"12,156"
Malawi,MW,2015,"12,129"
Malawi,MW,2016,"14,018"
Malawi,MW,2017,"14,795"
Malawi,MW,2018,"13,929"
Mauritius,MU,2003,"2,494"
Mauritius,MU,2004,"2,358"
Mauritius,MU,2005,"2,473"
Mauritius,MU,2006,"2,269"
Mauritius,MU,2007,"2,271"
Mauritius,MU,2008,"2,161"
Mauritius,MU,2009,"2,279"
Mauritius,MU,2010,"2,400"
Mauritius,MU,2011,"2,615"
Mauritius,MU,2012,"2,690"
Mauritius,MU,2013,"2,514"
Mauritius,MU,2014,"2,310"
Mauritius,MU,2015,"2,128"
Mauritius,MU,2016,"2,232"
Mauritius,MU,2017,"2,261"
Mauritius,MU,2018,"2,447"
Mayotte,YT,2003,163
Mayotte,YT,2004,
Mayotte,YT,2005,107
Mayotte,YT,2006,
Mayotte,YT,2007,155
Mayotte,YT,2008,
Mayotte,YT,2009,216
Mayotte,YT,2010,
Mayotte,YT,2011,211
Mayotte,YT,2012,
Mayotte,YT,2013,188
Mayotte,YT,2014,
Mayotte,YT,2015,177
Mayotte,YT,2016,
Mayotte,YT,2017,293
Mayotte,YT,2018,
Mozambique,MZ,2003,
Mozambique,MZ,2004,"15,359"
Mozambique,MZ,2005,"17,769"
Mozambique,MZ,2006,"18,013"
Mozambique,MZ,2007,"17,858"
Mozambique,MZ,2008,"27,889"
Mozambique,MZ,2009,"35,235"
Mozambique,MZ,2010,"15,249"
Mozambique,MZ,2011,"16,304"
Mozambique,MZ,2012,
Mozambique,MZ,2013,"15,663"
Mozambique,MZ,2014,"15,430"
Mozambique,MZ,2015,"15,976"
Mozambique,MZ,2016,
Mozambique,MZ,2017,"18,185"
Mozambique,MZ,2018,
Reunion,RE,2003,"1,071"
Reunion,RE,2004,
Reunion,RE,2005,"1,040"
Reunion,RE,2006,
Reunion,RE,2007,"1,307"
Reunion,RE,2008,
Reunion,RE,2009,
Reunion,RE,2010,
Reunion,RE,2011,"1,078"
Reunion,RE,2012,
Reunion,RE,2013,"1,128"
Reunion,RE,2014,
Reunion,RE,2015,"1,046"
Reunion,RE,2016,
Reunion,RE,2017,"1,060"
Reunion,RE,2018,
Rwanda,RW,2003,
Rwanda,RW,2004,
Rwanda,RW,2005,
Rwanda,RW,2006,
Rwanda,RW,2007,
Rwanda,RW,2008,
Rwanda,RW,2009,
Rwanda,RW,2010,"55,000"
Rwanda,RW,2011,
Rwanda,RW,2012,"55,618"
Rwanda,RW,2013,
Rwanda,RW,2014,"53,600"
Rwanda,RW,2015,"54,279"
Rwanda,RW,2016,
Rwanda,RW,2017,"61,000"
Rwanda,RW,2018,
Seychelles,SC,2003,172
Seychelles,SC,2004,147
Seychelles,SC,2005,162
Seychelles,SC,2006,174
Seychelles,SC,2007,172
Seychelles,SC,2008,297
Seychelles,SC,2009,
Seychelles,SC,2010,432
Seychelles,SC,2011,
Seychelles,SC,2012,628
Seychelles,SC,2013,
Seychelles,SC,2014,765
Seychelles,SC,2015,
Seychelles,SC,2016,
Seychelles,SC,2017,423
Seychelles,SC,2018,382
South Sudan,SS,2003,
South Sudan,SS,2004,
South Sudan,SS,2005,
South Sudan,SS,2006,
South Sudan,SS,2007,
South Sudan,SS,2008,
South Sudan,SS,2009,
South Sudan,SS,2010,
South Sudan,SS,2011,
South Sudan,SS,2012,
South Sudan,SS,2013,
South Sudan,SS,2014,
South Sudan,SS,2015,"6,504"
South Sudan,SS,2016,
South Sudan,SS,2017,
South Sudan,SS,2018,
Uganda,UG,2003,"17,952"
Uganda,UG,2004,"18,549"
Uganda,UG,2005,"19,048"
Uganda,UG,2006,"19,225"
Uganda,UG,2007,"19,247"
Uganda,UG,2008,"28,775"
Uganda,UG,2009,"31,173"
Uganda,UG,2010,"31,230"
Uganda,UG,2011,"32,021"
Uganda,UG,2012,"35,212"
Uganda,UG,2013,"39,568"
Uganda,UG,2014,"42,330"
Uganda,UG,2015,"45,527"
Uganda,UG,2016,"51,354"
Uganda,UG,2017,"48,894"
Uganda,UG,2018,
United Republic of Tanzania,Not found,2003,
United Republic of Tanzania,Not found,2004,"43,244"
United Republic of Tanzania,Not found,2005,"46,416"
United Republic of Tanzania,Not found,2006,"43,911"
United Republic of Tanzania,Not found,2007,
United Republic of Tanzania,Not found,2008,"41,613"
United Republic of Tanzania,Not found,2009,"40,111"
United Republic of Tanzania,Not found,2010,
United Republic of Tanzania,Not found,2011,"38,353"
United Republic of Tanzania,Not found,2012,"33,338"
United Republic of Tanzania,Not found,2013,"36,552"
United Republic of Tanzania,Not found,2014,"34,196"
United Republic of Tanzania,Not found,2015,"34,404"
United Republic of Tanzania,Not found,2016,
United Republic of Tanzania,Not found,2017,
United Republic of Tanzania,Not found,2018,
Zambia,ZM,2003,"13,200"
Zambia,ZM,2004,
Zambia,ZM,2005,"14,347"
Zambia,ZM,2006,
Zambia,ZM,2007,
Zambia,ZM,2008,"15,000"
Zambia,ZM,2009,"15,544"
Zambia,ZM,2010,"16,666"
Zambia,ZM,2011,
Zambia,ZM,2012,"17,000"
Zambia,ZM,2013,"17,021"
Zambia,ZM,2014,"17,160"
Zambia,ZM,2015,"18,560"
Zambia,ZM,2016,"19,000"
Zambia,ZM,2017,"25,000"
Zambia,ZM,2018,
Zimbabwe,ZW,2003,"21,125"
Zimbabwe,ZW,2004,"19,888"
Zimbabwe,ZW,2005,"17,997"
Zimbabwe,ZW,2006,"18,081"
Zimbabwe,ZW,2007,"16,429"
Zimbabwe,ZW,2008,"14,029"
Zimbabwe,ZW,2009,
Zimbabwe,ZW,2010,"13,361"
Zimbabwe,ZW,2011,
Zimbabwe,ZW,2012,"16,900"
Zimbabwe,ZW,2013,"16,902"
Zimbabwe,ZW,2014,"17,484"
Zimbabwe,ZW,2015,"18,857"
Zimbabwe,ZW,2016,
Zimbabwe,ZW,2017,"19,521"
Zimbabwe,ZW,2018,
Angola,AO,2003,"6,008"
Angola,AO,2004,
Angola,AO,2005,"8,300"
Angola,AO,2006,
Angola,AO,2007,
Angola,AO,2008,
Angola,AO,2009,"16,183"
Angola,AO,2010,
Angola,AO,2011,"19,898"
Angola,AO,2012,
Angola,AO,2013,"21,634"
Angola,AO,2014,"21,319"
Angola,AO,2015,"23,674"
Angola,AO,2016,"22,907"
Angola,AO,2017,
Angola,AO,2018,
Cameroon,CM,2003,"20,000"
Cameroon,CM,2004,
Cameroon,CM,2005,"22,734"
Cameroon,CM,2006,
Cameroon,CM,2007,"23,123"
Cameroon,CM,2008,
Cameroon,CM,2009,"23,368"
Cameroon,CM,2010,"23,766"
Cameroon,CM,2011,"22,812"
Cameroon,CM,2012,"22,891"
Cameroon,CM,2013,"25,314"
Cameroon,CM,2014,"25,908"
Cameroon,CM,2015,"28,120"
Cameroon,CM,2016,"29,341"
Cameroon,CM,2017,"31,836"
Cameroon,CM,2018,
Central African Republic,CF,2003,
Central African Republic,CF,2004,
Central African Republic,CF,2005,"1,000"
Central African Republic,CF,2006,
Central African Republic,CF,2007,"1,233"
Central African Republic,CF,2008,
Central African Republic,CF,2009,"2,145"
Central African Republic,CF,2010,
Central African Republic,CF,2011,845
Central African Republic,CF,2012,
Central African Republic,CF,2013,
Central African Republic,CF,2014,
Central African Republic,CF,2015,764
Central African Republic,CF,2016,
Central African Republic,CF,2017,
Central African Republic,CF,2018,
Chad,TD,2003,
Chad,TD,2004,
Chad,TD,2005,"3,416"
Chad,TD,2006,
Chad,TD,2007,
Chad,TD,2008,
Chad,TD,2009,
Chad,TD,2010,"4,775"
Chad,TD,2011,"4,831"
Chad,TD,2012,
Chad,TD,2013,
Chad,TD,2014,
Chad,TD,2015,"8,000"
Chad,TD,2016,
Chad,TD,2017,
Chad,TD,2018,"8,700"
Congo,CG,2003,
Congo,CG,2004,
Congo,CG,2005,"1,550"
Congo,CG,2006,
Congo,CG,2007,"1,642"
Congo,CG,2008,
Congo,CG,2009,"2,410"
Congo,CG,2010,
Congo,CG,2011,"1,400"
Congo,CG,2012,
Congo,CG,2013,"1,500"
Congo,CG,2014,"1,240"
Congo,CG,2015,
Congo,CG,2016,
Congo,CG,2017,
Congo,CG,2018,
Democratic Republic of the Congo,Not found,2003,
Democratic Republic of the Congo,Not found,2004,"30,000"
Democratic Republic of the Congo,Not found,2005,
Democratic Republic of the Congo,Not found,2006,
Democratic Republic of the Congo,Not found,2007,
Democratic Republic of the Congo,Not found,2008,
Democratic Republic of the Congo,Not found,2009,
Democratic Republic of the Congo,Not found,2010,"22,000"
Democratic Republic of the Congo,Not found,2011,
Democratic Republic of the Congo,Not found,2012,
Democratic Republic of the Congo,Not found,2013,
Democratic Republic of the Congo,Not found,2014,
Democratic Republic of the Congo,Not found,2015,"20,550"
Democratic Republic of the Congo,Not found,2016,
Democratic Republic of the Congo,Not found,2017,
Democratic Republic of the Congo,Not found,2018,
Equatorial Guinea,GQ,2003,
Equatorial Guinea,GQ,2004,
Equatorial Guinea,GQ,2005,
Equatorial Guinea,GQ,2006,
Equatorial Guinea,GQ,2007,
Equatorial Guinea,GQ,2008,
Equatorial Guinea,GQ,2009,
Equatorial Guinea,GQ,2010,
Equatorial Guinea,GQ,2011,
Equatorial Guinea,GQ,2012,
Equatorial Guinea,GQ,2013,
Equatorial Guinea,GQ,2014,
Equatorial Guinea,GQ,2015,500
Equatorial Guinea,GQ,2016,
Equatorial Guinea,GQ,2017,
Equatorial Guinea,GQ,2018,
Gabon,GA,2003,
Gabon,GA,2004,
Gabon,GA,2005,
Gabon,GA,2006,
Gabon,GA,2007,
Gabon,GA,2008,
Gabon,GA,2009,
Gabon,GA,2010,
Gabon,GA,2011,
Gabon,GA,2012,
Gabon,GA,2013,"3,500"
Gabon,GA,2014,
Gabon,GA,2015,"3,373"
Gabon,GA,2016,
Gabon,GA,2017,
Gabon,GA,2018,
Sao Tome and Principe,ST,2003,
Sao Tome and Principe,ST,2004,
Sao Tome and Principe,ST,2005,155
Sao Tome and Principe,ST,2006,160
Sao Tome and Principe,ST,2007,
Sao Tome and Principe,ST,2008,
Sao Tome and Principe,ST,2009,240
Sao Tome and Principe,ST,2010,305
Sao Tome and Principe,ST,2011,
Sao Tome and Principe,ST,2012,217
Sao Tome and Principe,ST,2013,
Sao Tome and Principe,ST,2014,201
Sao Tome and Principe,ST,2015,178
Sao Tome and Principe,ST,2016,178
Sao Tome and Principe,ST,2017,251
Sao Tome and Principe,ST,2018,253
Algeria,DZ,2003,"39,806"
Algeria,DZ,2004,"44,231"
Algeria,DZ,2005,"43,797"
Algeria,DZ,2006,"54,117"
Algeria,DZ,2007,"55,119"
Algeria,DZ,2008,"55,598"
Algeria,DZ,2009,
Algeria,DZ,2010,"49,000"
Algeria,DZ,2011,"50,000"
Algeria,DZ,2012,"50,100"
Algeria,DZ,2013,"60,220"
Algeria,DZ,2014,"61,000"
Algeria,DZ,2015,"62,150"
Algeria,DZ,2016,
Algeria,DZ,2017,"60,000"
Algeria,DZ,2018,"63,000"
Egypt,EG,2003,
Egypt,EG,2004,
Egypt,EG,2005,
Egypt,EG,2006,"64,378"
Egypt,EG,2007,
Egypt,EG,2008,
Egypt,EG,2009,
Egypt,EG,2010,
Egypt,EG,2011,"66,000"
Egypt,EG,2012,
Egypt,EG,2013,
Egypt,EG,2014,
Egypt,EG,2015,
Egypt,EG,2016,"106,000"
Egypt,EG,2017,
Egypt,EG,2018,
Libya,LY,2003,
Libya,LY,2004,"9,763"
Libya,LY,2005,
Libya,LY,2006,
Libya,LY,2007,"13,217"
Libya,LY,2008,
Libya,LY,2009,
Libya,LY,2010,"13,242"
Libya,LY,2011,
Libya,LY,2012,"3,186"
Libya,LY,2013,"5,328"
Libya,LY,2014,"6,187"
Libya,LY,2015,
Libya,LY,2016,
Libya,LY,2017,
Libya,LY,2018,
Morocco,MA,2003,"54,542"
Morocco,MA,2004,"59,069"
Morocco,MA,2005,"50,933"
Morocco,MA,2006,"53,580"
Morocco,MA,2007,"54,660"
Morocco,MA,2008,"59,212"
Morocco,MA,2009,"57,563"
Morocco,MA,2010,"64,877"
Morocco,MA,2011,
Morocco,MA,2012,"70,675"
Morocco,MA,2013,"72,000"
Morocco,MA,2014,"74,941"
Morocco,MA,2015,"74,039"
Morocco,MA,2016,"78,716"
Morocco,MA,2017,"83,102"
Morocco,MA,2018,"83,757"
Sudan,SD,2003,"12,000"
Sudan,SD,2004,
Sudan,SD,2005,
Sudan,SD,2006,
Sudan,SD,2007,
Sudan,SD,2008,
Sudan,SD,2009,"19,144"
Sudan,SD,2010,
Sudan,SD,2011,"20,000"
Sudan,SD,2012,
Sudan,SD,2013,"19,101"
Sudan,SD,2014,"19,101"
Sudan,SD,2015,
Sudan,SD,2016,
Sudan,SD,2017,"21,000"
Sudan,SD,2018,
Tunisia,TN,2003,
Tunisia,TN,2004,"26,000"
Tunisia,TN,2005,
Tunisia,TN,2006,
Tunisia,TN,2007,
Tunisia,TN,2008,
Tunisia,TN,2009,"26,319"
Tunisia,TN,2010,
Tunisia,TN,2011,"21,000"
Tunisia,TN,2012,
Tunisia,TN,2013,"25,000"
Tunisia,TN,2014,"23,829"
Tunisia,TN,2015,"25,630"
Tunisia,TN,2016,"23,663"
Tunisia,TN,2017,"22,248"
Tunisia,TN,2018,
Botswana,BW,2003,"5,890"
Botswana,BW,2004,"10,911"
Botswana,BW,2005,"9,778"
Botswana,BW,2006,"9,788"
Botswana,BW,2007,"8,912"
Botswana,BW,2008,"8,865"
Botswana,BW,2009,"8,706"
Botswana,BW,2010,"7,005"
Botswana,BW,2011,"4,712"
Botswana,BW,2012,"4,241"
Botswana,BW,2013,"3,826"
Botswana,BW,2014,"4,131"
Botswana,BW,2015,"3,960"
Botswana,BW,2016,"4,376"
Botswana,BW,2017,"4,343"
Botswana,BW,2018,
Eswatini,Not found,2003,"3,169"
Eswatini,Not found,2004,"2,719"
Eswatini,Not found,2005,"2,667"
Eswatini,Not found,2006,"2,648"
Eswatini,Not found,2007,
Eswatini,Not found,2008,"2,546"
Eswatini,Not found,2009,"2,713"
Eswatini,Not found,2010,
Eswatini,Not found,2011,"3,764"
Eswatini,Not found,2012,"3,411"
Eswatini,Not found,2013,"3,280"
Eswatini,Not found,2014,"3,616"
Eswatini,Not found,2015,"3,610"
Eswatini,Not found,2016,
Eswatini,Not found,2017,
Eswatini,Not found,2018,"3,453"
Lesotho,LS,2003,
Lesotho,LS,2004,"3,173"
Lesotho,LS,2005,"2,712"
Lesotho,LS,2006,"2,508"
Lesotho,LS,2007,"2,852"
Lesotho,LS,2008,"2,594"
Lesotho,LS,2009,"2,555"
Lesotho,LS,2010,"2,498"
Lesotho,LS,2011,
Lesotho,LS,2012,"2,564"
Lesotho,LS,2013,
Lesotho,LS,2014,"2,073"
Lesotho,LS,2015,
Lesotho,LS,2016,
Lesotho,LS,2017,
Lesotho,LS,2018,
Namibia,nan,2003,
Namibia,nan,2004,"4,442"
Namibia,nan,2005,
Namibia,nan,2006,
Namibia,nan,2007,"4,064"
Namibia,nan,2008,
Namibia,nan,2009,
Namibia,nan,2010,"4,251"
Namibia,nan,2011,
Namibia,nan,2012,
Namibia,nan,2013,"7,525"
Namibia,nan,2014,
Namibia,nan,2015,"7,235"
Namibia,nan,2016,"7,400"
Namibia,nan,2017,
Namibia,nan,2018,
South Africa,ZA,2003,"180,952"
South Africa,ZA,2004,"186,739"
South Africa,ZA,2005,"157,402"
South Africa,ZA,2006,
South Africa,ZA,2007,
South Africa,ZA,2008,"164,297"
South Africa,ZA,2009,
South Africa,ZA,2010,"163,312"
South Africa,ZA,2011,"159,265"
South Africa,ZA,2012,"158,165"
South Africa,ZA,2013,"156,370"
South Africa,ZA,2014,"154,648"
South Africa,ZA,2015,"159,771"
South Africa,ZA,2016,
South Africa,ZA,2017,"158,111"
South Africa,ZA,2018,"164,129"
Benin,BJ,2003,
Benin,BJ,2004,
Benin,BJ,2005,
Benin,BJ,2006,"5,834"
Benin,BJ,2007,
Benin,BJ,2008,"6,083"
Benin,BJ,2009,
Benin,BJ,2010,"6,908"
Benin,BJ,2011,
Benin,BJ,2012,"7,247"
Benin,BJ,2013,
Benin,BJ,2014,"7,067"
Benin,BJ,2015,
Benin,BJ,2016,
Benin,BJ,2017,"7,801"
Benin,BJ,2018,
Burkina Faso,BF,2003,
Burkina Faso,BF,2004,"2,799"
Burkina Faso,BF,2005,"3,315"
Burkina Faso,BF,2006,"3,108"
Burkina Faso,BF,2007,"4,207"
Burkina Faso,BF,2008,"4,801"
Burkina Faso,BF,2009,
Burkina Faso,BF,2010,"5,198"
Burkina Faso,BF,2011,"5,039"
Burkina Faso,BF,2012,"5,035"
Burkina Faso,BF,2013,
Burkina Faso,BF,2014,"6,827"
Burkina Faso,BF,2015,"7,544"
Burkina Faso,BF,2016,"7,670"
Burkina Faso,BF,2017,
Burkina Faso,BF,2018,
Cabo Verde,Not found,2003,
Cabo Verde,Not found,2004,
Cabo Verde,Not found,2005,
Cabo Verde,Not found,2006,
Cabo Verde,Not found,2007,
Cabo Verde,Not found,2008,
Cabo Verde,Not found,2009,"1,300"
Cabo Verde,Not found,2010,
Cabo Verde,Not found,2011,
Cabo Verde,Not found,2012,"1,348"
Cabo Verde,Not found,2013,"1,434"
Cabo Verde,Not found,2014,
Cabo Verde,Not found,2015,
Cabo Verde,Not found,2016,"1,569"
Cabo Verde,Not found,2017,"1,542"
Cabo Verde,Not found,2018,"1,567"
C�te d'Ivoire,Not found,2003,
C�te d'Ivoire,Not found,2004,
C�te d'Ivoire,Not found,2005,
C�te d'Ivoire,Not found,2006,"13,385"
C�te d'Ivoire,Not found,2007,
C�te d'Ivoire,Not found,2008,"11,143"
C�te d'Ivoire,Not found,2009,
C�te d'Ivoire,Not found,2010,
C�te d'Ivoire,Not found,2011,
C�te d'Ivoire,Not found,2012,"7,086"
C�te d'Ivoire,Not found,2013,
C�te d'Ivoire,Not found,2014,"10,850"
C�te d'Ivoire,Not found,2015,"12,147"
C�te d'Ivoire,Not found,2016,"11,192"
C�te d'Ivoire,Not found,2017,"16,127"
C�te d'Ivoire,Not found,2018,
Gambia,GM,2003,
Gambia,GM,2004,
Gambia,GM,2005,
Gambia,GM,2006,
Gambia,GM,2007,
Gambia,GM,2008,
Gambia,GM,2009,780
Gambia,GM,2010,
Gambia,GM,2011,"1,000"
Gambia,GM,2012,
Gambia,GM,2013,"1,000"
Gambia,GM,2014,"1,121"
Gambia,GM,2015,
Gambia,GM,2016,
Gambia,GM,2017,
Gambia,GM,2018,
Ghana,GH,2003,"11,397"
Ghana,GH,2004,"11,581"
Ghana,GH,2005,"12,371"
Ghana,GH,2006,"12,847"
Ghana,GH,2007,
Ghana,GH,2008,"14,128"
Ghana,GH,2009,
Ghana,GH,2010,"13,507"
Ghana,GH,2011,
Ghana,GH,2012,"13,487"
Ghana,GH,2013,"14,021"
Ghana,GH,2014,"14,599"
Ghana,GH,2015,"14,337"
Ghana,GH,2016,"14,368"
Ghana,GH,2017,"14,846"
Ghana,GH,2018,"14,467"
Guinea,GN,2003,
Guinea,GN,2004,
Guinea,GN,2005,
Guinea,GN,2006,
Guinea,GN,2007,"2,539"
Guinea,GN,2008,"2,780"
Guinea,GN,2009,
Guinea,GN,2010,"3,800"
Guinea,GN,2011,
Guinea,GN,2012,"2,600"
Guinea,GN,2013,
Guinea,GN,2014,"3,110"
Guinea,GN,2015,
Guinea,GN,2016,"2,900"
Guinea,GN,2017,"3,200"
Guinea,GN,2018,
Guinea-Bissau,GW,2003,
Guinea-Bissau,GW,2004,
Guinea-Bissau,GW,2005,
Guinea-Bissau,GW,2006,
Guinea-Bissau,GW,2007,
Guinea-Bissau,GW,2008,
Guinea-Bissau,GW,2009,
Guinea-Bissau,GW,2010,
Guinea-Bissau,GW,2011,
Guinea-Bissau,GW,2012,
Guinea-Bissau,GW,2013,
Guinea-Bissau,GW,2014,526
Guinea-Bissau,GW,2015,
Guinea-Bissau,GW,2016,
Guinea-Bissau,GW,2017,596
Guinea-Bissau,GW,2018,
Liberia,LR,2003,
Liberia,LR,2004,
Liberia,LR,2005,
Liberia,LR,2006,
Liberia,LR,2007,"1,022"
Liberia,LR,2008,
Liberia,LR,2009,"1,420"
Liberia,LR,2010,
Liberia,LR,2011,"1,601"
Liberia,LR,2012,
Liberia,LR,2013,"1,827"
Liberia,LR,2014,"1,930"
Liberia,LR,2015,"2,104"
Liberia,LR,2016,
Liberia,LR,2017,"2,211"
Liberia,LR,2018,"2,426"
Mali,ML,2003,
Mali,ML,2004,"4,407"
Mali,ML,2005,
Mali,ML,2006,
Mali,ML,2007,
Mali,ML,2008,
Mali,ML,2009,"6,700"
Mali,ML,2010,
Mali,ML,2011,"5,817"
Mali,ML,2012,
Mali,ML,2013,"4,963"
Mali,ML,2014,"5,209"
Mali,ML,2015,
Mali,ML,2016,
Mali,ML,2017,
Mali,ML,2018,
Mauritania,MR,2003,"1,185"
Mauritania,MR,2004,
Mauritania,MR,2005,815
Mauritania,MR,2006,
Mauritania,MR,2007,
Mauritania,MR,2008,
Mauritania,MR,2009,
Mauritania,MR,2010,"1,700"
Mauritania,MR,2011,
Mauritania,MR,2012,"1,602"
Mauritania,MR,2013,
Mauritania,MR,2014,"1,768"
Mauritania,MR,2015,
Mauritania,MR,2016,"1,920"
Mauritania,MR,2017,
Mauritania,MR,2018,
Niger,NE,2003,
Niger,NE,2004,
Niger,NE,2005,"7,432"
Niger,NE,2006,"7,381"
Niger,NE,2007,"6,562"
Niger,NE,2008,"6,664"
Niger,NE,2009,"6,869"
Niger,NE,2010,"5,337"
Niger,NE,2011,"7,645"
Niger,NE,2012,"6,899"
Niger,NE,2013,"8,063"
Niger,NE,2014,
Niger,NE,2015,"8,525"
Niger,NE,2016,
Niger,NE,2017,
Niger,NE,2018,"9,570"
Nigeria,NG,2003,
Nigeria,NG,2004,"38,999"
Nigeria,NG,2005,"39,006"
Nigeria,NG,2006,"40,953"
Nigeria,NG,2007,"39,438"
Nigeria,NG,2008,"41,130"
Nigeria,NG,2009,"42,685"
Nigeria,NG,2010,"47,072"
Nigeria,NG,2011,"48,658"
Nigeria,NG,2012,"51,560"
Nigeria,NG,2013,"55,173"
Nigeria,NG,2014,"56,620"
Nigeria,NG,2015,
Nigeria,NG,2016,"63,142"
Nigeria,NG,2017,"75,772"
Nigeria,NG,2018,"71,522"
Senegal,SN,2003,
Senegal,SN,2004,
Senegal,SN,2005,"25,372"
Senegal,SN,2006,"31,319"
Senegal,SN,2007,"30,340"
Senegal,SN,2008,"31,904"
Senegal,SN,2009,"32,608"
Senegal,SN,2010,"29,609"
Senegal,SN,2011,
Senegal,SN,2012,"8,428"
Senegal,SN,2013,
Senegal,SN,2014,"8,630"
Senegal,SN,2015,
Senegal,SN,2016,"9,310"
Senegal,SN,2017,"9,321"
Senegal,SN,2018,"12,500"
Sierra Leone,SL,2003,
Sierra Leone,SL,2004,"1,400"
Sierra Leone,SL,2005,"1,740"
Sierra Leone,SL,2006,"1,610"
Sierra Leone,SL,2007,"1,978"
Sierra Leone,SL,2008,"1,886"
Sierra Leone,SL,2009,
Sierra Leone,SL,2010,"2,237"
Sierra Leone,SL,2011,
Sierra Leone,SL,2012,"2,762"
Sierra Leone,SL,2013,"3,281"
Sierra Leone,SL,2014,"3,603"
Sierra Leone,SL,2015,"3,488"
Sierra Leone,SL,2016,"3,341"
Sierra Leone,SL,2017,"4,519"
Sierra Leone,SL,2018,"4,519"
Togo,TG,2003,"3,200"
Togo,TG,2004,
Togo,TG,2005,
Togo,TG,2006,
Togo,TG,2007,
Togo,TG,2008,
Togo,TG,2009,
Togo,TG,2010,"4,116"
Togo,TG,2011,
Togo,TG,2012,"4,214"
Togo,TG,2013,
Togo,TG,2014,"4,493"
Togo,TG,2015,"4,422"
Togo,TG,2016,"4,523"
Togo,TG,2017,"4,859"
Togo,TG,2018,"5,109"
Anguilla,AI,2003,
Anguilla,AI,2004,41
Anguilla,AI,2005,
Anguilla,AI,2006,45
Anguilla,AI,2007,
Anguilla,AI,2008,44
Anguilla,AI,2009,
Anguilla,AI,2010,58
Anguilla,AI,2011,
Anguilla,AI,2012,76
Anguilla,AI,2013,
Anguilla,AI,2014,60
Anguilla,AI,2015,
Anguilla,AI,2016,46
Anguilla,AI,2017,55
Anguilla,AI,2018,55
Antigua and Barbuda,AG,2003,
Antigua and Barbuda,AG,2004,191
Antigua and Barbuda,AG,2005,194
Antigua and Barbuda,AG,2006,193
Antigua and Barbuda,AG,2007,
Antigua and Barbuda,AG,2008,229
Antigua and Barbuda,AG,2009,
Antigua and Barbuda,AG,2010,295
Antigua and Barbuda,AG,2011,
Antigua and Barbuda,AG,2012,361
Antigua and Barbuda,AG,2013,371
Antigua and Barbuda,AG,2014,331
Antigua and Barbuda,AG,2015,
Antigua and Barbuda,AG,2016,371
Antigua and Barbuda,AG,2017,305
Antigua and Barbuda,AG,2018,305
Aruba,AW,2003,
Aruba,AW,2004,
Aruba,AW,2005,231
Aruba,AW,2006,
Aruba,AW,2007,277
Aruba,AW,2008,
Aruba,AW,2009,
Aruba,AW,2010,
Aruba,AW,2011,246
Aruba,AW,2012,
Aruba,AW,2013,240
Aruba,AW,2014,170
Aruba,AW,2015,
Aruba,AW,2016,
Aruba,AW,2017,
Aruba,AW,2018,
Bahamas,BS,2003,
Bahamas,BS,2004,"2,829"
Bahamas,BS,2005,"2,897"
Bahamas,BS,2006,"2,416"
Bahamas,BS,2007,"1,325"
Bahamas,BS,2008,"1,321"
Bahamas,BS,2009,"1,250"
Bahamas,BS,2010,"1,278"
Bahamas,BS,2011,"1,360"
Bahamas,BS,2012,"1,433"
Bahamas,BS,2013,
Bahamas,BS,2014,"1,396"
Bahamas,BS,2015,
Bahamas,BS,2016,"1,746"
Bahamas,BS,2017,
Bahamas,BS,2018,"1,778"
Barbados,BB,2003,992
Barbados,BB,2004,
Barbados,BB,2005,997
Barbados,BB,2006,
Barbados,BB,2007,"1,010"
Barbados,BB,2008,"1,046"
Barbados,BB,2009,898
Barbados,BB,2010,910
Barbados,BB,2011,"1,060"
Barbados,BB,2012,"1,045"
Barbados,BB,2013,908
Barbados,BB,2014,864
Barbados,BB,2015,954
Barbados,BB,2016,913
Barbados,BB,2017,885
Barbados,BB,2018,850
British Virgin Islands,Not found,2003,
British Virgin Islands,Not found,2004,
British Virgin Islands,Not found,2005,105
British Virgin Islands,Not found,2006,
British Virgin Islands,Not found,2007,
British Virgin Islands,Not found,2008,117
British Virgin Islands,Not found,2009,
British Virgin Islands,Not found,2010,117
British Virgin Islands,Not found,2011,
British Virgin Islands,Not found,2012,138
British Virgin Islands,Not found,2013,
British Virgin Islands,Not found,2014,134
British Virgin Islands,Not found,2015,
British Virgin Islands,Not found,2016,
British Virgin Islands,Not found,2017,
British Virgin Islands,Not found,2018,
Cayman Islands,KY,2003,
Cayman Islands,KY,2004,188
Cayman Islands,KY,2005,
Cayman Islands,KY,2006,210
Cayman Islands,KY,2007,
Cayman Islands,KY,2008,203
Cayman Islands,KY,2009,
Cayman Islands,KY,2010,212
Cayman Islands,KY,2011,
Cayman Islands,KY,2012,185
Cayman Islands,KY,2013,
Cayman Islands,KY,2014,186
Cayman Islands,KY,2015,189
Cayman Islands,KY,2016,218
Cayman Islands,KY,2017,253
Cayman Islands,KY,2018,253
Cuba,CU,2003,"55,000"
Cuba,CU,2004,
Cuba,CU,2005,
Cuba,CU,2006,"60,000"
Cuba,CU,2007,
Cuba,CU,2008,
Cuba,CU,2009,
Cuba,CU,2010,
Cuba,CU,2011,
Cuba,CU,2012,"57,337"
Cuba,CU,2013,
Cuba,CU,2014,
Cuba,CU,2015,
Cuba,CU,2016,
Cuba,CU,2017,
Cuba,CU,2018,
Cura�ao,Not found,2003,
Cura�ao,Not found,2004,
Cura�ao,Not found,2005,
Cura�ao,Not found,2006,578
Cura�ao,Not found,2007,
Cura�ao,Not found,2008,
Cura�ao,Not found,2009,
Cura�ao,Not found,2010,541
Cura�ao,Not found,2011,
Cura�ao,Not found,2012,440
Cura�ao,Not found,2013,
Cura�ao,Not found,2014,348
Cura�ao,Not found,2015,
Cura�ao,Not found,2016,377
Cura�ao,Not found,2017,
Cura�ao,Not found,2018,
Dominica,DM,2003,243
Dominica,DM,2004,290
Dominica,DM,2005,282
Dominica,DM,2006,301
Dominica,DM,2007,254
Dominica,DM,2008,235
Dominica,DM,2009,
Dominica,DM,2010,295
Dominica,DM,2011,
Dominica,DM,2012,275
Dominica,DM,2013,266
Dominica,DM,2014,187
Dominica,DM,2015,181
Dominica,DM,2016,203
Dominica,DM,2017,190
Dominica,DM,2018,
Dominican Republic,DO,2003,"16,789"
Dominican Republic,DO,2004,"13,008"
Dominican Republic,DO,2005,"12,657"
Dominican Republic,DO,2006,"13,752"
Dominican Republic,DO,2007,
Dominican Republic,DO,2008,"16,718"
Dominican Republic,DO,2009,
Dominican Republic,DO,2010,"20,743"
Dominican Republic,DO,2011,"21,875"
Dominican Republic,DO,2012,"24,044"
Dominican Republic,DO,2013,"24,744"
Dominican Republic,DO,2014,"25,203"
Dominican Republic,DO,2015,"24,602"
Dominican Republic,DO,2016,
Dominican Republic,DO,2017,"26,286"
Dominican Republic,DO,2018,"26,078"
Grenada,GD,2003,
Grenada,GD,2004,182
Grenada,GD,2005,237
Grenada,GD,2006,334
Grenada,GD,2007,367
Grenada,GD,2008,386
Grenada,GD,2009,409
Grenada,GD,2010,438
Grenada,GD,2011,457
Grenada,GD,2012,489
Grenada,GD,2013,480
Grenada,GD,2014,513
Grenada,GD,2015,502
Grenada,GD,2016,457
Grenada,GD,2017,442
Grenada,GD,2018,460
Guadeloupe,GP,2003,695
Guadeloupe,GP,2004,
Guadeloupe,GP,2005,743
Guadeloupe,GP,2006,
Guadeloupe,GP,2007,790
Guadeloupe,GP,2008,
Guadeloupe,GP,2009,
Guadeloupe,GP,2010,
Guadeloupe,GP,2011,784
Guadeloupe,GP,2012,
Guadeloupe,GP,2013,871
Guadeloupe,GP,2014,
Guadeloupe,GP,2015,907
Guadeloupe,GP,2016,
Guadeloupe,GP,2017,956
Guadeloupe,GP,2018,
Haiti,HT,2003,"3,519"
Haiti,HT,2004,
Haiti,HT,2005,"3,670"
Haiti,HT,2006,"4,663"
Haiti,HT,2007,"6,370"
Haiti,HT,2008,"8,204"
Haiti,HT,2009,
Haiti,HT,2010,"5,331"
Haiti,HT,2011,
Haiti,HT,2012,"8,722"
Haiti,HT,2013,"9,936"
Haiti,HT,2014,"10,461"
Haiti,HT,2015,"11,046"
Haiti,HT,2016,"10,538"
Haiti,HT,2017,"8,882"
Haiti,HT,2018,"8,882"
Jamaica,JM,2003,"4,744"
Jamaica,JM,2004,
Jamaica,JM,2005,"4,825"
Jamaica,JM,2006,"4,913"
Jamaica,JM,2007,"4,709"
Jamaica,JM,2008,
Jamaica,JM,2009,"5,163"
Jamaica,JM,2010,
Jamaica,JM,2011,"4,457"
Jamaica,JM,2012,"4,364"
Jamaica,JM,2013,"4,112"
Jamaica,JM,2014,"4,034"
Jamaica,JM,2015,"3,854"
Jamaica,JM,2016,"3,799"
Jamaica,JM,2017,"3,857"
Jamaica,JM,2018,
Martinique,MQ,2003,643
Martinique,MQ,2004,
Martinique,MQ,2005,631
Martinique,MQ,2006,
Martinique,MQ,2007,763
Martinique,MQ,2008,
Martinique,MQ,2009,920
Martinique,MQ,2010,
Martinique,MQ,2011,885
Martinique,MQ,2012,
Martinique,MQ,2013,918
Martinique,MQ,2014,
Martinique,MQ,2015,940
Martinique,MQ,2016,
Martinique,MQ,2017,870
Martinique,MQ,2018,
Puerto Rico,PR,2003,
Puerto Rico,PR,2004,"14,380"
Puerto Rico,PR,2005,"14,263"
Puerto Rico,PR,2006,"13,788"
Puerto Rico,PR,2007,
Puerto Rico,PR,2008,"12,130"
Puerto Rico,PR,2009,"11,258"
Puerto Rico,PR,2010,"10,894"
Puerto Rico,PR,2011,"11,470"
Puerto Rico,PR,2012,"12,244"
Puerto Rico,PR,2013,"12,246"
Puerto Rico,PR,2014,"12,327"
Puerto Rico,PR,2015,"11,364"
Puerto Rico,PR,2016,"10,500"
Puerto Rico,PR,2017,"9,493"
Puerto Rico,PR,2018,"9,100"
Saint Kitts and Nevis,KN,2003,195
Saint Kitts and Nevis,KN,2004,
Saint Kitts and Nevis,KN,2005,
Saint Kitts and Nevis,KN,2006,237
Saint Kitts and Nevis,KN,2007,232
Saint Kitts and Nevis,KN,2008,271
Saint Kitts and Nevis,KN,2009,254
Saint Kitts and Nevis,KN,2010,282
Saint Kitts and Nevis,KN,2011,346
Saint Kitts and Nevis,KN,2012,366
Saint Kitts and Nevis,KN,2013,330
Saint Kitts and Nevis,KN,2014,334
Saint Kitts and Nevis,KN,2015,
Saint Kitts and Nevis,KN,2016,220
Saint Kitts and Nevis,KN,2017,220
Saint Kitts and Nevis,KN,2018,
Saint Lucia,LC,2003,460
Saint Lucia,LC,2004,
Saint Lucia,LC,2005,503
Saint Lucia,LC,2006,
Saint Lucia,LC,2007,
Saint Lucia,LC,2008,518
Saint Lucia,LC,2009,
Saint Lucia,LC,2010,526
Saint Lucia,LC,2011,
Saint Lucia,LC,2012,568
Saint Lucia,LC,2013,
Saint Lucia,LC,2014,634
Saint Lucia,LC,2015,
Saint Lucia,LC,2016,559
Saint Lucia,LC,2017,527
Saint Lucia,LC,2018,
Saint Vincent and the Grenadines,VC,2003,
Saint Vincent and the Grenadines,VC,2004,"1,404"
Saint Vincent and the Grenadines,VC,2005,364
Saint Vincent and the Grenadines,VC,2006,"1,085"
Saint Vincent and the Grenadines,VC,2007,"1,071"
Saint Vincent and the Grenadines,VC,2008,"1,176"
Saint Vincent and the Grenadines,VC,2009,"1,075"
Saint Vincent and the Grenadines,VC,2010,"1,039"
Saint Vincent and the Grenadines,VC,2011,"1,268"
Saint Vincent and the Grenadines,VC,2012,460
Saint Vincent and the Grenadines,VC,2013,
Saint Vincent and the Grenadines,VC,2014,412
Saint Vincent and the Grenadines,VC,2015,
Saint Vincent and the Grenadines,VC,2016,460
Saint Vincent and the Grenadines,VC,2017,469
Saint Vincent and the Grenadines,VC,2018,469
Sint Maarten (Dutch part),SX,2003,
Sint Maarten (Dutch part),SX,2004,
Sint Maarten (Dutch part),SX,2005,
Sint Maarten (Dutch part),SX,2006,
Sint Maarten (Dutch part),SX,2007,94
Sint Maarten (Dutch part),SX,2008,
Sint Maarten (Dutch part),SX,2009,
Sint Maarten (Dutch part),SX,2010,
Sint Maarten (Dutch part),SX,2011,
Sint Maarten (Dutch part),SX,2012,180
Sint Maarten (Dutch part),SX,2013,
Sint Maarten (Dutch part),SX,2014,161
Sint Maarten (Dutch part),SX,2015,
Sint Maarten (Dutch part),SX,2016,
Sint Maarten (Dutch part),SX,2017,120
Sint Maarten (Dutch part),SX,2018,62
Trinidad and Tobago,TT,2003,
Trinidad and Tobago,TT,2004,"3,924"
Trinidad and Tobago,TT,2005,"3,771"
Trinidad and Tobago,TT,2006,"3,700"
Trinidad and Tobago,TT,2007,"3,599"
Trinidad and Tobago,TT,2008,"3,863"
Trinidad and Tobago,TT,2009,"3,719"
Trinidad and Tobago,TT,2010,"3,691"
Trinidad and Tobago,TT,2011,"4,287"
Trinidad and Tobago,TT,2012,"3,710"
Trinidad and Tobago,TT,2013,"3,615"
Trinidad and Tobago,TT,2014,"3,379"
Trinidad and Tobago,TT,2015,
Trinidad and Tobago,TT,2016,
Trinidad and Tobago,TT,2017,"3,999"
Trinidad and Tobago,TT,2018,"3,999"
United States Virgin Islands,Not found,2003,
United States Virgin Islands,Not found,2004,576
United States Virgin Islands,Not found,2005,
United States Virgin Islands,Not found,2006,586
United States Virgin Islands,Not found,2007,
United States Virgin Islands,Not found,2008,612
United States Virgin Islands,Not found,2009,
United States Virgin Islands,Not found,2010,577
United States Virgin Islands,Not found,2011,
United States Virgin Islands,Not found,2012,577
United States Virgin Islands,Not found,2013,577
United States Virgin Islands,Not found,2014,
United States Virgin Islands,Not found,2015,
United States Virgin Islands,Not found,2016,
United States Virgin Islands,Not found,2017,
United States Virgin Islands,Not found,2018,
Belize,BZ,2003,"1,074"
Belize,BZ,2004,"1,149"
Belize,BZ,2005,"1,380"
Belize,BZ,2006,"1,338"
Belize,BZ,2007,
Belize,BZ,2008,"1,365"
Belize,BZ,2009,"2,781"
Belize,BZ,2010,"2,322"
Belize,BZ,2011,"2,288"
Belize,BZ,2012,"2,546"
Belize,BZ,2013,"2,632"
Belize,BZ,2014,"2,606"
Belize,BZ,2015,"1,442"
Belize,BZ,2016,"1,898"
Belize,BZ,2017,"1,297"
Belize,BZ,2018,
Costa Rica,CR,2003,
Costa Rica,CR,2004,"9,056"
Costa Rica,CR,2005,"8,818"
Costa Rica,CR,2006,"7,712"
Costa Rica,CR,2007,"7,500"
Costa Rica,CR,2008,"8,225"
Costa Rica,CR,2009,"9,431"
Costa Rica,CR,2010,"10,541"
Costa Rica,CR,2011,"12,154"
Costa Rica,CR,2012,"13,407"
Costa Rica,CR,2013,"13,647"
Costa Rica,CR,2014,"13,854"
Costa Rica,CR,2015,"13,999"
Costa Rica,CR,2016,"13,338"
Costa Rica,CR,2017,"14,224"
Costa Rica,CR,2018,
El Salvador,SV,2003,
El Salvador,SV,2004,"12,073"
El Salvador,SV,2005,"12,525"
El Salvador,SV,2006,"14,771"
El Salvador,SV,2007,"17,867"
El Salvador,SV,2008,"19,814"
El Salvador,SV,2009,"22,101"
El Salvador,SV,2010,"24,662"
El Salvador,SV,2011,"25,367"
El Salvador,SV,2012,"28,383"
El Salvador,SV,2013,"26,848"
El Salvador,SV,2014,"28,334"
El Salvador,SV,2015,"32,645"
El Salvador,SV,2016,"36,824"
El Salvador,SV,2017,"39,719"
El Salvador,SV,2018,"39,642"
Guatemala,GT,2003,"8,307"
Guatemala,GT,2004,"8,698"
Guatemala,GT,2005,"8,247"
Guatemala,GT,2006,"7,477"
Guatemala,GT,2007,
Guatemala,GT,2008,"8,158"
Guatemala,GT,2009,
Guatemala,GT,2010,"11,148"
Guatemala,GT,2011,
Guatemala,GT,2012,"15,013"
Guatemala,GT,2013,"16,336"
Guatemala,GT,2014,"18,425"
Guatemala,GT,2015,"18,996"
Guatemala,GT,2016,"21,031"
Guatemala,GT,2017,"24,386"
Guatemala,GT,2018,"24,303"
Honduras,HN,2003,
Honduras,HN,2004,"10,931"
Honduras,HN,2005,"11,589"
Honduras,HN,2006,"11,178"
Honduras,HN,2007,
Honduras,HN,2008,"11,390"
Honduras,HN,2009,
Honduras,HN,2010,"11,770"
Honduras,HN,2011,"12,006"
Honduras,HN,2012,"12,095"
Honduras,HN,2013,"13,184"
Honduras,HN,2014,"14,882"
Honduras,HN,2015,"16,158"
Honduras,HN,2016,"17,494"
Honduras,HN,2017,"19,335"
Honduras,HN,2018,"20,728"
Mexico,MX,2003,"185,606"
Mexico,MX,2004,"196,577"
Mexico,MX,2005,"208,272"
Mexico,MX,2006,"211,308"
Mexico,MX,2007,"214,682"
Mexico,MX,2008,"219,754"
Mexico,MX,2009,"186,614"
Mexico,MX,2010,"188,013"
Mexico,MX,2011,"213,758"
Mexico,MX,2012,"207,278"
Mexico,MX,2013,"218,373"
Mexico,MX,2014,"228,021"
Mexico,MX,2015,"221,439"
Mexico,MX,2016,"190,175"
Mexico,MX,2017,"201,903"
Mexico,MX,2018,"196,322"
Nicaragua,NI,2003,
Nicaragua,NI,2004,"6,233"
Nicaragua,NI,2005,"5,536"
Nicaragua,NI,2006,"6,029"
Nicaragua,NI,2007,"6,663"
Nicaragua,NI,2008,"5,925"
Nicaragua,NI,2009,"5,807"
Nicaragua,NI,2010,"6,789"
Nicaragua,NI,2011,
Nicaragua,NI,2012,"9,800"
Nicaragua,NI,2013,
Nicaragua,NI,2014,"10,569"
Nicaragua,NI,2015,
Nicaragua,NI,2016,"14,675"
Nicaragua,NI,2017,
Nicaragua,NI,2018,"20,918"
Panama,PA,2003,
Panama,PA,2004,"12,015"
Panama,PA,2005,"12,262"
Panama,PA,2006,"12,189"
Panama,PA,2007,"12,065"
Panama,PA,2008,"10,217"
Panama,PA,2009,"10,878"
Panama,PA,2010,"12,542"
Panama,PA,2011,"13,207"
Panama,PA,2012,"14,481"
Panama,PA,2013,"14,467"
Panama,PA,2014,"15,690"
Panama,PA,2015,"16,824"
Panama,PA,2016,"16,583"
Panama,PA,2017,"16,155"
Panama,PA,2018,"16,561"
Bermuda,BM,2003,325
Bermuda,BM,2004,364
Bermuda,BM,2005,
Bermuda,BM,2006,305
Bermuda,BM,2007,
Bermuda,BM,2008,
Bermuda,BM,2009,278
Bermuda,BM,2010,
Bermuda,BM,2011,
Bermuda,BM,2012,252
Bermuda,BM,2013,
Bermuda,BM,2014,230
Bermuda,BM,2015,209
Bermuda,BM,2016,
Bermuda,BM,2017,200
Bermuda,BM,2018,173
Canada,CA,2003,"34,153"
Canada,CA,2004,"33,849"
Canada,CA,2005,"35,032"
Canada,CA,2006,"37,452"
Canada,CA,2007,"38,419"
Canada,CA,2008,"39,050"
Canada,CA,2009,"38,804"
Canada,CA,2010,"39,489"
Canada,CA,2011,"40,229"
Canada,CA,2012,"40,718"
Canada,CA,2013,"37,864"
Canada,CA,2014,"40,663"
Canada,CA,2015,"41,169"
Canada,CA,2016,"40,770"
Canada,CA,2017,"39,578"
Canada,CA,2018,
Greenland,GL,2003,
Greenland,GL,2004,111
Greenland,GL,2005,
Greenland,GL,2006,115
Greenland,GL,2007,
Greenland,GL,2008,132
Greenland,GL,2009,
Greenland,GL,2010,171
Greenland,GL,2011,
Greenland,GL,2012,170
Greenland,GL,2013,
Greenland,GL,2014,131
Greenland,GL,2015,126
Greenland,GL,2016,126
Greenland,GL,2017,139
Greenland,GL,2018,
United States of America,US,2003,"2,153,000"
United States of America,US,2004,"2,155,900"
United States of America,US,2005,"2,200,400"
United States of America,US,2006,"2,256,600"
United States of America,US,2007,"2,296,400"
United States of America,US,2008,"2,310,300"
United States of America,US,2009,"2,297,700"
United States of America,US,2010,"2,279,100"
United States of America,US,2011,"2,252,500"
United States of America,US,2012,"2,231,400"
United States of America,US,2013,"2,231,400"
United States of America,US,2014,"2,225,100"
United States of America,US,2015,"2,172,800"
United States of America,US,2016,"2,165,100"
United States of America,US,2017,"2,153,600"
United States of America,US,2018,
Argentina,AR,2003,
Argentina,AR,2004,
Argentina,AR,2005,"55,423"
Argentina,AR,2006,"54,000"
Argentina,AR,2007,"52,457"
Argentina,AR,2008,"54,537"
Argentina,AR,2009,"57,403"
Argentina,AR,2010,"59,227"
Argentina,AR,2011,"60,789"
Argentina,AR,2012,"62,263"
Argentina,AR,2013,"64,288"
Argentina,AR,2014,"69,060"
Argentina,AR,2015,"72,693"
Argentina,AR,2016,"76,261"
Argentina,AR,2017,"85,283"
Argentina,AR,2018,
Bolivia (Plurinational State of),Not found,2003,"6,768"
Bolivia (Plurinational State of),Not found,2004,"6,495"
Bolivia (Plurinational State of),Not found,2005,"7,310"
Bolivia (Plurinational State of),Not found,2006,"7,358"
Bolivia (Plurinational State of),Not found,2007,"7,588"
Bolivia (Plurinational State of),Not found,2008,"7,433"
Bolivia (Plurinational State of),Not found,2009,"8,087"
Bolivia (Plurinational State of),Not found,2010,"8,930"
Bolivia (Plurinational State of),Not found,2011,"11,195"
Bolivia (Plurinational State of),Not found,2012,"14,272"
Bolivia (Plurinational State of),Not found,2013,"14,770"
Bolivia (Plurinational State of),Not found,2014,"14,220"
Bolivia (Plurinational State of),Not found,2015,"13,672"
Bolivia (Plurinational State of),Not found,2016,"16,038"
Bolivia (Plurinational State of),Not found,2017,"17,946"
Bolivia (Plurinational State of),Not found,2018,"18,195"
Brazil,BR,2003,"284,989"
Brazil,BR,2004,"336,358"
Brazil,BR,2005,"361,402"
Brazil,BR,2006,"401,236"
Brazil,BR,2007,"422,590"
Brazil,BR,2008,"451,219"
Brazil,BR,2009,"491,482"
Brazil,BR,2010,"513,954"
Brazil,BR,2011,"534,605"
Brazil,BR,2012,"570,318"
Brazil,BR,2013,"606,208"
Brazil,BR,2014,"607,731"
Brazil,BR,2015,"698,618"
Brazil,BR,2016,"726,712"
Brazil,BR,2017,"700,489"
Brazil,BR,2018,"720,888"
Chile,CL,2003,"38,086"
Chile,CL,2004,"38,064"
Chile,CL,2005,"38,849"
Chile,CL,2006,"42,532"
Chile,CL,2007,"48,090"
Chile,CL,2008,"53,541"
Chile,CL,2009,"58,044"
Chile,CL,2010,"60,148"
Chile,CL,2011,"59,261"
Chile,CL,2012,"56,372"
Chile,CL,2013,"53,050"
Chile,CL,2014,"47,683"
Chile,CL,2015,"46,235"
Chile,CL,2016,"47,305"
Chile,CL,2017,"45,910"
Chile,CL,2018,"45,977"
Colombia,CO,2003,"62,277"
Colombia,CO,2004,"68,020"
Colombia,CO,2005,"66,829"
Colombia,CO,2006,"60,021"
Colombia,CO,2007,"63,603"
Colombia,CO,2008,"69,979"
Colombia,CO,2009,"75,992"
Colombia,CO,2010,"84,444"
Colombia,CO,2011,"100,451"
Colombia,CO,2012,"113,884"
Colombia,CO,2013,"120,032"
Colombia,CO,2014,"113,623"
Colombia,CO,2015,"120,444"
Colombia,CO,2016,"118,532"
Colombia,CO,2017,"114,750"
Colombia,CO,2018,
Ecuador,EC,2003,"9,866"
Ecuador,EC,2004,"11,358"
Ecuador,EC,2005,"11,971"
Ecuador,EC,2006,"12,635"
Ecuador,EC,2007,
Ecuador,EC,2008,"12,067"
Ecuador,EC,2009,
Ecuador,EC,2010,"11,800"
Ecuador,EC,2011,
Ecuador,EC,2012,"21,305"
Ecuador,EC,2013,"25,494"
Ecuador,EC,2014,"24,036"
Ecuador,EC,2015,"28,379"
Ecuador,EC,2016,"34,665"
Ecuador,EC,2017,"37,316"
Ecuador,EC,2018,"37,497"
French Guiana,GF,2003,
French Guiana,GF,2004,691
French Guiana,GF,2005,
French Guiana,GF,2006,630
French Guiana,GF,2007,
French Guiana,GF,2008,658
French Guiana,GF,2009,
French Guiana,GF,2010,715
French Guiana,GF,2011,
French Guiana,GF,2012,654
French Guiana,GF,2013,
French Guiana,GF,2014,680
French Guiana,GF,2015,
French Guiana,GF,2016,879
French Guiana,GF,2017,726
French Guiana,GF,2018,
Guyana,GY,2003,
Guyana,GY,2004,"1,280"
Guyana,GY,2005,"1,461"
Guyana,GY,2006,"1,861"
Guyana,GY,2007,"2,171"
Guyana,GY,2008,"2,117"
Guyana,GY,2009,"2,179"
Guyana,GY,2010,"2,160"
Guyana,GY,2011,"2,035"
Guyana,GY,2012,"2,032"
Guyana,GY,2013,"1,998"
Guyana,GY,2014,
Guyana,GY,2015,"1,998"
Guyana,GY,2016,"2,192"
Guyana,GY,2017,"2,226"
Guyana,GY,2018,"2,144"
Paraguay,PY,2003,
Paraguay,PY,2004,
Paraguay,PY,2005,"6,281"
Paraguay,PY,2006,"6,006"
Paraguay,PY,2007,"5,827"
Paraguay,PY,2008,"5,824"
Paraguay,PY,2009,"6,631"
Paraguay,PY,2010,"6,197"
Paraguay,PY,2011,"7,161"
Paraguay,PY,2012,"8,194"
Paraguay,PY,2013,"9,233"
Paraguay,PY,2014,"10,847"
Paraguay,PY,2015,"12,896"
Paraguay,PY,2016,"13,345"
Paraguay,PY,2017,"14,061"
Paraguay,PY,2018,"14,627"
Peru,PE,2003,"28,836"
Peru,PE,2004,"31,311"
Peru,PE,2005,"33,010"
Peru,PE,2006,"35,835"
Peru,PE,2007,"39,684"
Peru,PE,2008,"43,286"
Peru,PE,2009,"44,406"
Peru,PE,2010,"45,464"
Peru,PE,2011,"49,206"
Peru,PE,2012,"61,390"
Peru,PE,2013,"69,353"
Peru,PE,2014,"73,846"
Peru,PE,2015,"79,185"
Peru,PE,2016,"84,191"
Peru,PE,2017,"85,811"
Peru,PE,2018,"90,934"
Suriname,SR,2003,
Suriname,SR,2004,
Suriname,SR,2005,820
Suriname,SR,2006,
Suriname,SR,2007,
Suriname,SR,2008,
Suriname,SR,2009,915
Suriname,SR,2010,
Suriname,SR,2011,"1,010"
Suriname,SR,2012,
Suriname,SR,2013,"1,050"
Suriname,SR,2014,
Suriname,SR,2015,
Suriname,SR,2016,
Suriname,SR,2017,
Suriname,SR,2018,
Uruguay,UY,2003,"6,523"
Uruguay,UY,2004,"6,396"
Uruguay,UY,2005,"6,211"
Uruguay,UY,2006,"6,887"
Uruguay,UY,2007,
Uruguay,UY,2008,"7,665"
Uruguay,UY,2009,
Uruguay,UY,2010,"8,700"
Uruguay,UY,2011,"9,070"
Uruguay,UY,2012,"9,418"
Uruguay,UY,2013,"9,448"
Uruguay,UY,2014,"9,542"
Uruguay,UY,2015,"9,996"
Uruguay,UY,2016,"10,561"
Uruguay,UY,2017,"11,078"
Uruguay,UY,2018,"10,243"
Venezuela (Bolivarian Republic of),Not found,2003,
Venezuela (Bolivarian Republic of),Not found,2004,"19,951"
Venezuela (Bolivarian Republic of),Not found,2005,
Venezuela (Bolivarian Republic of),Not found,2006,"19,257"
Venezuela (Bolivarian Republic of),Not found,2007,
Venezuela (Bolivarian Republic of),Not found,2008,"24,069"
Venezuela (Bolivarian Republic of),Not found,2009,
Venezuela (Bolivarian Republic of),Not found,2010,"40,825"
Venezuela (Bolivarian Republic of),Not found,2011,
Venezuela (Bolivarian Republic of),Not found,2012,"45,224"
Venezuela (Bolivarian Republic of),Not found,2013,
Venezuela (Bolivarian Republic of),Not found,2014,"51,256"
Venezuela (Bolivarian Republic of),Not found,2015,"49,664"
Venezuela (Bolivarian Republic of),Not found,2016,"54,738"
Venezuela (Bolivarian Republic of),Not found,2017,"57,096"
Venezuela (Bolivarian Republic of),Not found,2018,
Kazakhstan,KZ,2003,
Kazakhstan,KZ,2004,
Kazakhstan,KZ,2005,"52,203"
Kazakhstan,KZ,2006,"51,544"
Kazakhstan,KZ,2007,
Kazakhstan,KZ,2008,"48,270"
Kazakhstan,KZ,2009,"50,495"
Kazakhstan,KZ,2010,"55,140"
Kazakhstan,KZ,2011,"49,401"
Kazakhstan,KZ,2012,"45,335"
Kazakhstan,KZ,2013,"42,052"
Kazakhstan,KZ,2014,"43,220"
Kazakhstan,KZ,2015,"42,114"
Kazakhstan,KZ,2016,"39,179"
Kazakhstan,KZ,2017,"36,343"
Kazakhstan,KZ,2018,
Kyrgyzstan,KG,2003,"16,934"
Kyrgyzstan,KG,2004,"16,620"
Kyrgyzstan,KG,2005,"15,758"
Kyrgyzstan,KG,2006,"15,127"
Kyrgyzstan,KG,2007,"14,408"
Kyrgyzstan,KG,2008,"9,607"
Kyrgyzstan,KG,2009,
Kyrgyzstan,KG,2010,"9,923"
Kyrgyzstan,KG,2011,
Kyrgyzstan,KG,2012,"9,828"
Kyrgyzstan,KG,2013,"9,997"
Kyrgyzstan,KG,2014,"9,581"
Kyrgyzstan,KG,2015,"10,147"
Kyrgyzstan,KG,2016,"10,328"
Kyrgyzstan,KG,2017,"10,574"
Kyrgyzstan,KG,2018,"11,163"
Tajikistan,TJ,2003,"10,000"
Tajikistan,TJ,2004,
Tajikistan,TJ,2005,
Tajikistan,TJ,2006,"10,804"
Tajikistan,TJ,2007,
Tajikistan,TJ,2008,"7,350"
Tajikistan,TJ,2009,
Tajikistan,TJ,2010,"9,317"
Tajikistan,TJ,2011,
Tajikistan,TJ,2012,
Tajikistan,TJ,2013,
Tajikistan,TJ,2014,
Tajikistan,TJ,2015,
Tajikistan,TJ,2016,
Tajikistan,TJ,2017,
Tajikistan,TJ,2018,
Turkmenistan,TM,2003,"15,460"
Turkmenistan,TM,2004,"14,015"
Turkmenistan,TM,2005,"13,462"
Turkmenistan,TM,2006,"10,953"
Turkmenistan,TM,2007,
Turkmenistan,TM,2008,
Turkmenistan,TM,2009,
Turkmenistan,TM,2010,"26,500"
Turkmenistan,TM,2011,
Turkmenistan,TM,2012,
Turkmenistan,TM,2013,"30,568"
Turkmenistan,TM,2014,
Turkmenistan,TM,2015,
Turkmenistan,TM,2016,
Turkmenistan,TM,2017,"30,452"
Turkmenistan,TM,2018,
Uzbekistan,UZ,2003,"48,000"
Uzbekistan,UZ,2004,
Uzbekistan,UZ,2005,
Uzbekistan,UZ,2006,
Uzbekistan,UZ,2007,"34,000"
Uzbekistan,UZ,2008,
Uzbekistan,UZ,2009,"42,000"
Uzbekistan,UZ,2010,
Uzbekistan,UZ,2011,
Uzbekistan,UZ,2012,"42,000"
Uzbekistan,UZ,2013,
Uzbekistan,UZ,2014,"43,900"
Uzbekistan,UZ,2015,
Uzbekistan,UZ,2016,
Uzbekistan,UZ,2017,
Uzbekistan,UZ,2018,
China,CN,2003,"1,546,130"
China,CN,2004,"1,562,742"
China,CN,2005,"1,558,511"
China,CN,2006,"1,565,711"
China,CN,2007,"1,566,839"
China,CN,2008,"1,589,222"
China,CN,2009,"1,623,394"
China,CN,2010,"1,646,593"
China,CN,2011,"1,656,773"
China,CN,2012,"1,641,931"
China,CN,2013,"1,680,000"
China,CN,2014,"1,649,804"
China,CN,2015,"1,604,394"
China,CN,2016,"1,561,086"
China,CN,2017,
China,CN,2018,
"China, Hong Kong SAR",Not found,2003,"13,012"
"China, Hong Kong SAR",Not found,2004,"12,558"
"China, Hong Kong SAR",Not found,2005,"11,530"
"China, Hong Kong SAR",Not found,2006,"11,640"
"China, Hong Kong SAR",Not found,2007,"11,220"
"China, Hong Kong SAR",Not found,2008,"10,738"
"China, Hong Kong SAR",Not found,2009,"10,118"
"China, Hong Kong SAR",Not found,2010,"10,159"
"China, Hong Kong SAR",Not found,2011,"9,294"
"China, Hong Kong SAR",Not found,2012,"9,468"
"China, Hong Kong SAR",Not found,2013,"9,192"
"China, Hong Kong SAR",Not found,2014,"8,297"
"China, Hong Kong SAR",Not found,2015,"8,460"
"China, Hong Kong SAR",Not found,2016,"8,611"
"China, Hong Kong SAR",Not found,2017,"8,506"
"China, Hong Kong SAR",Not found,2018,"8,237"
"China, Macao SAR",Not found,2003,
"China, Macao SAR",Not found,2004,867
"China, Macao SAR",Not found,2005,897
"China, Macao SAR",Not found,2006,859
"China, Macao SAR",Not found,2007,
"China, Macao SAR",Not found,2008,912
"China, Macao SAR",Not found,2009,930
"China, Macao SAR",Not found,2010,929
"China, Macao SAR",Not found,2011,"1,030"
"China, Macao SAR",Not found,2012,"1,112"
"China, Macao SAR",Not found,2013,"1,154"
"China, Macao SAR",Not found,2014,"1,205"
"China, Macao SAR",Not found,2015,"1,280"
"China, Macao SAR",Not found,2016,"1,271"
"China, Macao SAR",Not found,2017,"1,284"
"China, Macao SAR",Not found,2018,"1,458"
"China, Taiwan Province of China",Not found,2003,
"China, Taiwan Province of China",Not found,2004,"56,786"
"China, Taiwan Province of China",Not found,2005,"60,122"
"China, Taiwan Province of China",Not found,2006,"63,226"
"China, Taiwan Province of China",Not found,2007,
"China, Taiwan Province of China",Not found,2008,"63,203"
"China, Taiwan Province of China",Not found,2009,
"China, Taiwan Province of China",Not found,2010,"65,311"
"China, Taiwan Province of China",Not found,2011,"64,420"
"China, Taiwan Province of China",Not found,2012,"66,106"
"China, Taiwan Province of China",Not found,2013,"65,288"
"China, Taiwan Province of China",Not found,2014,"63,452"
"China, Taiwan Province of China",Not found,2015,"63,322"
"China, Taiwan Province of China",Not found,2016,"62,398"
"China, Taiwan Province of China",Not found,2017,"62,634"
"China, Taiwan Province of China",Not found,2018,"62,634"
Japan,JP,2003,"73,734"
Japan,JP,2004,"76,413"
Japan,JP,2005,"79,055"
Japan,JP,2006,"81,255"
Japan,JP,2007,"79,809"
Japan,JP,2008,"76,881"
Japan,JP,2009,"75,250"
Japan,JP,2010,"72,975"
Japan,JP,2011,"69,876"
Japan,JP,2012,"67,008"
Japan,JP,2013,"62,971"
Japan,JP,2014,"60,486"
Japan,JP,2015,"58,497"
Japan,JP,2016,"55,967"
Japan,JP,2017,"53,233"
Japan,JP,2018,"50,578"
Mongolia,MN,2003,"7,665"
Mongolia,MN,2004,"8,098"
Mongolia,MN,2005,"8,906"
Mongolia,MN,2006,"6,740"
Mongolia,MN,2007,"7,920"
Mongolia,MN,2008,"8,158"
Mongolia,MN,2009,"6,532"
Mongolia,MN,2010,"7,421"
Mongolia,MN,2011,"8,011"
Mongolia,MN,2012,"8,145"
Mongolia,MN,2013,"8,068"
Mongolia,MN,2014,"7,690"
Mongolia,MN,2015,"5,471"
Mongolia,MN,2016,"5,692"
Mongolia,MN,2017,"3,869"
Mongolia,MN,2018,"4,804"
Republic of Korea,Not found,2003,"57,336"
Republic of Korea,Not found,2004,"54,796"
Republic of Korea,Not found,2005,"47,311"
Republic of Korea,Not found,2006,"45,651"
Republic of Korea,Not found,2007,"45,647"
Republic of Korea,Not found,2008,"47,966"
Republic of Korea,Not found,2009,"48,228"
Republic of Korea,Not found,2010,"45,681"
Republic of Korea,Not found,2011,"45,038"
Republic of Korea,Not found,2012,"46,708"
Republic of Korea,Not found,2013,"48,824"
Republic of Korea,Not found,2014,"51,761"
Republic of Korea,Not found,2015,"54,667"
Republic of Korea,Not found,2016,"57,675"
Republic of Korea,Not found,2017,"55,198"
Republic of Korea,Not found,2018,"54,169"
Brunei Darussalam,BN,2003,457
Brunei Darussalam,BN,2004,443
Brunei Darussalam,BN,2005,492
Brunei Darussalam,BN,2006,522
Brunei Darussalam,BN,2007,486
Brunei Darussalam,BN,2008,453
Brunei Darussalam,BN,2009,
Brunei Darussalam,BN,2010,379
Brunei Darussalam,BN,2011,
Brunei Darussalam,BN,2012,485
Brunei Darussalam,BN,2013,
Brunei Darussalam,BN,2014,594
Brunei Darussalam,BN,2015,565
Brunei Darussalam,BN,2016,
Brunei Darussalam,BN,2017,
Brunei Darussalam,BN,2018,
Cambodia,KH,2003,
Cambodia,KH,2004,"6,778"
Cambodia,KH,2005,"8,160"
Cambodia,KH,2006,"10,338"
Cambodia,KH,2007,"10,337"
Cambodia,KH,2008,"11,688"
Cambodia,KH,2009,
Cambodia,KH,2010,"14,043"
Cambodia,KH,2011,
Cambodia,KH,2012,"15,397"
Cambodia,KH,2013,
Cambodia,KH,2014,"15,182"
Cambodia,KH,2015,
Cambodia,KH,2016,"21,989"
Cambodia,KH,2017,"31,008"
Cambodia,KH,2018,"31,008"
Indonesia,ID,2003,"84,357"
Indonesia,ID,2004,"87,185"
Indonesia,ID,2005,"97,691"
Indonesia,ID,2006,"116,688"
Indonesia,ID,2007,
Indonesia,ID,2008,"137,144"
Indonesia,ID,2009,
Indonesia,ID,2010,"117,863"
Indonesia,ID,2011,
Indonesia,ID,2012,"156,446"
Indonesia,ID,2013,"160,061"
Indonesia,ID,2014,"159,964"
Indonesia,ID,2015,"173,572"
Indonesia,ID,2016,"202,621"
Indonesia,ID,2017,"232,081"
Indonesia,ID,2018,"256,051"
Lao People's Democratic Republic,LA,2003,
Lao People's Democratic Republic,LA,2004,
Lao People's Democratic Republic,LA,2005,
Lao People's Democratic Republic,LA,2006,
Lao People's Democratic Republic,LA,2007,
Lao People's Democratic Republic,LA,2008,
Lao People's Democratic Republic,LA,2009,
Lao People's Democratic Republic,LA,2010,
Lao People's Democratic Republic,LA,2011,
Lao People's Democratic Republic,LA,2012,
Lao People's Democratic Republic,LA,2013,
Lao People's Democratic Republic,LA,2014,
Lao People's Democratic Republic,LA,2015,"8,201"
Lao People's Democratic Republic,LA,2016,
Lao People's Democratic Republic,LA,2017,
Lao People's Democratic Republic,LA,2018,
Malaysia,MY,2003,
Malaysia,MY,2004,"43,424"
Malaysia,MY,2005,"35,644"
Malaysia,MY,2006,"42,389"
Malaysia,MY,2007,"50,305"
Malaysia,MY,2008,"39,440"
Malaysia,MY,2009,
Malaysia,MY,2010,"38,387"
Malaysia,MY,2011,
Malaysia,MY,2012,"36,608"
Malaysia,MY,2013,"39,144"
Malaysia,MY,2014,"47,986"
Malaysia,MY,2015,"51,109"
Malaysia,MY,2016,"51,602"
Malaysia,MY,2017,"55,413"
Malaysia,MY,2018,
Myanmar,MM,2003,
Myanmar,MM,2004,"60,000"
Myanmar,MM,2005,
Myanmar,MM,2006,
Myanmar,MM,2007,"65,063"
Myanmar,MM,2008,
Myanmar,MM,2009,"60,053"
Myanmar,MM,2010,
Myanmar,MM,2011,"66,000"
Myanmar,MM,2012,
Myanmar,MM,2013,"60,000"
Myanmar,MM,2014,
Myanmar,MM,2015,
Myanmar,MM,2016,"79,668"
Myanmar,MM,2017,"79,668"
Myanmar,MM,2018,"92,000"
Philippines,PH,2003,
Philippines,PH,2004,"83,501"
Philippines,PH,2005,
Philippines,PH,2006,"91,200"
Philippines,PH,2007,
Philippines,PH,2008,"94,961"
Philippines,PH,2009,
Philippines,PH,2010,"95,390"
Philippines,PH,2011,"100,590"
Philippines,PH,2012,"106,623"
Philippines,PH,2013,"110,747"
Philippines,PH,2014,"124,550"
Philippines,PH,2015,"139,469"
Philippines,PH,2016,"170,543"
Philippines,PH,2017,
Philippines,PH,2018,"194,658"
Singapore,SG,2003,"17,375"
Singapore,SG,2004,"15,623"
Singapore,SG,2005,"14,453"
Singapore,SG,2006,"12,761"
Singapore,SG,2007,"12,410"
Singapore,SG,2008,"12,500"
Singapore,SG,2009,"13,428"
Singapore,SG,2010,"13,604"
Singapore,SG,2011,"13,164"
Singapore,SG,2012,"12,975"
Singapore,SG,2013,"13,334"
Singapore,SG,2014,"12,794"
Singapore,SG,2015,"12,640"
Singapore,SG,2016,"12,454"
Singapore,SG,2017,"11,931"
Singapore,SG,2018,"11,961"
Thailand,TH,2003,
Thailand,TH,2004,"167,142"
Thailand,TH,2005,"162,293"
Thailand,TH,2006,"151,586"
Thailand,TH,2007,
Thailand,TH,2008,"185,082"
Thailand,TH,2009,"213,094"
Thailand,TH,2010,"210,855"
Thailand,TH,2011,"224,492"
Thailand,TH,2012,"234,895"
Thailand,TH,2013,"279,854"
Thailand,TH,2014,"317,980"
Thailand,TH,2015,"323,473"
Thailand,TH,2016,"325,298"
Thailand,TH,2017,"372,979"
Thailand,TH,2018,"366,316"
Timor-Leste,TL,2003,320
Timor-Leste,TL,2004,
Timor-Leste,TL,2005,
Timor-Leste,TL,2006,
Timor-Leste,TL,2007,
Timor-Leste,TL,2008,179
Timor-Leste,TL,2009,223
Timor-Leste,TL,2010,
Timor-Leste,TL,2011,260
Timor-Leste,TL,2012,295
Timor-Leste,TL,2013,
Timor-Leste,TL,2014,
Timor-Leste,TL,2015,581
Timor-Leste,TL,2016,
Timor-Leste,TL,2017,659
Timor-Leste,TL,2018,695
Viet Nam,VN,2003,
Viet Nam,VN,2004,
Viet Nam,VN,2005,"88,414"
Viet Nam,VN,2006,
Viet Nam,VN,2007,"92,153"
Viet Nam,VN,2008,
Viet Nam,VN,2009,"107,668"
Viet Nam,VN,2010,
Viet Nam,VN,2011,"113,018"
Viet Nam,VN,2012,"130,180"
Viet Nam,VN,2013,
Viet Nam,VN,2014,"142,636"
Viet Nam,VN,2015,"136,245"
Viet Nam,VN,2016,"130,679"
Viet Nam,VN,2017,"130,002"
Viet Nam,VN,2018,
Afghanistan,AF,2003,
Afghanistan,AF,2004,"5,262"
Afghanistan,AF,2005,
Afghanistan,AF,2006,"7,706"
Afghanistan,AF,2007,"10,590"
Afghanistan,AF,2008,"12,500"
Afghanistan,AF,2009,
Afghanistan,AF,2010,"18,283"
Afghanistan,AF,2011,
Afghanistan,AF,2012,"24,613"
Afghanistan,AF,2013,
Afghanistan,AF,2014,"26,519"
Afghanistan,AF,2015,
Afghanistan,AF,2016,
Afghanistan,AF,2017,"30,000"
Afghanistan,AF,2018,
Bangladesh,BD,2003,
Bangladesh,BD,2004,"73,154"
Bangladesh,BD,2005,"72,268"
Bangladesh,BD,2006,"66,200"
Bangladesh,BD,2007,
Bangladesh,BD,2008,"86,838"
Bangladesh,BD,2009,
Bangladesh,BD,2010,"69,650"
Bangladesh,BD,2011,
Bangladesh,BD,2012,"68,700"
Bangladesh,BD,2013,"72,104"
Bangladesh,BD,2014,"65,662"
Bangladesh,BD,2015,"71,647"
Bangladesh,BD,2016,"73,177"
Bangladesh,BD,2017,"88,424"
Bangladesh,BD,2018,"83,350"
Bhutan,BT,2003,
Bhutan,BT,2004,
Bhutan,BT,2005,
Bhutan,BT,2006,
Bhutan,BT,2007,
Bhutan,BT,2008,
Bhutan,BT,2009,
Bhutan,BT,2010,
Bhutan,BT,2011,"1,001"
Bhutan,BT,2012,"1,087"
Bhutan,BT,2013,"1,084"
Bhutan,BT,2014,"1,119"
Bhutan,BT,2015,
Bhutan,BT,2016,
Bhutan,BT,2017,
Bhutan,BT,2018,
India,IN,2003,"313,635"
India,IN,2004,"331,391"
India,IN,2005,"358,368"
India,IN,2006,"373,271"
India,IN,2007,"376,396"
India,IN,2008,"384,753"
India,IN,2009,"376,969"
India,IN,2010,"368,998"
India,IN,2011,"372,926"
India,IN,2012,"385,135"
India,IN,2013,"411,992"
India,IN,2014,"418,536"
India,IN,2015,"419,623"
India,IN,2016,"433,003"
India,IN,2017,
India,IN,2018,
Iran (Islamic Republic of),Not found,2003,"157,267"
Iran (Islamic Republic of),Not found,2004,
Iran (Islamic Republic of),Not found,2005,"134,384"
Iran (Islamic Republic of),Not found,2006,
Iran (Islamic Republic of),Not found,2007,"148,843"
Iran (Islamic Republic of),Not found,2008,
Iran (Islamic Republic of),Not found,2009,"168,516"
Iran (Islamic Republic of),Not found,2010,
Iran (Islamic Republic of),Not found,2011,"250,000"
Iran (Islamic Republic of),Not found,2012,
Iran (Islamic Republic of),Not found,2013,"226,220"
Iran (Islamic Republic of),Not found,2014,"225,624"
Iran (Islamic Republic of),Not found,2015,
Iran (Islamic Republic of),Not found,2016,
Iran (Islamic Republic of),Not found,2017,"230,000"
Iran (Islamic Republic of),Not found,2018,"240,000"
Maldives,MV,2003,
Maldives,MV,2004,"1,110"
Maldives,MV,2005,
Maldives,MV,2006,"1,489"
Maldives,MV,2007,
Maldives,MV,2008,993
Maldives,MV,2009,
Maldives,MV,2010,830
Maldives,MV,2011,
Maldives,MV,2012,994
Maldives,MV,2013,
Maldives,MV,2014,"1,200"
Maldives,MV,2015,"1,513"
Maldives,MV,2016,"1,880"
Maldives,MV,2017,"1,852"
Maldives,MV,2018,
Nepal,NP,2003,
Nepal,NP,2004,"6,393"
Nepal,NP,2005,
Nepal,NP,2006,"5,580"
Nepal,NP,2007,
Nepal,NP,2008,"8,401"
Nepal,NP,2009,
Nepal,NP,2010,"10,739"
Nepal,NP,2011,
Nepal,NP,2012,"14,936"
Nepal,NP,2013,
Nepal,NP,2014,"16,813"
Nepal,NP,2015,
Nepal,NP,2016,"17,966"
Nepal,NP,2017,"18,881"
Nepal,NP,2018,
Pakistan,PK,2003,
Pakistan,PK,2004,"88,659"
Pakistan,PK,2005,"89,370"
Pakistan,PK,2006,"86,500"
Pakistan,PK,2007,"90,000"
Pakistan,PK,2008,
Pakistan,PK,2009,"81,409"
Pakistan,PK,2010,"75,586"
Pakistan,PK,2011,"78,100"
Pakistan,PK,2012,"74,944"
Pakistan,PK,2013,
Pakistan,PK,2014,"79,700"
Pakistan,PK,2015,"80,169"
Pakistan,PK,2016,"84,315"
Pakistan,PK,2017,"83,718"
Pakistan,PK,2018,"83,718"
Sri Lanka,LK,2003,
Sri Lanka,LK,2004,"20,661"
Sri Lanka,LK,2005,"22,114"
Sri Lanka,LK,2006,"22,867"
Sri Lanka,LK,2007,"26,349"
Sri Lanka,LK,2008,"28,582"
Sri Lanka,LK,2009,"27,151"
Sri Lanka,LK,2010,"26,025"
Sri Lanka,LK,2011,"23,213"
Sri Lanka,LK,2012,"23,215"
Sri Lanka,LK,2013,"27,000"
Sri Lanka,LK,2014,"19,774"
Sri Lanka,LK,2015,"19,067"
Sri Lanka,LK,2016,"17,478"
Sri Lanka,LK,2017,"20,598"
Sri Lanka,LK,2018,
Armenia,AM,2003,"2,856"
Armenia,AM,2004,"2,710"
Armenia,AM,2005,"2,873"
Armenia,AM,2006,"3,083"
Armenia,AM,2007,"3,539"
Armenia,AM,2008,"3,965"
Armenia,AM,2009,"4,313"
Armenia,AM,2010,"5,142"
Armenia,AM,2011,"4,532"
Armenia,AM,2012,"4,756"
Armenia,AM,2013,"3,923"
Armenia,AM,2014,"3,880"
Armenia,AM,2015,"3,873"
Armenia,AM,2016,"3,833"
Armenia,AM,2017,"3,536"
Armenia,AM,2018,"2,266"
Azerbaijan,AZ,2003,
Azerbaijan,AZ,2004,"18,504"
Azerbaijan,AZ,2005,"17,845"
Azerbaijan,AZ,2006,"18,656"
Azerbaijan,AZ,2007,"19,559"
Azerbaijan,AZ,2008,"20,986"
Azerbaijan,AZ,2009,"20,651"
Azerbaijan,AZ,2010,"21,971"
Azerbaijan,AZ,2011,"20,546"
Azerbaijan,AZ,2012,"20,782"
Azerbaijan,AZ,2013,"20,669"
Azerbaijan,AZ,2014,"22,526"
Azerbaijan,AZ,2015,
Azerbaijan,AZ,2016,"23,311"
Azerbaijan,AZ,2017,"23,319"
Azerbaijan,AZ,2018,"21,861"
Bahrain,BH,2003,437
Bahrain,BH,2004,701
Bahrain,BH,2005,513
Bahrain,BH,2006,522
Bahrain,BH,2007,"3,567"
Bahrain,BH,2008,"3,103"
Bahrain,BH,2009,
Bahrain,BH,2010,"1,100"
Bahrain,BH,2011,
Bahrain,BH,2012,"2,307"
Bahrain,BH,2013,"4,028"
Bahrain,BH,2014,
Bahrain,BH,2015,"3,795"
Bahrain,BH,2016,
Bahrain,BH,2017,"3,485"
Bahrain,BH,2018,
Cyprus,CY,2003,359
Cyprus,CY,2004,454
Cyprus,CY,2005,502
Cyprus,CY,2006,578
Cyprus,CY,2007,547
Cyprus,CY,2008,652
Cyprus,CY,2009,578
Cyprus,CY,2010,636
Cyprus,CY,2011,622
Cyprus,CY,2012,678
Cyprus,CY,2013,553
Cyprus,CY,2014,532
Cyprus,CY,2015,547
Cyprus,CY,2016,586
Cyprus,CY,2017,592
Cyprus,CY,2018,619
Georgia,GE,2003,"6,119"
Georgia,GE,2004,"7,867"
Georgia,GE,2005,"9,144"
Georgia,GE,2006,"15,464"
Georgia,GE,2007,"18,309"
Georgia,GE,2008,"18,659"
Georgia,GE,2009,"21,239"
Georgia,GE,2010,"23,684"
Georgia,GE,2011,"24,114"
Georgia,GE,2012,"19,349"
Georgia,GE,2013,"9,093"
Georgia,GE,2014,"10,372"
Georgia,GE,2015,"9,716"
Georgia,GE,2016,"9,334"
Georgia,GE,2017,"9,990"
Georgia,GE,2018,"9,575"
Iraq (Central Iraq),Not found,2003,
Iraq (Central Iraq),Not found,2004,
Iraq (Central Iraq),Not found,2005,
Iraq (Central Iraq),Not found,2006,
Iraq (Central Iraq),Not found,2007,
Iraq (Central Iraq),Not found,2008,"16,767"
Iraq (Central Iraq),Not found,2009,"20,104"
Iraq (Central Iraq),Not found,2010,"24,965"
Iraq (Central Iraq),Not found,2011,"26,369"
Iraq (Central Iraq),Not found,2012,"31,187"
Iraq (Central Iraq),Not found,2013,"30,499"
Iraq (Central Iraq),Not found,2014,
Iraq (Central Iraq),Not found,2015,
Iraq (Central Iraq),Not found,2016,
Iraq (Central Iraq),Not found,2017,
Iraq (Central Iraq),Not found,2018,
Iraq (Kurdistan Region),Not found,2003,
Iraq (Kurdistan Region),Not found,2004,
Iraq (Kurdistan Region),Not found,2005,
Iraq (Kurdistan Region),Not found,2006,
Iraq (Kurdistan Region),Not found,2007,
Iraq (Kurdistan Region),Not found,2008,
Iraq (Kurdistan Region),Not found,2009,"1,804"
Iraq (Kurdistan Region),Not found,2010,"1,853"
Iraq (Kurdistan Region),Not found,2011,"2,296"
Iraq (Kurdistan Region),Not found,2012,"1,697"
Iraq (Kurdistan Region),Not found,2013,"2,599"
Iraq (Kurdistan Region),Not found,2014,
Iraq (Kurdistan Region),Not found,2015,
Iraq (Kurdistan Region),Not found,2016,
Iraq (Kurdistan Region),Not found,2017,
Iraq (Kurdistan Region),Not found,2018,
Israel,IL,2003,"12,228"
Israel,IL,2004,"13,909"
Israel,IL,2005,"16,055"
Israel,IL,2006,"20,617"
Israel,IL,2007,"21,949"
Israel,IL,2008,"21,905"
Israel,IL,2009,
Israel,IL,2010,"20,191"
Israel,IL,2011,"18,967"
Israel,IL,2012,"20,291"
Israel,IL,2013,"18,610"
Israel,IL,2014,"20,781"
Israel,IL,2015,
Israel,IL,2016,"20,368"
Israel,IL,2017,"19,325"
Israel,IL,2018,"19,376"
Jordan,JO,2003,
Jordan,JO,2004,
Jordan,JO,2005,"6,378"
Jordan,JO,2006,"6,166"
Jordan,JO,2007,"6,633"
Jordan,JO,2008,"7,077"
Jordan,JO,2009,"7,206"
Jordan,JO,2010,"8,434"
Jordan,JO,2011,"6,262"
Jordan,JO,2012,"7,714"
Jordan,JO,2013,"8,000"
Jordan,JO,2014,"10,089"
Jordan,JO,2015,"11,489"
Jordan,JO,2016,
Jordan,JO,2017,"15,700"
Jordan,JO,2018,
Kuwait,KW,2003,"3,700"
Kuwait,KW,2004,
Kuwait,KW,2005,"3,500"
Kuwait,KW,2006,
Kuwait,KW,2007,
Kuwait,KW,2008,
Kuwait,KW,2009,"4,045"
Kuwait,KW,2010,"4,179"
Kuwait,KW,2011,"4,100"
Kuwait,KW,2012,
Kuwait,KW,2013,"2,900"
Kuwait,KW,2014,"3,200"
Kuwait,KW,2015,"4,000"
Kuwait,KW,2016,"5,400"
Kuwait,KW,2017,"6,000"
Kuwait,KW,2018,
Lebanon,LB,2003,"6,382"
Lebanon,LB,2004,"5,990"
Lebanon,LB,2005,"6,921"
Lebanon,LB,2006,"6,101"
Lebanon,LB,2007,"5,870"
Lebanon,LB,2008,"4,686"
Lebanon,LB,2009,"4,901"
Lebanon,LB,2010,"5,060"
Lebanon,LB,2011,"5,169"
Lebanon,LB,2012,"5,060"
Lebanon,LB,2013,"5,393"
Lebanon,LB,2014,"6,365"
Lebanon,LB,2015,"6,325"
Lebanon,LB,2016,"6,217"
Lebanon,LB,2017,"6,458"
Lebanon,LB,2018,"6,330"
Oman,OM,2003,
Oman,OM,2004,
Oman,OM,2005,
Oman,OM,2006,
Oman,OM,2007,
Oman,OM,2008,
Oman,OM,2009,
Oman,OM,2010,
Oman,OM,2011,
Oman,OM,2012,
Oman,OM,2013,
Oman,OM,2014,
Oman,OM,2015,
Oman,OM,2016,
Oman,OM,2017,
Oman,OM,2018,
Qatar,QA,2003,569
Qatar,QA,2004,564
Qatar,QA,2005,522
Qatar,QA,2006,805
Qatar,QA,2007,449
Qatar,QA,2008,551
Qatar,QA,2009,
Qatar,QA,2010,
Qatar,QA,2011,"1,150"
Qatar,QA,2012,
Qatar,QA,2013,"1,150"
Qatar,QA,2014,"1,150"
Qatar,QA,2015,
Qatar,QA,2016,
Qatar,QA,2017,
Qatar,QA,2018,
Saudi Arabia,SA,2003,
Saudi Arabia,SA,2004,
Saudi Arabia,SA,2005,
Saudi Arabia,SA,2006,
Saudi Arabia,SA,2007,
Saudi Arabia,SA,2008,
Saudi Arabia,SA,2009,"44,600"
Saudi Arabia,SA,2010,
Saudi Arabia,SA,2011,"49,000"
Saudi Arabia,SA,2012,
Saudi Arabia,SA,2013,"47,000"
Saudi Arabia,SA,2014,
Saudi Arabia,SA,2015,
Saudi Arabia,SA,2016,
Saudi Arabia,SA,2017,"68,056"
Saudi Arabia,SA,2018,
State of Palestine,Not found,2003,
State of Palestine,Not found,2004,
State of Palestine,Not found,2005,
State of Palestine,Not found,2006,
State of Palestine,Not found,2007,
State of Palestine,Not found,2008,
State of Palestine,Not found,2009,
State of Palestine,Not found,2010,
State of Palestine,Not found,2011,
State of Palestine,Not found,2012,
State of Palestine,Not found,2013,
State of Palestine,Not found,2014,
State of Palestine,Not found,2015,
State of Palestine,Not found,2016,"1,077"
State of Palestine,Not found,2017,"1,110"
State of Palestine,Not found,2018,"1,078"
Syrian Arab Republic,SY,2003,"11,829"
Syrian Arab Republic,SY,2004,"10,599"
Syrian Arab Republic,SY,2005,
Syrian Arab Republic,SY,2006,
Syrian Arab Republic,SY,2007,
Syrian Arab Republic,SY,2008,
Syrian Arab Republic,SY,2009,
Syrian Arab Republic,SY,2010,
Syrian Arab Republic,SY,2011,
Syrian Arab Republic,SY,2012,
Syrian Arab Republic,SY,2013,
Syrian Arab Republic,SY,2014,
Syrian Arab Republic,SY,2015,
Syrian Arab Republic,SY,2016,
Syrian Arab Republic,SY,2017,
Syrian Arab Republic,SY,2018,
Turkey,TR,2003,"63,796"
Turkey,TR,2004,"58,016"
Turkey,TR,2005,"55,966"
Turkey,TR,2006,"70,524"
Turkey,TR,2007,"90,732"
Turkey,TR,2008,"103,435"
Turkey,TR,2009,"115,920"
Turkey,TR,2010,"120,194"
Turkey,TR,2011,"128,253"
Turkey,TR,2012,"136,638"
Turkey,TR,2013,"144,098"
Turkey,TR,2014,"158,690"
Turkey,TR,2015,"178,257"
Turkey,TR,2016,"200,727"
Turkey,TR,2017,"233,415"
Turkey,TR,2018,"264,842"
United Arab Emirates,AE,2003,
United Arab Emirates,AE,2004,
United Arab Emirates,AE,2005,"9,936"
United Arab Emirates,AE,2006,"11,193"
United Arab Emirates,AE,2007,
United Arab Emirates,AE,2008,
United Arab Emirates,AE,2009,
United Arab Emirates,AE,2010,
United Arab Emirates,AE,2011,"9,824"
United Arab Emirates,AE,2012,"9,824"
United Arab Emirates,AE,2013,"9,959"
United Arab Emirates,AE,2014,"9,826"
United Arab Emirates,AE,2015,
United Arab Emirates,AE,2016,
United Arab Emirates,AE,2017,
United Arab Emirates,AE,2018,
Yemen,YE,2003,"16,252"
Yemen,YE,2004,"7,319"
Yemen,YE,2005,"5,994"
Yemen,YE,2006,"5,189"
Yemen,YE,2007,"5,947"
Yemen,YE,2008,"6,574"
Yemen,YE,2009,"6,894"
Yemen,YE,2010,"12,409"
Yemen,YE,2011,"10,390"
Yemen,YE,2012,
Yemen,YE,2013,"14,000"
Yemen,YE,2014,"14,000"
Yemen,YE,2015,
Yemen,YE,2016,
Yemen,YE,2017,
Yemen,YE,2018,
Belarus,BY,2003,"48,434"
Belarus,BY,2004,"42,253"
Belarus,BY,2005,"40,878"
Belarus,BY,2006,"44,812"
Belarus,BY,2007,"45,695"
Belarus,BY,2008,"43,349"
Belarus,BY,2009,"40,186"
Belarus,BY,2010,"39,627"
Belarus,BY,2011,"36,652"
Belarus,BY,2012,"28,841"
Belarus,BY,2013,"28,471"
Belarus,BY,2014,"29,776"
Belarus,BY,2015,"33,329"
Belarus,BY,2016,"35,169"
Belarus,BY,2017,"34,356"
Belarus,BY,2018,"32,556"
Bulgaria,BG,2003,"10,066"
Bulgaria,BG,2004,"10,871"
Bulgaria,BG,2005,"11,436"
Bulgaria,BG,2006,"11,058"
Bulgaria,BG,2007,"10,271"
Bulgaria,BG,2008,"9,408"
Bulgaria,BG,2009,"9,006"
Bulgaria,BG,2010,"9,379"
Bulgaria,BG,2011,"9,885"
Bulgaria,BG,2012,"9,493"
Bulgaria,BG,2013,"8,834"
Bulgaria,BG,2014,"7,870"
Bulgaria,BG,2015,"7,408"
Bulgaria,BG,2016,"7,345"
Bulgaria,BG,2017,"6,988"
Bulgaria,BG,2018,"6,651"
Czechia,Not found,2003,"17,277"
Czechia,Not found,2004,"18,343"
Czechia,Not found,2005,"18,937"
Czechia,Not found,2006,"18,578"
Czechia,Not found,2007,"18,901"
Czechia,Not found,2008,"20,502"
Czechia,Not found,2009,"21,734"
Czechia,Not found,2010,"21,900"
Czechia,Not found,2011,"23,170"
Czechia,Not found,2012,"22,644"
Czechia,Not found,2013,"16,645"
Czechia,Not found,2014,"18,658"
Czechia,Not found,2015,"20,866"
Czechia,Not found,2016,"22,481"
Czechia,Not found,2017,"22,159"
Czechia,Not found,2018,"21,577"
Hungary,HU,2003,"16,860"
Hungary,HU,2004,"16,546"
Hungary,HU,2005,"15,755"
Hungary,HU,2006,"14,822"
Hungary,HU,2007,"14,353"
Hungary,HU,2008,"14,743"
Hungary,HU,2009,"15,432"
Hungary,HU,2010,"16,328"
Hungary,HU,2011,"17,210"
Hungary,HU,2012,"17,179"
Hungary,HU,2013,"17,841"
Hungary,HU,2014,"17,890"
Hungary,HU,2015,"17,449"
Hungary,HU,2016,"17,658"
Hungary,HU,2017,"17,343"
Hungary,HU,2018,"16,947"
Poland,PL,2003,"79,281"
Poland,PL,2004,"80,368"
Poland,PL,2005,"84,875"
Poland,PL,2006,"90,529"
Poland,PL,2007,"89,648"
Poland,PL,2008,"84,978"
Poland,PL,2009,"85,749"
Poland,PL,2010,"82,372"
Poland,PL,2011,"82,832"
Poland,PL,2012,"85,459"
Poland,PL,2013,"80,165"
Poland,PL,2014,"79,345"
Poland,PL,2015,"72,695"
Poland,PL,2016,"72,209"
Poland,PL,2017,"74,480"
Poland,PL,2018,"72,818"
Republic of Moldova,Not found,2003,
Republic of Moldova,Not found,2004,"9,377"
Republic of Moldova,Not found,2005,"8,876"
Republic of Moldova,Not found,2006,"9,042"
Republic of Moldova,Not found,2007,"7,895"
Republic of Moldova,Not found,2008,"6,830"
Republic of Moldova,Not found,2009,"6,535"
Republic of Moldova,Not found,2010,"6,324"
Republic of Moldova,Not found,2011,"6,480"
Republic of Moldova,Not found,2012,"6,583"
Republic of Moldova,Not found,2013,"6,853"
Republic of Moldova,Not found,2014,"7,317"
Republic of Moldova,Not found,2015,"8,054"
Republic of Moldova,Not found,2016,"7,872"
Republic of Moldova,Not found,2017,"7,635"
Republic of Moldova,Not found,2018,"6,990"
Romania,RO,2003,"42,815"
Romania,RO,2004,"39,031"
Romania,RO,2005,"36,700"
Romania,RO,2006,"34,038"
Romania,RO,2007,"29,390"
Romania,RO,2008,"26,212"
Romania,RO,2009,"26,716"
Romania,RO,2010,"28,244"
Romania,RO,2011,"30,694"
Romania,RO,2012,"31,817"
Romania,RO,2013,"33,434"
Romania,RO,2014,"30,156"
Romania,RO,2015,"28,334"
Romania,RO,2016,"27,455"
Romania,RO,2017,"23,450"
Romania,RO,2018,"20,792"
Russian Federation,RU,2003,
Russian Federation,RU,2004,"763,115"
Russian Federation,RU,2005,"823,444"
Russian Federation,RU,2006,"871,693"
Russian Federation,RU,2007,"883,170"
Russian Federation,RU,2008,"883,723"
Russian Federation,RU,2009,"863,990"
Russian Federation,RU,2010,"819,280"
Russian Federation,RU,2011,"755,648"
Russian Federation,RU,2012,"701,909"
Russian Federation,RU,2013,"677,287"
Russian Federation,RU,2014,"671,649"
Russian Federation,RU,2015,"646,085"
Russian Federation,RU,2016,"630,155"
Russian Federation,RU,2017,"602,176"
Russian Federation,RU,2018,"563,166"
Slovakia,SK,2003,"8,873"
Slovakia,SK,2004,"9,422"
Slovakia,SK,2005,"8,897"
Slovakia,SK,2006,"8,249"
Slovakia,SK,2007,"7,986"
Slovakia,SK,2008,"8,166"
Slovakia,SK,2009,"9,316"
Slovakia,SK,2010,"10,031"
Slovakia,SK,2011,"10,525"
Slovakia,SK,2012,"10,850"
Slovakia,SK,2013,"9,753"
Slovakia,SK,2014,"10,020"
Slovakia,SK,2015,"9,913"
Slovakia,SK,2016,"9,995"
Slovakia,SK,2017,"10,028"
Slovakia,SK,2018,"10,294"
Ukraine,UA,2003,"191,241"
Ukraine,UA,2004,"192,047"
Ukraine,UA,2005,"170,923"
Ukraine,UA,2006,"160,725"
Ukraine,UA,2007,"149,690"
Ukraine,UA,2008,"145,946"
Ukraine,UA,2009,"147,716"
Ukraine,UA,2010,"154,027"
Ukraine,UA,2011,"154,029"
Ukraine,UA,2012,
Ukraine,UA,2013,"147,112"
Ukraine,UA,2014,
Ukraine,UA,2015,
Ukraine,UA,2016,"60,771"
Ukraine,UA,2017,"57,100"
Ukraine,UA,2018,
Denmark,DK,2003,"3,641"
Denmark,DK,2004,"3,767"
Denmark,DK,2005,"4,041"
Denmark,DK,2006,"3,932"
Denmark,DK,2007,"3,624"
Denmark,DK,2008,"3,451"
Denmark,DK,2009,"3,721"
Denmark,DK,2010,"3,944"
Denmark,DK,2011,"3,947"
Denmark,DK,2012,"3,829"
Denmark,DK,2013,"4,091"
Denmark,DK,2014,"3,583"
Denmark,DK,2015,"3,203"
Denmark,DK,2016,"3,408"
Denmark,DK,2017,"3,418"
Denmark,DK,2018,"3,635"
Estonia,EE,2003,"4,576"
Estonia,EE,2004,"4,565"
Estonia,EE,2005,"4,410"
Estonia,EE,2006,"4,310"
Estonia,EE,2007,"3,456"
Estonia,EE,2008,"3,656"
Estonia,EE,2009,"3,555"
Estonia,EE,2010,"3,393"
Estonia,EE,2011,"3,400"
Estonia,EE,2012,"3,286"
Estonia,EE,2013,"3,112"
Estonia,EE,2014,"3,034"
Estonia,EE,2015,"2,823"
Estonia,EE,2016,"2,864"
Estonia,EE,2017,"2,723"
Estonia,EE,2018,"2,584"
Faeroe Islands,Not found,2003,13
Faeroe Islands,Not found,2004,
Faeroe Islands,Not found,2005,10
Faeroe Islands,Not found,2006,12
Faeroe Islands,Not found,2007,
Faeroe Islands,Not found,2008,12
Faeroe Islands,Not found,2009,9
Faeroe Islands,Not found,2010,8
Faeroe Islands,Not found,2011,8
Faeroe Islands,Not found,2012,8
Faeroe Islands,Not found,2013,10
Faeroe Islands,Not found,2014,11
Faeroe Islands,Not found,2015,10
Faeroe Islands,Not found,2016,8
Faeroe Islands,Not found,2017,6
Faeroe Islands,Not found,2018,
Finland,FI,2003,"3,641"
Finland,FI,2004,"3,704"
Finland,FI,2005,"3,867"
Finland,FI,2006,"3,851"
Finland,FI,2007,"3,625"
Finland,FI,2008,"3,530"
Finland,FI,2009,"3,589"
Finland,FI,2010,"3,364"
Finland,FI,2011,"3,268"
Finland,FI,2012,"3,306"
Finland,FI,2013,"3,295"
Finland,FI,2014,"3,148"
Finland,FI,2015,"3,135"
Finland,FI,2016,"3,156"
Finland,FI,2017,"3,082"
Finland,FI,2018,"2,956"
Guernsey,GG,2003,
Guernsey,GG,2004,93
Guernsey,GG,2005,
Guernsey,GG,2006,117
Guernsey,GG,2007,
Guernsey,GG,2008,87
Guernsey,GG,2009,
Guernsey,GG,2010,75
Guernsey,GG,2011,
Guernsey,GG,2012,117
Guernsey,GG,2013,
Guernsey,GG,2014,97
Guernsey,GG,2015,83
Guernsey,GG,2016,92
Guernsey,GG,2017,110
Guernsey,GG,2018,100
Iceland,IS,2003,109
Iceland,IS,2004,115
Iceland,IS,2005,119
Iceland,IS,2006,119
Iceland,IS,2007,115
Iceland,IS,2008,140
Iceland,IS,2009,148
Iceland,IS,2010,167
Iceland,IS,2011,150
Iceland,IS,2012,153
Iceland,IS,2013,
Iceland,IS,2014,142
Iceland,IS,2015,139
Iceland,IS,2016,116
Iceland,IS,2017,137
Iceland,IS,2018,136
Ireland,IE,2003,"3,234"
Ireland,IE,2004,"3,162"
Ireland,IE,2005,"3,022"
Ireland,IE,2006,"3,080"
Ireland,IE,2007,"3,253"
Ireland,IE,2008,"3,484"
Ireland,IE,2009,"3,868"
Ireland,IE,2010,"4,318"
Ireland,IE,2011,"4,216"
Ireland,IE,2012,"4,287"
Ireland,IE,2013,"4,088"
Ireland,IE,2014,"3,777"
Ireland,IE,2015,"3,722"
Ireland,IE,2016,"3,718"
Ireland,IE,2017,"3,680"
Ireland,IE,2018,"3,962"
Isle of Man,IM,2003,
Isle of Man,IM,2004,51
Isle of Man,IM,2005,
Isle of Man,IM,2006,76
Isle of Man,IM,2007,
Isle of Man,IM,2008,107
Isle of Man,IM,2009,
Isle of Man,IM,2010,97
Isle of Man,IM,2011,
Isle of Man,IM,2012,81
Isle of Man,IM,2013,
Isle of Man,IM,2014,91
Isle of Man,IM,2015,
Isle of Man,IM,2016,76
Isle of Man,IM,2017,106
Isle of Man,IM,2018,106
Jersey,JE,2003,
Jersey,JE,2004,170
Jersey,JE,2005,
Jersey,JE,2006,174
Jersey,JE,2007,
Jersey,JE,2008,181
Jersey,JE,2009,
Jersey,JE,2010,177
Jersey,JE,2011,
Jersey,JE,2012,157
Jersey,JE,2013,
Jersey,JE,2014,140
Jersey,JE,2015,
Jersey,JE,2016,140
Jersey,JE,2017,128
Jersey,JE,2018,128
Latvia,LV,2003,"8,305"
Latvia,LV,2004,"8,231"
Latvia,LV,2005,"7,646"
Latvia,LV,2006,"6,965"
Latvia,LV,2007,"6,548"
Latvia,LV,2008,"6,548"
Latvia,LV,2009,"7,055"
Latvia,LV,2010,"6,780"
Latvia,LV,2011,"6,561"
Latvia,LV,2012,"6,117"
Latvia,LV,2013,"5,136"
Latvia,LV,2014,"4,745"
Latvia,LV,2015,"4,409"
Latvia,LV,2016,"4,243"
Latvia,LV,2017,"3,765"
Latvia,LV,2018,"3,522"
Lithuania,LT,2003,"8,063"
Lithuania,LT,2004,"8,125"
Lithuania,LT,2005,"8,137"
Lithuania,LT,2006,"8,079"
Lithuania,LT,2007,"7,866"
Lithuania,LT,2008,"8,000"
Lithuania,LT,2009,"8,655"
Lithuania,LT,2010,"9,139"
Lithuania,LT,2011,"9,920"
Lithuania,LT,2012,"9,729"
Lithuania,LT,2013,"9,261"
Lithuania,LT,2014,"8,636"
Lithuania,LT,2015,"7,355"
Lithuania,LT,2016,"6,815"
Lithuania,LT,2017,"6,599"
Lithuania,LT,2018,"6,485"
Norway,NO,2003,"2,822"
Norway,NO,2004,"2,899"
Norway,NO,2005,"3,170"
Norway,NO,2006,"3,387"
Norway,NO,2007,"3,446"
Norway,NO,2008,"3,477"
Norway,NO,2009,"3,340"
Norway,NO,2010,"3,564"
Norway,NO,2011,"3,866"
Norway,NO,2012,"4,052"
Norway,NO,2013,"3,869"
Norway,NO,2014,"4,103"
Norway,NO,2015,"4,056"
Norway,NO,2016,"4,192"
Norway,NO,2017,
Norway,NO,2018,
Sweden,SE,2003,"6,755"
Sweden,SE,2004,"7,332"
Sweden,SE,2005,"7,377"
Sweden,SE,2006,"7,397"
Sweden,SE,2007,"6,977"
Sweden,SE,2008,"7,073"
Sweden,SE,2009,"7,286"
Sweden,SE,2010,"6,846"
Sweden,SE,2011,"6,669"
Sweden,SE,2012,"6,296"
Sweden,SE,2013,"5,723"
Sweden,SE,2014,"5,807"
Sweden,SE,2015,"5,691"
Sweden,SE,2016,"5,658"
Sweden,SE,2017,"5,713"
Sweden,SE,2018,"6,114"
United Kingdom (England and Wales),Not found,2003,"73,657"
United Kingdom (England and Wales),Not found,2004,"74,488"
United Kingdom (England and Wales),Not found,2005,"75,121"
United Kingdom (England and Wales),Not found,2006,"76,560"
United Kingdom (England and Wales),Not found,2007,"78,445"
United Kingdom (England and Wales),Not found,2008,"81,674"
United Kingdom (England and Wales),Not found,2009,"81,836"
United Kingdom (England and Wales),Not found,2010,"84,004"
United Kingdom (England and Wales),Not found,2011,"84,428"
United Kingdom (England and Wales),Not found,2012,"84,886"
United Kingdom (England and Wales),Not found,2013,"81,884"
United Kingdom (England and Wales),Not found,2014,"83,678"
United Kingdom (England and Wales),Not found,2015,"84,444"
United Kingdom (England and Wales),Not found,2016,"83,604"
United Kingdom (England and Wales),Not found,2017,"84,441"
United Kingdom (England and Wales),Not found,2018,"81,904"
United Kingdom (Northern Ireland),Not found,2003,
United Kingdom (Northern Ireland),Not found,2004,
United Kingdom (Northern Ireland),Not found,2005,"1,330"
United Kingdom (Northern Ireland),Not found,2006,"1,512"
United Kingdom (Northern Ireland),Not found,2007,"1,504"
United Kingdom (Northern Ireland),Not found,2008,"1,543"
United Kingdom (Northern Ireland),Not found,2009,"1,525"
United Kingdom (Northern Ireland),Not found,2010,"1,465"
United Kingdom (Northern Ireland),Not found,2011,"1,673"
United Kingdom (Northern Ireland),Not found,2012,"1,682"
United Kingdom (Northern Ireland),Not found,2013,"1,796"
United Kingdom (Northern Ireland),Not found,2014,"1,709"
United Kingdom (Northern Ireland),Not found,2015,"1,447"
United Kingdom (Northern Ireland),Not found,2016,"1,407"
United Kingdom (Northern Ireland),Not found,2017,"1,411"
United Kingdom (Northern Ireland),Not found,2018,"1,407"
United Kingdom (Scotland),Not found,2003,"6,606"
United Kingdom (Scotland),Not found,2004,"6,776"
United Kingdom (Scotland),Not found,2005,"6,856"
United Kingdom (Scotland),Not found,2006,"7,187"
United Kingdom (Scotland),Not found,2007,"7,376"
United Kingdom (Scotland),Not found,2008,"7,827"
United Kingdom (Scotland),Not found,2009,"7,964"
United Kingdom (Scotland),Not found,2010,"7,854"
United Kingdom (Scotland),Not found,2011,"8,179"
United Kingdom (Scotland),Not found,2012,"8,057"
United Kingdom (Scotland),Not found,2013,"7,894"
United Kingdom (Scotland),Not found,2014,"7,731"
United Kingdom (Scotland),Not found,2015,"7,744"
United Kingdom (Scotland),Not found,2016,"7,579"
United Kingdom (Scotland),Not found,2017,"7,436"
United Kingdom (Scotland),Not found,2018,"7,788"
Albania,AL,2003,"2,561"
Albania,AL,2004,"2,321"
Albania,AL,2005,"2,592"
Albania,AL,2006,"2,857"
Albania,AL,2007,"2,790"
Albania,AL,2008,"4,916"
Albania,AL,2009,"4,667"
Albania,AL,2010,"4,657"
Albania,AL,2011,"4,659"
Albania,AL,2012,"4,618"
Albania,AL,2013,"4,998"
Albania,AL,2014,"5,689"
Albania,AL,2015,"5,981"
Albania,AL,2016,"6,031"
Albania,AL,2017,"5,674"
Albania,AL,2018,"5,316"
Andorra,AD,2003,61
Andorra,AD,2004,61
Andorra,AD,2005,
Andorra,AD,2006,30
Andorra,AD,2007,71
Andorra,AD,2008,73
Andorra,AD,2009,55
Andorra,AD,2010,44
Andorra,AD,2011,49
Andorra,AD,2012,36
Andorra,AD,2013,43
Andorra,AD,2014,53
Andorra,AD,2015,41
Andorra,AD,2016,46
Andorra,AD,2017,43
Andorra,AD,2018,49
Bosnia and Herzegovina,BA,2003,
Bosnia and Herzegovina,BA,2004,"2,405"
Bosnia and Herzegovina,BA,2005,
Bosnia and Herzegovina,BA,2006,"2,493"
Bosnia and Herzegovina,BA,2007,
Bosnia and Herzegovina,BA,2008,"2,660"
Bosnia and Herzegovina,BA,2009,
Bosnia and Herzegovina,BA,2010,"2,743"
Bosnia and Herzegovina,BA,2011,"2,757"
Bosnia and Herzegovina,BA,2012,"2,928"
Bosnia and Herzegovina,BA,2013,"2,898"
Bosnia and Herzegovina,BA,2014,"2,825"
Bosnia and Herzegovina,BA,2015,"2,730"
Bosnia and Herzegovina,BA,2016,"2,832"
Bosnia and Herzegovina,BA,2017,"2,820"
Bosnia and Herzegovina,BA,2018,
Croatia,HR,2003,"2,805"
Croatia,HR,2004,"3,029"
Croatia,HR,2005,"3,485"
Croatia,HR,2006,"3,833"
Croatia,HR,2007,"4,290"
Croatia,HR,2008,"4,734"
Croatia,HR,2009,"4,891"
Croatia,HR,2010,"5,165"
Croatia,HR,2011,"5,084"
Croatia,HR,2012,"4,741"
Croatia,HR,2013,"4,352"
Croatia,HR,2014,"3,763"
Croatia,HR,2015,"3,341"
Croatia,HR,2016,"3,108"
Croatia,HR,2017,"3,190"
Croatia,HR,2018,"3,217"
Gibraltar,GI,2003,
Gibraltar,GI,2004,19
Gibraltar,GI,2005,
Gibraltar,GI,2006,30
Gibraltar,GI,2007,
Gibraltar,GI,2008,37
Gibraltar,GI,2009,
Gibraltar,GI,2010,53
Gibraltar,GI,2011,
Gibraltar,GI,2012,63
Gibraltar,GI,2013,
Gibraltar,GI,2014,46
Gibraltar,GI,2015,
Gibraltar,GI,2016,56
Gibraltar,GI,2017,
Gibraltar,GI,2018,
Greece,GR,2003,"8,726"
Greece,GR,2004,"8,722"
Greece,GR,2005,"9,964"
Greece,GR,2006,"10,370"
Greece,GR,2007,"11,645"
Greece,GR,2008,"11,736"
Greece,GR,2009,"11,364"
Greece,GR,2010,"12,349"
Greece,GR,2011,"12,479"
Greece,GR,2012,"12,475"
Greece,GR,2013,"12,693"
Greece,GR,2014,"11,798"
Greece,GR,2015,"9,611"
Greece,GR,2016,"9,560"
Greece,GR,2017,"10,011"
Greece,GR,2018,"10,654"
Holy See,Not found,2003,
Holy See,Not found,2004,
Holy See,Not found,2005,
Holy See,Not found,2006,
Holy See,Not found,2007,
Holy See,Not found,2008,
Holy See,Not found,2009,0
Holy See,Not found,2010,0
Holy See,Not found,2011,0
Holy See,Not found,2012,1
Holy See,Not found,2013,0
Holy See,Not found,2014,0
Holy See,Not found,2015,1
Holy See,Not found,2016,
Holy See,Not found,2017,
Holy See,Not found,2018,
Italy,IT,2003,"54,993"
Italy,IT,2004,"56,903"
Italy,IT,2005,"60,415"
Italy,IT,2006,"39,794"
Italy,IT,2007,"49,697"
Italy,IT,2008,"59,284"
Italy,IT,2009,"65,598"
Italy,IT,2010,"69,263"
Italy,IT,2011,"68,325"
Italy,IT,2012,"67,102"
Italy,IT,2013,"63,848"
Italy,IT,2014,"54,745"
Italy,IT,2015,"53,410"
Italy,IT,2016,"55,978"
Italy,IT,2017,"59,038"
Italy,IT,2018,"61,131"
Kosovo under UNSCR 1244,Not found,2003,"1,182"
Kosovo under UNSCR 1244,Not found,2004,"1,189"
Kosovo under UNSCR 1244,Not found,2005,"1,199"
Kosovo under UNSCR 1244,Not found,2006,"1,252"
Kosovo under UNSCR 1244,Not found,2007,
Kosovo under UNSCR 1244,Not found,2008,
Kosovo under UNSCR 1244,Not found,2009,"1,325"
Kosovo under UNSCR 1244,Not found,2010,"1,333"
Kosovo under UNSCR 1244,Not found,2011,"1,441"
Kosovo under UNSCR 1244,Not found,2012,"1,737"
Kosovo under UNSCR 1244,Not found,2013,"1,776"
Kosovo under UNSCR 1244,Not found,2014,"1,854"
Kosovo under UNSCR 1244,Not found,2015,"1,478"
Kosovo under UNSCR 1244,Not found,2016,"1,648"
Kosovo under UNSCR 1244,Not found,2017,"1,609"
Kosovo under UNSCR 1244,Not found,2018,"1,567"
Malta,MT,2003,278
Malta,MT,2004,298
Malta,MT,2005,294
Malta,MT,2006,375
Malta,MT,2007,528
Malta,MT,2008,662
Malta,MT,2009,494
Malta,MT,2010,584
Malta,MT,2011,584
Malta,MT,2012,585
Malta,MT,2013,615
Malta,MT,2014,581
Malta,MT,2015,569
Malta,MT,2016,553
Malta,MT,2017,591
Malta,MT,2018,619
Montenegro,ME,2003,741
Montenegro,ME,2004,799
Montenegro,ME,2005,894
Montenegro,ME,2006,851
Montenegro,ME,2007,957
Montenegro,ME,2008,"1,216"
Montenegro,ME,2009,"1,499"
Montenegro,ME,2010,"1,457"
Montenegro,ME,2011,"1,328"
Montenegro,ME,2012,"1,331"
Montenegro,ME,2013,"1,064"
Montenegro,ME,2014,"1,123"
Montenegro,ME,2015,"1,131"
Montenegro,ME,2016,"1,123"
Montenegro,ME,2017,"1,119"
Montenegro,ME,2018,"1,125"
North Macedonia,Not found,2003,"1,608"
North Macedonia,Not found,2004,"1,782"
North Macedonia,Not found,2005,"2,132"
North Macedonia,Not found,2006,"2,038"
North Macedonia,Not found,2007,
North Macedonia,Not found,2008,"2,235"
North Macedonia,Not found,2009,
North Macedonia,Not found,2010,"2,516"
North Macedonia,Not found,2011,"2,515"
North Macedonia,Not found,2012,"2,543"
North Macedonia,Not found,2013,
North Macedonia,Not found,2014,"3,116"
North Macedonia,Not found,2015,"3,427"
North Macedonia,Not found,2016,"3,231"
North Macedonia,Not found,2017,"3,031"
North Macedonia,Not found,2018,"2,256"
Portugal,PT,2003,"13,835"
Portugal,PT,2004,"13,152"
Portugal,PT,2005,"12,889"
Portugal,PT,2006,"12,636"
Portugal,PT,2007,"11,587"
Portugal,PT,2008,"10,807"
Portugal,PT,2009,"11,287"
Portugal,PT,2010,"11,839"
Portugal,PT,2011,"12,955"
Portugal,PT,2012,"13,875"
Portugal,PT,2013,"14,535"
Portugal,PT,2014,"14,198"
Portugal,PT,2015,"14,373"
Portugal,PT,2016,"13,917"
Portugal,PT,2017,"13,587"
Portugal,PT,2018,"13,021"
San Marino,SM,2003,
San Marino,SM,2004,
San Marino,SM,2005,
San Marino,SM,2006,
San Marino,SM,2007,
San Marino,SM,2008,
San Marino,SM,2009,
San Marino,SM,2010,
San Marino,SM,2011,
San Marino,SM,2012,
San Marino,SM,2013,
San Marino,SM,2014,
San Marino,SM,2015,2
San Marino,SM,2016,
San Marino,SM,2017,3
San Marino,SM,2018,6
Serbia,RS,2003,"7,487"
Serbia,RS,2004,"7,654"
Serbia,RS,2005,"8,078"
Serbia,RS,2006,"7,893"
Serbia,RS,2007,"9,043"
Serbia,RS,2008,"9,701"
Serbia,RS,2009,"10,975"
Serbia,RS,2010,"11,211"
Serbia,RS,2011,"11,070"
Serbia,RS,2012,"10,226"
Serbia,RS,2013,"10,031"
Serbia,RS,2014,"10,288"
Serbia,RS,2015,"10,064"
Serbia,RS,2016,"10,672"
Serbia,RS,2017,"10,807"
Serbia,RS,2018,"10,871"
Slovenia,SI,2003,"1,070"
Slovenia,SI,2004,"1,085"
Slovenia,SI,2005,"1,132"
Slovenia,SI,2006,"1,301"
Slovenia,SI,2007,"1,336"
Slovenia,SI,2008,"1,318"
Slovenia,SI,2009,"1,365"
Slovenia,SI,2010,"1,351"
Slovenia,SI,2011,"1,273"
Slovenia,SI,2012,"1,377"
Slovenia,SI,2013,"1,360"
Slovenia,SI,2014,"1,522"
Slovenia,SI,2015,"1,399"
Slovenia,SI,2016,"1,308"
Slovenia,SI,2017,"1,316"
Slovenia,SI,2018,"1,396"
Spain,ES,2003,"56,096"
Spain,ES,2004,"59,375"
Spain,ES,2005,"61,054"
Spain,ES,2006,"64,021"
Spain,ES,2007,"67,100"
Spain,ES,2008,"73,558"
Spain,ES,2009,"76,079"
Spain,ES,2010,"73,929"
Spain,ES,2011,"70,472"
Spain,ES,2012,"68,597"
Spain,ES,2013,"66,765"
Spain,ES,2014,"65,017"
Spain,ES,2015,"61,614"
Spain,ES,2016,"59,589"
Spain,ES,2017,"58,814"
Spain,ES,2018,"58,883"
Austria,AT,2003,
Austria,AT,2004,
Austria,AT,2005,"8,956"
Austria,AT,2006,"9,005"
Austria,AT,2007,"9,012"
Austria,AT,2008,"8,248"
Austria,AT,2009,"8,708"
Austria,AT,2010,"8,813"
Austria,AT,2011,"8,954"
Austria,AT,2012,"8,805"
Austria,AT,2013,"8,862"
Austria,AT,2014,"8,692"
Austria,AT,2015,
Austria,AT,2016,"8,619"
Austria,AT,2017,"8,852"
Austria,AT,2018,"9,163"
Belgium,BE,2003,
Belgium,BE,2004,"9,245"
Belgium,BE,2005,"9,375"
Belgium,BE,2006,"9,635"
Belgium,BE,2007,
Belgium,BE,2008,"9,858"
Belgium,BE,2009,
Belgium,BE,2010,"10,561"
Belgium,BE,2011,
Belgium,BE,2012,"11,212"
Belgium,BE,2013,"12,126"
Belgium,BE,2014,"11,769"
Belgium,BE,2015,"10,994"
Belgium,BE,2016,"11,071"
Belgium,BE,2017,"10,073"
Belgium,BE,2018,"10,073"
France,FR,2003,"55,382"
France,FR,2004,"55,355"
France,FR,2005,"55,302"
France,FR,2006,"58,402"
France,FR,2007,"61,076"
France,FR,2008,"62,252"
France,FR,2009,"60,978"
France,FR,2010,"60,544"
France,FR,2011,"64,787"
France,FR,2012,"66,572"
France,FR,2013,"67,075"
France,FR,2014,"66,270"
France,FR,2015,"66,678"
France,FR,2016,"68,432"
France,FR,2017,"68,974"
France,FR,2018,
Germany,DE,2003,"80,829"
Germany,DE,2004,"80,933"
Germany,DE,2005,"80,201"
Germany,DE,2006,"78,063"
Germany,DE,2007,"75,153"
Germany,DE,2008,"73,793"
Germany,DE,2009,"72,295"
Germany,DE,2010,"70,827"
Germany,DE,2011,"69,543"
Germany,DE,2012,"68,533"
Germany,DE,2013,"66,221"
Germany,DE,2014,"63,228"
Germany,DE,2015,"63,020"
Germany,DE,2016,"64,291"
Germany,DE,2017,"65,841"
Germany,DE,2018,"65,762"
Liechtenstein,LI,2003,
Liechtenstein,LI,2004,
Liechtenstein,LI,2005,130
Liechtenstein,LI,2006,98
Liechtenstein,LI,2007,26
Liechtenstein,LI,2008,78
Liechtenstein,LI,2009,149
Liechtenstein,LI,2010,76
Liechtenstein,LI,2011,71
Liechtenstein,LI,2012,60
Liechtenstein,LI,2013,68
Liechtenstein,LI,2014,53
Liechtenstein,LI,2015,53
Liechtenstein,LI,2016,72
Liechtenstein,LI,2017,73
Liechtenstein,LI,2018,63
Luxembourg,LU,2003,
Luxembourg,LU,2004,602
Luxembourg,LU,2005,693
Luxembourg,LU,2006,735
Luxembourg,LU,2007,741
Luxembourg,LU,2008,762
Luxembourg,LU,2009,702
Luxembourg,LU,2010,681
Luxembourg,LU,2011,637
Luxembourg,LU,2012,666
Luxembourg,LU,2013,656
Luxembourg,LU,2014,626
Luxembourg,LU,2015,691
Luxembourg,LU,2016,724
Luxembourg,LU,2017,684
Luxembourg,LU,2018,650
Monaco,MC,2003,28
Monaco,MC,2004,34
Monaco,MC,2005,31
Monaco,MC,2006,37
Monaco,MC,2007,36
Monaco,MC,2008,34
Monaco,MC,2009,23
Monaco,MC,2010,12
Monaco,MC,2011,32
Monaco,MC,2012,33
Monaco,MC,2013,29
Monaco,MC,2014,23
Monaco,MC,2015,34
Monaco,MC,2016,31
Monaco,MC,2017,29
Monaco,MC,2018,
Netherlands,NL,2003,"16,184"
Netherlands,NL,2004,"18,766"
Netherlands,NL,2005,"17,560"
Netherlands,NL,2006,"16,091"
Netherlands,NL,2007,"15,151"
Netherlands,NL,2008,"14,610"
Netherlands,NL,2009,"14,364"
Netherlands,NL,2010,"14,368"
Netherlands,NL,2011,"13,969"
Netherlands,NL,2012,"13,473"
Netherlands,NL,2013,"12,721"
Netherlands,NL,2014,"11,934"
Netherlands,NL,2015,"10,850"
Netherlands,NL,2016,"10,601"
Netherlands,NL,2017,"10,874"
Netherlands,NL,2018,"11,251"
Switzerland,CH,2003,"4,842"
Switzerland,CH,2004,"5,509"
Switzerland,CH,2005,"5,723"
Switzerland,CH,2006,"5,567"
Switzerland,CH,2007,"5,278"
Switzerland,CH,2008,"5,303"
Switzerland,CH,2009,"5,605"
Switzerland,CH,2010,"5,765"
Switzerland,CH,2011,"5,626"
Switzerland,CH,2012,"6,102"
Switzerland,CH,2013,"6,634"
Switzerland,CH,2014,"6,519"
Switzerland,CH,2015,"6,498"
Switzerland,CH,2016,"6,507"
Switzerland,CH,2017,"6,564"
Switzerland,CH,2018,"6,602"
Australia,AU,2003,"23,555"
Australia,AU,2004,"24,171"
Australia,AU,2005,
Australia,AU,2006,
Australia,AU,2007,"27,224"
Australia,AU,2008,"27,615"
Australia,AU,2009,"29,317"
Australia,AU,2010,"29,700"
Australia,AU,2011,"29,106"
Australia,AU,2012,"29,381"
Australia,AU,2013,"30,773"
Australia,AU,2014,"33,789"
Australia,AU,2015,"36,134"
Australia,AU,2016,"38,845"
Australia,AU,2017,"41,202"
Australia,AU,2018,"42,974"
New Zealand,NZ,2003,
New Zealand,NZ,2004,
New Zealand,NZ,2005,"7,430"
New Zealand,NZ,2006,"7,588"
New Zealand,NZ,2007,"7,534"
New Zealand,NZ,2008,"7,860"
New Zealand,NZ,2009,"8,546"
New Zealand,NZ,2010,"8,435"
New Zealand,NZ,2011,"8,467"
New Zealand,NZ,2012,"8,223"
New Zealand,NZ,2013,"8,641"
New Zealand,NZ,2014,"8,641"
New Zealand,NZ,2015,"9,121"
New Zealand,NZ,2016,"9,938"
New Zealand,NZ,2017,"10,394"
New Zealand,NZ,2018,"9,782"
Fiji,FJ,2003,
Fiji,FJ,2004,"1,083"
Fiji,FJ,2005,"1,113"
Fiji,FJ,2006,"1,121"
Fiji,FJ,2007,
Fiji,FJ,2008,919
Fiji,FJ,2009,
Fiji,FJ,2010,"1,097"
Fiji,FJ,2011,
Fiji,FJ,2012,"1,397"
Fiji,FJ,2013,
Fiji,FJ,2014,"1,540"
Fiji,FJ,2015,"1,555"
Fiji,FJ,2016,"1,826"
Fiji,FJ,2017,
Fiji,FJ,2018,
New Caledonia,NC,2003,315
New Caledonia,NC,2004,
New Caledonia,NC,2005,251
New Caledonia,NC,2006,
New Caledonia,NC,2007,326
New Caledonia,NC,2008,
New Caledonia,NC,2009,
New Caledonia,NC,2010,
New Caledonia,NC,2011,438
New Caledonia,NC,2012,
New Caledonia,NC,2013,402
New Caledonia,NC,2014,
New Caledonia,NC,2015,448
New Caledonia,NC,2016,
New Caledonia,NC,2017,549
New Caledonia,NC,2018,
Papua New Guinea,PG,2003,
Papua New Guinea,PG,2004,
Papua New Guinea,PG,2005,"4,056"
Papua New Guinea,PG,2006,
Papua New Guinea,PG,2007,
Papua New Guinea,PG,2008,"4,574"
Papua New Guinea,PG,2009,
Papua New Guinea,PG,2010,"4,268"
Papua New Guinea,PG,2011,
Papua New Guinea,PG,2012,"3,467"
Papua New Guinea,PG,2013,
Papua New Guinea,PG,2014,"4,580"
Papua New Guinea,PG,2015,"4,864"
Papua New Guinea,PG,2016,"4,945"
Papua New Guinea,PG,2017,
Papua New Guinea,PG,2018,"5,087"
Solomon Islands,SB,2003,
Solomon Islands,SB,2004,275
Solomon Islands,SB,2005,295
Solomon Islands,SB,2006,283
Solomon Islands,SB,2007,211
Solomon Islands,SB,2008,173
Solomon Islands,SB,2009,
Solomon Islands,SB,2010,268
Solomon Islands,SB,2011,
Solomon Islands,SB,2012,291
Solomon Islands,SB,2013,321
Solomon Islands,SB,2014,282
Solomon Islands,SB,2015,271
Solomon Islands,SB,2016,435
Solomon Islands,SB,2017,477
Solomon Islands,SB,2018,
Vanuatu,VU,2003,93
Vanuatu,VU,2004,
Vanuatu,VU,2005,138
Vanuatu,VU,2006,
Vanuatu,VU,2007,123
Vanuatu,VU,2008,
Vanuatu,VU,2009,170
Vanuatu,VU,2010,187
Vanuatu,VU,2011,
Vanuatu,VU,2012,194
Vanuatu,VU,2013,
Vanuatu,VU,2014,151
Vanuatu,VU,2015,230
Vanuatu,VU,2016,192
Vanuatu,VU,2017,
Vanuatu,VU,2018,
Guam,GU,2003,
Guam,GU,2004,393
Guam,GU,2005,
Guam,GU,2006,495
Guam,GU,2007,
Guam,GU,2008,559
Guam,GU,2009,
Guam,GU,2010,559
Guam,GU,2011,
Guam,GU,2012,585
Guam,GU,2013,
Guam,GU,2014,754
Guam,GU,2015,756
Guam,GU,2016,752
Guam,GU,2017,667
Guam,GU,2018,
Kiribati,KI,2003,
Kiribati,KI,2004,81
Kiribati,KI,2005,74
Kiribati,KI,2006,84
Kiribati,KI,2007,88
Kiribati,KI,2008,84
Kiribati,KI,2009,
Kiribati,KI,2010,90
Kiribati,KI,2011,
Kiribati,KI,2012,106
Kiribati,KI,2013,
Kiribati,KI,2014,120
Kiribati,KI,2015,146
Kiribati,KI,2016,129
Kiribati,KI,2017,
Kiribati,KI,2018,
Marshall Islands,MH,2003,20
Marshall Islands,MH,2004,
Marshall Islands,MH,2005,
Marshall Islands,MH,2006,47
Marshall Islands,MH,2007,
Marshall Islands,MH,2008,
Marshall Islands,MH,2009,50
Marshall Islands,MH,2010,
Marshall Islands,MH,2011,41
Marshall Islands,MH,2012,
Marshall Islands,MH,2013,36
Marshall Islands,MH,2014,35
Marshall Islands,MH,2015,
Marshall Islands,MH,2016,
Marshall Islands,MH,2017,
Marshall Islands,MH,2018,
Micronesia (Federated States of),Not found,2003,
Micronesia (Federated States of),Not found,2004,86
Micronesia (Federated States of),Not found,2005,
Micronesia (Federated States of),Not found,2006,103
Micronesia (Federated States of),Not found,2007,
Micronesia (Federated States of),Not found,2008,
Micronesia (Federated States of),Not found,2009,76
Micronesia (Federated States of),Not found,2010,
Micronesia (Federated States of),Not found,2011,95
Micronesia (Federated States of),Not found,2012,
Micronesia (Federated States of),Not found,2013,107
Micronesia (Federated States of),Not found,2014,132
Micronesia (Federated States of),Not found,2015,
Micronesia (Federated States of),Not found,2016,
Micronesia (Federated States of),Not found,2017,
Micronesia (Federated States of),Not found,2018,
Nauru,NR,2003,
Nauru,NR,2004,
Nauru,NR,2005,3
Nauru,NR,2006,
Nauru,NR,2007,
Nauru,NR,2008,
Nauru,NR,2009,37
Nauru,NR,2010,
Nauru,NR,2011,
Nauru,NR,2012,26
Nauru,NR,2013,
Nauru,NR,2014,14
Nauru,NR,2015,
Nauru,NR,2016,
Nauru,NR,2017,
Nauru,NR,2018,
Northern Mariana Islands,MP,2003,
Northern Mariana Islands,MP,2004,150
Northern Mariana Islands,MP,2005,
Northern Mariana Islands,MP,2006,126
Northern Mariana Islands,MP,2007,
Northern Mariana Islands,MP,2008,124
Northern Mariana Islands,MP,2009,
Northern Mariana Islands,MP,2010,
Northern Mariana Islands,MP,2011,162
Northern Mariana Islands,MP,2012,
Northern Mariana Islands,MP,2013,
Northern Mariana Islands,MP,2014,175
Northern Mariana Islands,MP,2015,
Northern Mariana Islands,MP,2016,
Northern Mariana Islands,MP,2017,270
Northern Mariana Islands,MP,2018,
Palau,PW,2003,103
Palau,PW,2004,
Palau,PW,2005,97
Palau,PW,2006,
Palau,PW,2007,111
Palau,PW,2008,
Palau,PW,2009,132
Palau,PW,2010,
Palau,PW,2011,92
Palau,PW,2012,
Palau,PW,2013,103
Palau,PW,2014,72
Palau,PW,2015,72
Palau,PW,2016,
Palau,PW,2017,87
Palau,PW,2018,76
American Samoa,AS,2003,
American Samoa,AS,2004,258
American Samoa,AS,2005,
American Samoa,AS,2006,210
American Samoa,AS,2007,
American Samoa,AS,2008,132
American Samoa,AS,2009,
American Samoa,AS,2010,188
American Samoa,AS,2011,
American Samoa,AS,2012,192
American Samoa,AS,2013,
American Samoa,AS,2014,201
American Samoa,AS,2015,
American Samoa,AS,2016,182
American Samoa,AS,2017,193
American Samoa,AS,2018,
Cook Islands,CK,2003,
Cook Islands,CK,2004,
Cook Islands,CK,2005,27
Cook Islands,CK,2006,
Cook Islands,CK,2007,26
Cook Islands,CK,2008,
Cook Islands,CK,2009,
Cook Islands,CK,2010,40
Cook Islands,CK,2011,
Cook Islands,CK,2012,34
Cook Islands,CK,2013,
Cook Islands,CK,2014,37
Cook Islands,CK,2015,37
Cook Islands,CK,2016,48
Cook Islands,CK,2017,
Cook Islands,CK,2018,
French Polynesia,PF,2003,291
French Polynesia,PF,2004,
French Polynesia,PF,2005,314
French Polynesia,PF,2006,
French Polynesia,PF,2007,404
French Polynesia,PF,2008,
French Polynesia,PF,2009,
French Polynesia,PF,2010,
French Polynesia,PF,2011,
French Polynesia,PF,2012,426
French Polynesia,PF,2013,
French Polynesia,PF,2014,429
French Polynesia,PF,2015,
French Polynesia,PF,2016,397
French Polynesia,PF,2017,569
French Polynesia,PF,2018,569
Samoa,WS,2003,
Samoa,WS,2004,234
Samoa,WS,2005,
Samoa,WS,2006,183
Samoa,WS,2007,
Samoa,WS,2008,
Samoa,WS,2009,300
Samoa,WS,2010,
Samoa,WS,2011,427
Samoa,WS,2012,
Samoa,WS,2013,
Samoa,WS,2014,481
Samoa,WS,2015,501
Samoa,WS,2016,
Samoa,WS,2017,400
Samoa,WS,2018,
Tonga,TO,2003,
Tonga,TO,2004,116
Tonga,TO,2005,128
Tonga,TO,2006,102
Tonga,TO,2007,
Tonga,TO,2008,106
Tonga,TO,2009,
Tonga,TO,2010,159
Tonga,TO,2011,
Tonga,TO,2012,158
Tonga,TO,2013,
Tonga,TO,2014,176
Tonga,TO,2015,
Tonga,TO,2016,
Tonga,TO,2017,
Tonga,TO,2018,
Tuvalu,TV,2003,
Tuvalu,TV,2004,
Tuvalu,TV,2005,7
Tuvalu,TV,2006,
Tuvalu,TV,2007,3
Tuvalu,TV,2008,
Tuvalu,TV,2009,
Tuvalu,TV,2010,8
Tuvalu,TV,2011,
Tuvalu,TV,2012,12
Tuvalu,TV,2013,
Tuvalu,TV,2014,11
Tuvalu,TV,2015,
Tuvalu,TV,2016,
Tuvalu,TV,2017,
Tuvalu,TV,2018,
