Region,Subregion,Country,Source,2003,2004,2005,2006,2007,2008,2009,2010,2011,2012,2013,2014,2015,2016,2017,2018
Africa,Eastern Africa,Burundi,UN-CTS/WPB-ICPR,"7,913","7,526","7,167","8,277","8,343","9,927","10,816","9,823","10,432","6,369","7,784","7,565","9,228","10,127","10,093","10,987"
Africa,Eastern Africa,Comoros,WPB-ICPR,,,,,,,150,,,,206,120,145,,191,225
Africa,Eastern Africa,Djibouti,UN-CTS/WPB-ICPR,,,,,,,525,,750,,550,,600,600,624,662
Africa,Eastern Africa,Ethiopia,WPB-ICPR,,"74,413",,"72,211",,"85,664",,"104,467",,"111,050",,"113,727",,,,
Africa,Eastern Africa,Kenya,UN-CTS/WPB-ICPR,,"55,000","50,000",,,"49,092","48,122","48,153","51,068","44,522","53,430","53,537","54,225","48,500","51,021","52,198"
Africa,Eastern Africa,Madagascar,UN-CTS/WPB-ICPR,"19,000","19,971","20,294","17,495",,"16,555",,"18,355","18,578","19,150","19,804","20,353","20,595","22,000","20,975","24,928"
Africa,Eastern Africa,Malawi,WPB-ICPR,"8,566","9,220","9,656","11,000","10,830","11,000",,"11,672",,"12,236",,"12,156","12,129","14,018","14,795","13,929"
Africa,Eastern Africa,Mauritius,UN-CTS/NSO,"2,494","2,358","2,473","2,269","2,271","2,161","2,279","2,400","2,615","2,690","2,514","2,310","2,128","2,232","2,261","2,447"
Africa,Eastern Africa,Mayotte,WPB-ICPR,163,,107,,155,,216,,211,,188,,177,,293,
Africa,Eastern Africa,Mozambique,UN-CTS/WPB-ICPR,,"15,359","17,769","18,013","17,858","27,889","35,235","15,249","16,304",,"15,663","15,430","15,976",,"18,185",
Africa,Eastern Africa,Reunion,WPB-ICPR,"1,071",,"1,040",,"1,307",,,,"1,078",,"1,128",,"1,046",,"1,060",
Africa,Eastern Africa,Rwanda,WPB-ICPR,,,,,,,,"55,000",,"55,618",,"53,600","54,279",,"61,000",
Africa,Eastern Africa,Seychelles,UN-CTS/WPB-ICPR,172,147,162,174,172,297,,432,,628,,765,,,423,382
Africa,Eastern Africa,South Sudan,WPB-ICPR,,,,,,,,,,,,,"6,504",,,
Africa,Eastern Africa,Uganda,UN-CTS,"17,952","18,549","19,048","19,225","19,247","28,775","31,173","31,230","32,021","35,212","39,568","42,330","45,527","51,354","48,894",
Africa,Eastern Africa,United Republic of Tanzania,WPB-ICPR,,"43,244","46,416","43,911",,"41,613","40,111",,"38,353","33,338","36,552","34,196","34,404",,,
Africa,Eastern Africa,Zambia,WPB-ICPR,"13,200",,"14,347",,,"15,000","15,544","16,666",,"17,000","17,021","17,160","18,560","19,000","25,000",
Africa,Eastern Africa,Zimbabwe,UN-CTS/WPB-ICPR,"21,125","19,888","17,997","18,081","16,429","14,029",,"13,361",,"16,900","16,902","17,484","18,857",,"19,521",
Africa,Middle Africa,Angola,WPB-ICPR,"6,008",,"8,300",,,,"16,183",,"19,898",,"21,634","21,319","23,674","22,907",,
Africa,Middle Africa,Cameroon,UN-CTS/WPB-ICPR,"20,000",,"22,734",,"23,123",,"23,368","23,766","22,812","22,891","25,314","25,908","28,120","29,341","31,836",
Africa,Middle Africa,Central African Republic,WPB-ICPR,,,"1,000",,"1,233",,"2,145",,845,,,,764,,,
Africa,Middle Africa,Chad,WPB-ICPR,,,"3,416",,,,,"4,775","4,831",,,,"8,000",,,"8,700"
Africa,Middle Africa,Congo,WPB-ICPR,,,"1,550",,"1,642",,"2,410",,"1,400",,"1,500","1,240",,,,
Africa,Middle Africa,Democratic Republic of the Congo,WPB-ICPR,,"30,000",,,,,,"22,000",,,,,"20,550",,,
Africa,Middle Africa,Equatorial Guinea,WPB-ICPR,,,,,,,,,,,,,500,,,
Africa,Middle Africa,Gabon,WPB-ICPR,,,,,,,,,,,"3,500",,"3,373",,,
Africa,Middle Africa,Sao Tome and Principe,WPB-ICPR,,,155,160,,,240,305,,217,,201,178,178,251,253
Africa,Northern Africa,Algeria,UN-CTS/WPB-ICPR,"39,806","44,231","43,797","54,117","55,119","55,598",,"49,000","50,000","50,100","60,220","61,000","62,150",,"60,000","63,000"
Africa,Northern Africa,Egypt,WPB-ICPR,,,,"64,378",,,,,"66,000",,,,,"106,000",,
Africa,Northern Africa,Libya,WPB-ICPR,,"9,763",,,"13,217",,,"13,242",,"3,186","5,328","6,187",,,,
Africa,Northern Africa,Morocco,UN-CTS,"54,542","59,069","50,933","53,580","54,660","59,212","57,563","64,877",,"70,675","72,000","74,941","74,039","78,716","83,102","83,757"
Africa,Northern Africa,Sudan,WPB-ICPR,"12,000",,,,,,"19,144",,"20,000",,"19,101","19,101",,,"21,000",
Africa,Northern Africa,Tunisia,UN-CTS/WPB-ICPR,,"26,000",,,,,"26,319",,"21,000",,"25,000","23,829","25,630","23,663","22,248",
Africa,Southern Africa,Botswana,UN-CTS/WPB-ICPR,"5,890","10,911","9,778","9,788","8,912","8,865","8,706","7,005","4,712","4,241","3,826","4,131","3,960","4,376","4,343",
Africa,Southern Africa,Eswatini,UN-CTS/WPB-ICPR,"3,169","2,719","2,667","2,648",,"2,546","2,713",,"3,764","3,411","3,280","3,616","3,610",,,"3,453"
Africa,Southern Africa,Lesotho,UN-CTS/WPB-ICPR,,"3,173","2,712","2,508","2,852","2,594","2,555","2,498",,"2,564",,"2,073",,,,
Africa,Southern Africa,Namibia,WPB-ICPR,,"4,442",,,"4,064",,,"4,251",,,"7,525",,"7,235","7,400",,
Africa,Southern Africa,South Africa,WPB-ICPR,"180,952","186,739","157,402",,,"164,297",,"163,312","159,265","158,165","156,370","154,648","159,771",,"158,111","164,129"
Africa,Western Africa,Benin,WPB-ICPR/UN-CTS,,,,"5,834",,"6,083",,"6,908",,"7,247",,"7,067",,,"7,801",
Africa,Western Africa,Burkina Faso,UN-CTS/WPB-ICPR,,"2,799","3,315","3,108","4,207","4,801",,"5,198","5,039","5,035",,"6,827","7,544","7,670",,
Africa,Western Africa,Cabo Verde,UN-CTS/WPB-ICPR,,,,,,,"1,300",,,"1,348","1,434",,,"1,569","1,542","1,567"
Africa,Western Africa,C�te d'Ivoire,WPB-ICPR,,,,"13,385",,"11,143",,,,"7,086",,"10,850","12,147","11,192","16,127",
Africa,Western Africa,Gambia,WPB-ICPR,,,,,,,780,,"1,000",,"1,000","1,121",,,,
Africa,Western Africa,Ghana,WPB-ICPR,"11,397","11,581","12,371","12,847",,"14,128",,"13,507",,"13,487","14,021","14,599","14,337","14,368","14,846","14,467"
Africa,Western Africa,Guinea,WPB-ICPR/UN-CTS,,,,,"2,539","2,780",,"3,800",,"2,600",,"3,110",,"2,900","3,200",
Africa,Western Africa,Guinea-Bissau,WPB-ICPR/UN-CTS,,,,,,,,,,,,526,,,596,
Africa,Western Africa,Liberia,WPB-ICPR,,,,,"1,022",,"1,420",,"1,601",,"1,827","1,930","2,104",,"2,211","2,426"
Africa,Western Africa,Mali,WPB-ICPR,,"4,407",,,,,"6,700",,"5,817",,"4,963","5,209",,,,
Africa,Western Africa,Mauritania,WPB-ICPR,"1,185",,815,,,,,"1,700",,"1,602",,"1,768",,"1,920",,
Africa,Western Africa,Niger,WPB-ICPR,,,"7,432","7,381","6,562","6,664","6,869","5,337","7,645","6,899","8,063",,"8,525",,,"9,570"
Africa,Western Africa,Nigeria,UN-CTS/WPB-ICPR,,"38,999","39,006","40,953","39,438","41,130","42,685","47,072","48,658","51,560","55,173","56,620",,"63,142","75,772","71,522"
Africa,Western Africa,Senegal,UN-CTS/WPB-ICPR,,,"25,372","31,319","30,340","31,904","32,608","29,609",,"8,428",,"8,630",,"9,310","9,321","12,500"
Africa,Western Africa,Sierra Leone,WPB-ICPR/UN-CTS,,"1,400","1,740","1,610","1,978","1,886",,"2,237",,"2,762","3,281","3,603","3,488","3,341","4,519","4,519"
Africa,Western Africa,Togo,WPB-ICPR/UN-CTS,"3,200",,,,,,,"4,116",,"4,214",,"4,493","4,422","4,523","4,859","5,109"
Americas,Caribbean,Anguilla,WPB-ICPR,,41,,45,,44,,58,,76,,60,,46,55,55
Americas,Caribbean,Antigua and Barbuda,WPB-ICPR,,191,194,193,,229,,295,,361,371,331,,371,305,305
Americas,Caribbean,Aruba,WPB-ICPR,,,231,,277,,,,246,,240,170,,,,
Americas,Caribbean,Bahamas,UN-CTS/WPB-ICPR,,"2,829","2,897","2,416","1,325","1,321","1,250","1,278","1,360","1,433",,"1,396",,"1,746",,"1,778"
Americas,Caribbean,Barbados,UN-CTS/WPB-ICPR,992,,997,,"1,010","1,046",898,910,"1,060","1,045",908,864,954,913,885,850
Americas,Caribbean,British Virgin Islands,WPB-ICPR,,,105,,,117,,117,,138,,134,,,,
Americas,Caribbean,Cayman Islands,WPB-ICPR,,188,,210,,203,,212,,185,,186,189,218,253,253
Americas,Caribbean,Cuba,WPB-ICPR,"55,000",,,"60,000",,,,,,"57,337",,,,,,
Americas,Caribbean,Cura�ao,WPB-ICPR,,,,578,,,,541,,440,,348,,377,,
Americas,Caribbean,Dominica,UN-CTS/WPB-ICPR,243,290,282,301,254,235,,295,,275,266,187,181,203,190,
Americas,Caribbean,Dominican Republic,UN-CTS/WPB-ICPR,"16,789","13,008","12,657","13,752",,"16,718",,"20,743","21,875","24,044","24,744","25,203","24,602",,"26,286","26,078"
Americas,Caribbean,Grenada,UN-CTS/WPB-ICPR,,182,237,334,367,386,409,438,457,489,480,513,502,457,442,460
Americas,Caribbean,Guadeloupe,WPB-ICPR,695,,743,,790,,,,784,,871,,907,,956,
Americas,Caribbean,Haiti,WPB-ICPR,"3,519",,"3,670","4,663","6,370","8,204",,"5,331",,"8,722","9,936","10,461","11,046","10,538","8,882","8,882"
Americas,Caribbean,Jamaica,UN-CTS/WPB-ICPR,"4,744",,"4,825","4,913","4,709",,"5,163",,"4,457","4,364","4,112","4,034","3,854","3,799","3,857",
Americas,Caribbean,Martinique,WPB-ICPR,643,,631,,763,,920,,885,,918,,940,,870,
Americas,Caribbean,Puerto Rico,UN-CTS/NSO,,"14,380","14,263","13,788",,"12,130","11,258","10,894","11,470","12,244","12,246","12,327","11,364","10,500","9,493","9,100"
Americas,Caribbean,Saint Kitts and Nevis,UN-CTS/WPB-ICPR,195,,,237,232,271,254,282,346,366,330,334,,220,220,
Americas,Caribbean,Saint Lucia,WPB-ICPR,460,,503,,,518,,526,,568,,634,,559,527,
Americas,Caribbean,Saint Vincent and the Grenadines,UN-CTS/WPB-ICPR,,"1,404",364,"1,085","1,071","1,176","1,075","1,039","1,268",460,,412,,460,469,469
Americas,Caribbean,Sint Maarten (Dutch part),WPB-ICPR,,,,,94,,,,,180,,161,,,120,62
Americas,Caribbean,Trinidad and Tobago,UN-CTS/WPB-ICPR,,"3,924","3,771","3,700","3,599","3,863","3,719","3,691","4,287","3,710","3,615","3,379",,,"3,999","3,999"
Americas,Caribbean,United States Virgin Islands,WPB-ICPR,,576,,586,,612,,577,,577,577,,,,,
Americas,Central America,Belize,UN-CTS/WPB-ICPR,"1,074","1,149","1,380","1,338",,"1,365","2,781","2,322","2,288","2,546","2,632","2,606","1,442","1,898","1,297",
Americas,Central America,Costa Rica,UN-CTS,,"9,056","8,818","7,712","7,500","8,225","9,431","10,541","12,154","13,407","13,647","13,854","13,999","13,338","14,224",
Americas,Central America,El Salvador,UN-CTS/WPB-ICPR,,"12,073","12,525","14,771","17,867","19,814","22,101","24,662","25,367","28,383","26,848","28,334","32,645","36,824","39,719","39,642"
Americas,Central America,Guatemala,WPB-ICPR/UN-CTS,"8,307","8,698","8,247","7,477",,"8,158",,"11,148",,"15,013","16,336","18,425","18,996","21,031","24,386","24,303"
Americas,Central America,Honduras,UN-CTS/WPB-ICPR,,"10,931","11,589","11,178",,"11,390",,"11,770","12,006","12,095","13,184","14,882","16,158","17,494","19,335","20,728"
Americas,Central America,Mexico,UN-CTS/WPB-ICPR,"185,606","196,577","208,272","211,308","214,682","219,754","186,614","188,013","213,758","207,278","218,373","228,021","221,439","190,175","201,903","196,322"
Americas,Central America,Nicaragua,UN-CTS/WPB-ICPR,,"6,233","5,536","6,029","6,663","5,925","5,807","6,789",,"9,800",,"10,569",,"14,675",,"20,918"
Americas,Central America,Panama,UN-CTS,,"12,015","12,262","12,189","12,065","10,217","10,878","12,542","13,207","14,481","14,467","15,690","16,824","16,583","16,155","16,561"
Americas,Northern America,Bermuda,UN-CTS/WPB-ICPR,325,364,,305,,,278,,,252,,230,209,,200,173
Americas,Northern America,Canada,UN-CTS,"34,153","33,849","35,032","37,452","38,419","39,050","38,804","39,489","40,229","40,718","37,864","40,663","41,169","40,770","39,578",
Americas,Northern America,Greenland,WPB-ICPR,,111,,115,,132,,171,,170,,131,126,126,139,
Americas,Northern America,United States of America,UN-CTS,"2,153,000","2,155,900","2,200,400","2,256,600","2,296,400","2,310,300","2,297,700","2,279,100","2,252,500","2,231,400","2,231,400","2,225,100","2,172,800","2,165,100","2,153,600",
Americas,South America,Argentina,UN-CTS,,,"55,423","54,000","52,457","54,537","57,403","59,227","60,789","62,263","64,288","69,060","72,693","76,261","85,283",
Americas,South America,Bolivia (Plurinational State of),UN-CTS/WPB-ICPR,"6,768","6,495","7,310","7,358","7,588","7,433","8,087","8,930","11,195","14,272","14,770","14,220","13,672","16,038","17,946","18,195"
Americas,South America,Brazil,UN-CTS/WPB-ICPR,"284,989","336,358","361,402","401,236","422,590","451,219","491,482","513,954","534,605","570,318","606,208","607,731","698,618","726,712","700,489","720,888"
Americas,South America,Chile,UN-CTS,"38,086","38,064","38,849","42,532","48,090","53,541","58,044","60,148","59,261","56,372","53,050","47,683","46,235","47,305","45,910","45,977"
Americas,South America,Colombia,UN-CTS,"62,277","68,020","66,829","60,021","63,603","69,979","75,992","84,444","100,451","113,884","120,032","113,623","120,444","118,532","114,750",
Americas,South America,Ecuador,UN-CTS/WPB-ICPR,"9,866","11,358","11,971","12,635",,"12,067",,"11,800",,"21,305","25,494","24,036","28,379","34,665","37,316","37,497"
Americas,South America,French Guiana,WPB-ICPR,,691,,630,,658,,715,,654,,680,,879,726,
Americas,South America,Guyana,UN-CTS,,"1,280","1,461","1,861","2,171","2,117","2,179","2,160","2,035","2,032","1,998",,"1,998","2,192","2,226","2,144"
Americas,South America,Paraguay,UN-CTS,,,"6,281","6,006","5,827","5,824","6,631","6,197","7,161","8,194","9,233","10,847","12,896","13,345","14,061","14,627"
Americas,South America,Peru,UN-CTS,"28,836","31,311","33,010","35,835","39,684","43,286","44,406","45,464","49,206","61,390","69,353","73,846","79,185","84,191","85,811","90,934"
Americas,South America,Suriname,WPB-ICPR,,,820,,,,915,,"1,010",,"1,050",,,,,
Americas,South America,Uruguay,UN-CTS/WPB-ICPR,"6,523","6,396","6,211","6,887",,"7,665",,"8,700","9,070","9,418","9,448","9,542","9,996","10,561","11,078","10,243"
Americas,South America,Venezuela (Bolivarian Republic of),WPB-ICPR,,"19,951",,"19,257",,"24,069",,"40,825",,"45,224",,"51,256","49,664","54,738","57,096",
Asia,Central Asia,Kazakhstan,UN-CTS,,,"52,203","51,544",,"48,270","50,495","55,140","49,401","45,335","42,052","43,220","42,114","39,179","36,343",
Asia,Central Asia,Kyrgyzstan,UN-CTS/WPB-ICPR,"16,934","16,620","15,758","15,127","14,408","9,607",,"9,923",,"9,828","9,997","9,581","10,147","10,328","10,574","11,163"
Asia,Central Asia,Tajikistan,WPB-ICPR,"10,000",,,"10,804",,"7,350",,"9,317",,,,,,,,
Asia,Central Asia,Turkmenistan,UN-CTS/WPB-ICPR,"15,460","14,015","13,462","10,953",,,,"26,500",,,"30,568",,,,"30,452",
Asia,Central Asia,Uzbekistan,WPB-ICPR,"48,000",,,,"34,000",,"42,000",,,"42,000",,"43,900",,,,
Asia,Eastern Asia,China,WPB-ICPR/UN-CTS,"1,546,130","1,562,742","1,558,511","1,565,711","1,566,839","1,589,222","1,623,394","1,646,593","1,656,773","1,641,931","1,680,000","1,649,804","1,604,394","1,561,086",,
Asia,Eastern Asia,"China, Hong Kong SAR",UN-CTS/WPB-ICPR,"13,012","12,558","11,530","11,640","11,220","10,738","10,118","10,159","9,294","9,468","9,192","8,297","8,460","8,611","8,506","8,237"
Asia,Eastern Asia,"China, Macao SAR",UN-CTS/WPB-ICPR,,867,897,859,,912,930,929,"1,030","1,112","1,154","1,205","1,280","1,271","1,284","1,458"
Asia,Eastern Asia,"China, Taiwan Province of China",WPB-ICPR,,"56,786","60,122","63,226",,"63,203",,"65,311","64,420","66,106","65,288","63,452","63,322","62,398","62,634","62,634"
Asia,Eastern Asia,Japan,UN-CTS,"73,734","76,413","79,055","81,255","79,809","76,881","75,250","72,975","69,876","67,008","62,971","60,486","58,497","55,967","53,233","50,578"
Asia,Eastern Asia,Mongolia,UN-CTS,"7,665","8,098","8,906","6,740","7,920","8,158","6,532","7,421","8,011","8,145","8,068","7,690","5,471","5,692","3,869","4,804"
Asia,Eastern Asia,Republic of Korea,UN-CTS,"57,336","54,796","47,311","45,651","45,647","47,966","48,228","45,681","45,038","46,708","48,824","51,761","54,667","57,675","55,198","54,169"
Asia,South-eastern Asia,Brunei Darussalam,UN-CTS/WPB-ICPR,457,443,492,522,486,453,,379,,485,,594,565,,,
Asia,South-eastern Asia,Cambodia,WPB-ICPR,,"6,778","8,160","10,338","10,337","11,688",,"14,043",,"15,397",,"15,182",,"21,989","31,008","31,008"
Asia,South-eastern Asia,Indonesia,UN-CTS/WPB-ICPR,"84,357","87,185","97,691","116,688",,"137,144",,"117,863",,"156,446","160,061","159,964","173,572","202,621","232,081","256,051"
Asia,South-eastern Asia,Lao People's Democratic Republic,WPB-ICPR,,,,,,,,,,,,,"8,201",,,
Asia,South-eastern Asia,Malaysia,WPB-ICPR,,"43,424","35,644","42,389","50,305","39,440",,"38,387",,"36,608","39,144","47,986","51,109","51,602","55,413",
Asia,South-eastern Asia,Myanmar,WPB-ICPR,,"60,000",,,"65,063",,"60,053",,"66,000",,"60,000",,,"79,668","79,668","92,000"
Asia,South-eastern Asia,Philippines,UN-CTS/WPB-ICPR,,"83,501",,"91,200",,"94,961",,"95,390","100,590","106,623","110,747","124,550","139,469","170,543",,"194,658"
Asia,South-eastern Asia,Singapore,UN-CTS,"17,375","15,623","14,453","12,761","12,410","12,500","13,428","13,604","13,164","12,975","13,334","12,794","12,640","12,454","11,931","11,961"
Asia,South-eastern Asia,Thailand,UN-CTS/WPB-ICPR,,"167,142","162,293","151,586",,"185,082","213,094","210,855","224,492","234,895","279,854","317,980","323,473","325,298","372,979","366,316"
Asia,South-eastern Asia,Timor-Leste,WPB-ICPR,320,,,,,179,223,,260,295,,,581,,659,695
Asia,South-eastern Asia,Viet Nam,WPB-ICPR,,,"88,414",,"92,153",,"107,668",,"113,018","130,180",,"142,636","136,245","130,679","130,002",
Asia,Southern Asia,Afghanistan,WPB-ICPR,,"5,262",,"7,706","10,590","12,500",,"18,283",,"24,613",,"26,519",,,"30,000",
Asia,Southern Asia,Bangladesh,WPB-ICPR/UN-CTS,,"73,154","72,268","66,200",,"86,838",,"69,650",,"68,700","72,104","65,662","71,647","73,177","88,424","83,350"
Asia,Southern Asia,Bhutan,UN-CTS/WPB-ICPR,,,,,,,,,"1,001","1,087","1,084","1,119",,,,
Asia,Southern Asia,India,UN-CTS/WPB-ICPR,"313,635","331,391","358,368","373,271","376,396","384,753","376,969","368,998","372,926","385,135","411,992","418,536","419,623","433,003",,
Asia,Southern Asia,Iran (Islamic Republic of),WPB-ICPR,"157,267",,"134,384",,"148,843",,"168,516",,"250,000",,"226,220","225,624",,,"230,000","240,000"
Asia,Southern Asia,Maldives,WPB-ICPR,,"1,110",,"1,489",,993,,830,,994,,"1,200","1,513","1,880","1,852",
Asia,Southern Asia,Nepal,WPB-ICPR,,"6,393",,"5,580",,"8,401",,"10,739",,"14,936",,"16,813",,"17,966","18,881",
Asia,Southern Asia,Pakistan,WPB-ICPR,,"88,659","89,370","86,500","90,000",,"81,409","75,586","78,100","74,944",,"79,700","80,169","84,315","83,718","83,718"
Asia,Southern Asia,Sri Lanka,UN-CTS/WPB-ICPR,,"20,661","22,114","22,867","26,349","28,582","27,151","26,025","23,213","23,215","27,000","19,774","19,067","17,478","20,598",
Asia,Western Asia,Armenia,UN-CTS,"2,856","2,710","2,873","3,083","3,539","3,965","4,313","5,142","4,532","4,756","3,923","3,880","3,873","3,833","3,536","2,266"
Asia,Western Asia,Azerbaijan,UN-CTS,,"18,504","17,845","18,656","19,559","20,986","20,651","21,971","20,546","20,782","20,669","22,526",,"23,311","23,319","21,861"
Asia,Western Asia,Bahrain,UN-CTS/WPB-ICPR,437,701,513,522,"3,567","3,103",,"1,100",,"2,307","4,028",,"3,795",,"3,485",
Asia,Western Asia,Cyprus,UN-CTS,359,454,502,578,547,652,578,636,622,678,553,532,547,586,592,619
Asia,Western Asia,Georgia,UN-CTS/WPB-ICPR,"6,119","7,867","9,144","15,464","18,309","18,659","21,239","23,684","24,114","19,349","9,093","10,372","9,716","9,334","9,990","9,575"
Asia,Western Asia,Iraq (Central Iraq),UN-CTS,,,,,,"16,767","20,104","24,965","26,369","31,187","30,499",,,,,
Asia,Western Asia,Iraq (Kurdistan Region),UN-CTS,,,,,,,"1,804","1,853","2,296","1,697","2,599",,,,,
Asia,Western Asia,Israel,UN-CTS/WPB-ICPR,"12,228","13,909","16,055","20,617","21,949","21,905",,"20,191","18,967","20,291","18,610","20,781",,"20,368","19,325","19,376"
Asia,Western Asia,Jordan,UN-CTS/WPB-ICPR,,,"6,378","6,166","6,633","7,077","7,206","8,434","6,262","7,714","8,000","10,089","11,489",,"15,700",
Asia,Western Asia,Kuwait,WPB-ICPR,"3,700",,"3,500",,,,"4,045","4,179","4,100",,"2,900","3,200","4,000","5,400","6,000",
Asia,Western Asia,Lebanon,UN-CTS/WPB-ICPR,"6,382","5,990","6,921","6,101","5,870","4,686","4,901","5,060","5,169","5,060","5,393","6,365","6,325","6,217","6,458","6,330"
Asia,Western Asia,Oman,WPB-ICPR,,,,,,,,,,,,,,,,
Asia,Western Asia,Qatar,UN-CTS/WPB-ICPR,569,564,522,805,449,551,,,"1,150",,"1,150","1,150",,,,
Asia,Western Asia,Saudi Arabia,UN-CTS/WPB-ICPR,,,,,,,"44,600",,"49,000",,"47,000",,,,"68,056",
Asia,Western Asia,State of Palestine,UN-CTS,,,,,,,,,,,,,,"1,077","1,110","1,078"
Asia,Western Asia,Syrian Arab Republic,UN-CTS,"11,829","10,599",,,,,,,,,,,,,,
Asia,Western Asia,Turkey,UN-CTS/NSO,"63,796","58,016","55,966","70,524","90,732","103,435","115,920","120,194","128,253","136,638","144,098","158,690","178,257","200,727","233,415","264,842"
Asia,Western Asia,United Arab Emirates,UN-CTS,,,"9,936","11,193",,,,,"9,824","9,824","9,959","9,826",,,,
Asia,Western Asia,Yemen,UN-CTS/WPB-ICPR,"16,252","7,319","5,994","5,189","5,947","6,574","6,894","12,409","10,390",,"14,000","14,000",,,,
Europe,Eastern Europe,Belarus,UN-CTS/NSO,"48,434","42,253","40,878","44,812","45,695","43,349","40,186","39,627","36,652","28,841","28,471","29,776","33,329","35,169","34,356","32,556"
Europe,Eastern Europe,Bulgaria,UN-CTS,"10,066","10,871","11,436","11,058","10,271","9,408","9,006","9,379","9,885","9,493","8,834","7,870","7,408","7,345","6,988","6,651"
Europe,Eastern Europe,Czechia,UN-CTS,"17,277","18,343","18,937","18,578","18,901","20,502","21,734","21,900","23,170","22,644","16,645","18,658","20,866","22,481","22,159","21,577"
Europe,Eastern Europe,Hungary,UN-CTS,"16,860","16,546","15,755","14,822","14,353","14,743","15,432","16,328","17,210","17,179","17,841","17,890","17,449","17,658","17,343","16,947"
Europe,Eastern Europe,Poland,UN-CTS,"79,281","80,368","84,875","90,529","89,648","84,978","85,749","82,372","82,832","85,459","80,165","79,345","72,695","72,209","74,480","72,818"
Europe,Eastern Europe,Republic of Moldova,UN-CTS,,"9,377","8,876","9,042","7,895","6,830","6,535","6,324","6,480","6,583","6,853","7,317","8,054","7,872","7,635","6,990"
Europe,Eastern Europe,Romania,UN-CTS,"42,815","39,031","36,700","34,038","29,390","26,212","26,716","28,244","30,694","31,817","33,434","30,156","28,334","27,455","23,450","20,792"
Europe,Eastern Europe,Russian Federation,UN-CTS,,"763,115","823,444","871,693","883,170","883,723","863,990","819,280","755,648","701,909","677,287","671,649","646,085","630,155","602,176","563,166"
Europe,Eastern Europe,Slovakia,UN-CTS,"8,873","9,422","8,897","8,249","7,986","8,166","9,316","10,031","10,525","10,850","9,753","10,020","9,913","9,995","10,028","10,294"
Europe,Eastern Europe,Ukraine,UN-CTS,"191,241","192,047","170,923","160,725","149,690","145,946","147,716","154,027","154,029",,"147,112",,,"60,771","57,100",
Europe,Northern Europe,Denmark,UN-CTS,"3,641","3,767","4,041","3,932","3,624","3,451","3,721","3,944","3,947","3,829","4,091","3,583","3,203","3,408","3,418","3,635"
Europe,Northern Europe,Estonia,UN-CTS,"4,576","4,565","4,410","4,310","3,456","3,656","3,555","3,393","3,400","3,286","3,112","3,034","2,823","2,864","2,723","2,584"
Europe,Northern Europe,Faeroe Islands,UN-CTS/WPB-ICPR,13,,10,12,,12,9,8,8,8,10,11,10,8,6,
Europe,Northern Europe,Finland,UN-CTS,"3,641","3,704","3,867","3,851","3,625","3,530","3,589","3,364","3,268","3,306","3,295","3,148","3,135","3,156","3,082","2,956"
Europe,Northern Europe,Guernsey,WPB-ICPR,,93,,117,,87,,75,,117,,97,83,92,110,100
Europe,Northern Europe,Iceland,UN-CTS,109,115,119,119,115,140,148,167,150,153,,142,139,116,137,136
Europe,Northern Europe,Ireland,UN-CTS,"3,234","3,162","3,022","3,080","3,253","3,484","3,868","4,318","4,216","4,287","4,088","3,777","3,722","3,718","3,680","3,962"
Europe,Northern Europe,Isle of Man,WPB-ICPR,,51,,76,,107,,97,,81,,91,,76,106,106
Europe,Northern Europe,Jersey,WPB-ICPR,,170,,174,,181,,177,,157,,140,,140,128,128
Europe,Northern Europe,Latvia,UN-CTS,"8,305","8,231","7,646","6,965","6,548","6,548","7,055","6,780","6,561","6,117","5,136","4,745","4,409","4,243","3,765","3,522"
Europe,Northern Europe,Lithuania,UN-CTS,"8,063","8,125","8,137","8,079","7,866","8,000","8,655","9,139","9,920","9,729","9,261","8,636","7,355","6,815","6,599","6,485"
Europe,Northern Europe,Norway,UN-CTS,"2,822","2,899","3,170","3,387","3,446","3,477","3,340","3,564","3,866","4,052","3,869","4,103","4,056","4,192",,
Europe,Northern Europe,Sweden,UN-CTS,"6,755","7,332","7,377","7,397","6,977","7,073","7,286","6,846","6,669","6,296","5,723","5,807","5,691","5,658","5,713","6,114"
Europe,Northern Europe,United Kingdom (England and Wales),UN-CTS,"73,657","74,488","75,121","76,560","78,445","81,674","81,836","84,004","84,428","84,886","81,884","83,678","84,444","83,604","84,441","81,904"
Europe,Northern Europe,United Kingdom (Northern Ireland),UN-CTS,,,"1,330","1,512","1,504","1,543","1,525","1,465","1,673","1,682","1,796","1,709","1,447","1,407","1,411","1,407"
Europe,Northern Europe,United Kingdom (Scotland),UN-CTS,"6,606","6,776","6,856","7,187","7,376","7,827","7,964","7,854","8,179","8,057","7,894","7,731","7,744","7,579","7,436","7,788"
Europe,Southern Europe,Albania,UN-CTS,"2,561","2,321","2,592","2,857","2,790","4,916","4,667","4,657","4,659","4,618","4,998","5,689","5,981","6,031","5,674","5,316"
Europe,Southern Europe,Andorra,UN-CTS/WPB-ICPR,61,61,,30,71,73,55,44,49,36,43,53,41,46,43,49
Europe,Southern Europe,Bosnia and Herzegovina,UN-CTS/WPB-ICPR,,"2,405",,"2,493",,"2,660",,"2,743","2,757","2,928","2,898","2,825","2,730","2,832","2,820",
Europe,Southern Europe,Croatia,UN-CTS,"2,805","3,029","3,485","3,833","4,290","4,734","4,891","5,165","5,084","4,741","4,352","3,763","3,341","3,108","3,190","3,217"
Europe,Southern Europe,Gibraltar,WPB-ICPR,,19,,30,,37,,53,,63,,46,,56,,
Europe,Southern Europe,Greece,UN-CTS/WPB-ICPR,"8,726","8,722","9,964","10,370","11,645","11,736","11,364","12,349","12,479","12,475","12,693","11,798","9,611","9,560","10,011","10,654"
Europe,Southern Europe,Holy See,UN-CTS,,,,,,,0,0,0,1,0,0,1,,,
Europe,Southern Europe,Italy,UN-CTS,"54,993","56,903","60,415","39,794","49,697","59,284","65,598","69,263","68,325","67,102","63,848","54,745","53,410","55,978","59,038","61,131"
Europe,Southern Europe,Kosovo under UNSCR 1244,UN-CTS/WPB-ICPR,"1,182","1,189","1,199","1,252",,,"1,325","1,333","1,441","1,737","1,776","1,854","1,478","1,648","1,609","1,567"
Europe,Southern Europe,Malta,UN-CTS/NSO,278,298,294,375,528,662,494,584,584,585,615,581,569,553,591,619
Europe,Southern Europe,Montenegro,UN-CTS,741,799,894,851,957,"1,216","1,499","1,457","1,328","1,331","1,064","1,123","1,131","1,123","1,119","1,125"
Europe,Southern Europe,North Macedonia,UN-CTS,"1,608","1,782","2,132","2,038",,"2,235",,"2,516","2,515","2,543",,"3,116","3,427","3,231","3,031","2,256"
Europe,Southern Europe,Portugal,UN-CTS,"13,835","13,152","12,889","12,636","11,587","10,807","11,287","11,839","12,955","13,875","14,535","14,198","14,373","13,917","13,587","13,021"
Europe,Southern Europe,San Marino,WPB-ICPR,,,,,,,,,,,,,2,,3,6
Europe,Southern Europe,Serbia,UN-CTS/WPB-ICPR,"7,487","7,654","8,078","7,893","9,043","9,701","10,975","11,211","11,070","10,226","10,031","10,288","10,064","10,672","10,807","10,871"
Europe,Southern Europe,Slovenia,UN-CTS,"1,070","1,085","1,132","1,301","1,336","1,318","1,365","1,351","1,273","1,377","1,360","1,522","1,399","1,308","1,316","1,396"
Europe,Southern Europe,Spain,UN-CTS,"56,096","59,375","61,054","64,021","67,100","73,558","76,079","73,929","70,472","68,597","66,765","65,017","61,614","59,589","58,814","58,883"
Europe,Western Europe,Austria,UN-CTS,,,"8,956","9,005","9,012","8,248","8,708","8,813","8,954","8,805","8,862","8,692",,"8,619","8,852","9,163"
Europe,Western Europe,Belgium,WPB-ICPR/UN-CTS,,"9,245","9,375","9,635",,"9,858",,"10,561",,"11,212","12,126","11,769","10,994","11,071","10,073","10,073"
Europe,Western Europe,France,UN-CTS/WPB-ICPR,"55,382","55,355","55,302","58,402","61,076","62,252","60,978","60,544","64,787","66,572","67,075","66,270","66,678","68,432","68,974",
Europe,Western Europe,Germany,UN-CTS,"80,829","80,933","80,201","78,063","75,153","73,793","72,295","70,827","69,543","68,533","66,221","63,228","63,020","64,291","65,841","65,762"
Europe,Western Europe,Liechtenstein,UN-CTS,,,130,98,26,78,149,76,71,60,68,53,53,72,73,63
Europe,Western Europe,Luxembourg,UN-CTS/WPB-ICPR,,602,693,735,741,762,702,681,637,666,656,626,691,724,684,650
Europe,Western Europe,Monaco,UN-CTS/WPB-ICPR,28,34,31,37,36,34,23,12,32,33,29,23,34,31,29,
Europe,Western Europe,Netherlands,UN-CTS,"16,184","18,766","17,560","16,091","15,151","14,610","14,364","14,368","13,969","13,473","12,721","11,934","10,850","10,601","10,874","11,251"
Europe,Western Europe,Switzerland,UN-CTS,"4,842","5,509","5,723","5,567","5,278","5,303","5,605","5,765","5,626","6,102","6,634","6,519","6,498","6,507","6,564","6,602"
Oceania,Australia and New Zealand,Australia,UN-CTS,"23,555","24,171",,,"27,224","27,615","29,317","29,700","29,106","29,381","30,773","33,789","36,134","38,845","41,202","42,974"
Oceania,Australia and New Zealand,New Zealand,UN-CTS,,,"7,430","7,588","7,534","7,860","8,546","8,435","8,467","8,223","8,641","8,641","9,121","9,938","10,394","9,782"
Oceania,Melanesia,Fiji,WPB-ICPR,,"1,083","1,113","1,121",,919,,"1,097",,"1,397",,"1,540","1,555","1,826",,
Oceania,Melanesia,New Caledonia,WPB-ICPR,315,,251,,326,,,,438,,402,,448,,549,
Oceania,Melanesia,Papua New Guinea,WPB-ICPR,,,"4,056",,,"4,574",,"4,268",,"3,467",,"4,580","4,864","4,945",,"5,087"
Oceania,Melanesia,Solomon Islands,WPB-ICPR,,275,295,283,211,173,,268,,291,321,282,271,435,477,
Oceania,Melanesia,Vanuatu,WPB-ICPR,93,,138,,123,,170,187,,194,,151,230,192,,
Oceania,Micronesia,Guam,WPB-ICPR,,393,,495,,559,,559,,585,,754,756,752,667,
Oceania,Micronesia,Kiribati,WPB-ICPR,,81,74,84,88,84,,90,,106,,120,146,129,,
Oceania,Micronesia,Marshall Islands,WPB-ICPR,20,,,47,,,50,,41,,36,35,,,,
Oceania,Micronesia,Micronesia (Federated States of),WPB-ICPR,,86,,103,,,76,,95,,107,132,,,,
Oceania,Micronesia,Nauru,WPB-ICPR,,,3,,,,37,,,26,,14,,,,
Oceania,Micronesia,Northern Mariana Islands,WPB-ICPR,,150,,126,,124,,,162,,,175,,,270,
Oceania,Micronesia,Palau,WPB-ICPR,103,,97,,111,,132,,92,,103,72,72,,87,76
Oceania,Polynesia,American Samoa,WPB-ICPR,,258,,210,,132,,188,,192,,201,,182,193,
Oceania,Polynesia,Cook Islands,WPB-ICPR,,,27,,26,,,40,,34,,37,37,48,,
Oceania,Polynesia,French Polynesia,WPB-ICPR,291,,314,,404,,,,,426,,429,,397,569,569
Oceania,Polynesia,Samoa,WPB-ICPR,,234,,183,,,300,,427,,,481,501,,400,
Oceania,Polynesia,Tonga,WPB-ICPR,,116,128,102,,106,,159,,158,,176,,,,
Oceania,Polynesia,Tuvalu,WPB-ICPR,,,7,,3,,,8,,12,,11,,,,
